reconstruction_error,prediction
9.856562e+16,1
9.856562e+16,1
9.856562e+16,1
4.6257047e+33,1
3.557432e+06,1
6.0053535e+06,1
9.856562e+16,1
9.856562e+16,1
9.856562e+16,1
9.856562e+16,1
9.856562e+16,1
6.87656e+33,1
6.876643e+33,1
6.8766424e+33,1
5.449646e+33,1
4.0217042e+33,1
2.5337132e+33,1
9.856562e+16,1
2.150026e+33,1
2.150026e+33,1
2.150026e+33,1
1.340821e+33,1
1.1340267e+33,1
1.1340263e+33,1
1.1340262e+33,1
7.776937e+32,1
2.182647e+33,1
6.245595e+32,1
6.245595e+32,1
6.245595e+32,1
4.560098e+32,1
3.443566e+32,1
3.443566e+32,1
3.443566e+32,1
2.1707824e+32,1
2.1707824e+32,1
2.1707824e+32,1
1.4695653e+32,1
1.4695653e+32,1
1.4695653e+32,1
1.0713914e+32,1
2.6326956e+32,1
9.856564e+16,1
7.8148176e+31,1
1.014261e+32,1
1.014261e+32,1
5.9328354e+31,1
7.5047035e+31,1
7.5047035e+31,1
4.65934e+31,1
5.733426e+31,1
5.733426e+31,1
3.7420522e+31,1
4.495313e+31,1
4.495313e+31,1
1.60834785e+32,1
2.9962523e+31,1
3.5284263e+31,1
3.5173566e+31,1
2.4426085e+31,1
1.014261e+32,1
6.887827e+31,1
5.0094003e+31,1
2.731534e+33,1
3.7079044e+31,1
1.741659e+33,1
2.8450785e+31,1
1.11726804e+33,1
2.2617394e+31,1
7.67013e+32,1
5.5551522e+32,1
4.193062e+32,1
1.8721391e+31,1
2.5639044e+31,1
2.5639044e+31,1
1.476035e+31,1
1.9537044e+31,1
1.9537044e+31,1
1.7374698e+31,1
1.1968783e+31,1
1.5339131e+31,1
1.5339131e+31,1
1.3774261e+31,1
1.1144695e+31,1
3.042723e+32,1
2.282415e+32,1
9.3551304e+30,1
1.1584782e+31,1
1.1584782e+31,1
9.1283486e+30,1
7.465131e+30,1
9.0720876e+30,1
7.313043e+30,1
8.683131e+30,1
1.8282608e+32,1
5.7433914e+30,1
6.817391e+30,1
5.6543486e+30,1
6.4807823e+30,1
4.4413913e+30,1
4.3242612e+30,1
5.1346954e+30,1
3.5131306e+30,1
4.8431303e+30,1
2.7551305e+30,1
3.3405217e+30,1
3.8347828e+30,1
3.6187822e+30,1
2.0891305e+30,1
2.786174e+30,1
2.4542609e+30,1
2.6025217e+30,1
1.5151304e+30,1
1.9305216e+30,1
1.7533914e+30,1
2.4150348e+31,1
1.8031305e+30,1
1.1103478e+30,1
1.3586956e+30,1
1.2521739e+30,1
8.433998e+29,1
1.01426096e+30,1
9.405218e+29,1
6.596514e+29,1
7.712245e+29,1
7.222107e+29,1
1.2521739e+30,1
4.9893955e+29,1
5.7116992e+29,1
5.3971836e+29,1
8.497972e+29,1
3.6297e+29,1
4.070978e+29,1
3.880488e+29,1
5.5596254e+29,1
3.8347828e+30,1
2.5434248e+29,1
2.7985548e+29,1
2.6893286e+29,1
3.541499e+29,1
1.7213453e+29,1
1.8615429e+29,1
1.8019666e+29,1
2.2057069e+29,1
1.2084296e+29,1
1.1638738e+29,1
1.2409975e+29,1
8.651505e+28,1
1.3961224e+29,1
8.1782755e+28,1
8.628973e+28,1
6.35962e+28,1
9.347488e+28,1
6.434385e+29,1
5.548985e+28,1
5.799082e+28,1
4.5005834e+28,1
6.0736603e+28,1
3.648218e+28,1
3.7807035e+28,1
3.073424e+28,1
3.8481247e+28,1
2.4415093e+28,1
2.513694e+28,1
2.1197296e+28,1
1.7477158e+28,1
1.7912793e+28,1
1.5497608e+28,1
1.3077051e+28,1
1.1780692e+28,1
1.3358362e+28,1
9.2476214e+27,1
1.0133783e+28,1
1.0325049e+28,1
7.44704e+27,1
2.4977227e+28,1
7.5951284e+27,1
7.719125e+27,1
5.80178e+27,1
1.5840548e+28,1
1.1161138e+29,1
5.583918e+27,1
4.422907e+27,1
5.6618837e+27,1
3.4807852e+27,1
1.0102829e+28,1
4.205175e+27,1
4.2560623e+27,1
2.773522e+27,1
6.839511e+27,1
3.046185e+27,1
3.077495e+27,1
2.1263758e+27,1
4.489213e+27,1
2.2340803e+27,1
1.6358638e+27,1
2.2537017e+27,1
1.2963895e+27,1
3.0458355e+27,1
1.6352829e+27,1
1.6475614e+27,1
1.01776826e+27,1
2.0906052e+27,1
1.95394e+28,1
1.18246264e+27,1
7.847388e+26,1
1.1900038e+27,1
6.230753e+26,1
1.430343e+27,1
8.749204e+26,1
8.797152e+26,1
4.9850157e+26,1
1.01345335e+27,1
6.230519e+26,1
6.259276e+26,1
3.8381067e+26,1
6.932208e+26,1
4.2795826e+26,1
4.2959183e+26,1
2.8417984e+26,1
4.590405e+26,1
3.452159e+27,1
2.9655111e+26,1
2.9749291e+26,1
2.0973063e+26,1
2.175374e+26,1
2.181292e+26,1
1.6112111e+26,1
1.6548722e+26,1
1.658809e+26,1
1.2705645e+26,1
3.0882203e+26,1
1.2384379e+26,1
9.833954e+25,1
1.2409712e+26,1
7.830372e+25,1
2.0621268e+26,1
9.475163e+25,1
9.4920535e+25,1
6.3107713e+25,1
6.971429e+25,1
4.8959877e+25,1
6.982161e+25,1
5.3240485e+25,1
3.8965828e+25,1
5.3311824e+25,1
3.1720502e+25,1
1.3052962e+26,1
6.1035723e+26,1
3.9263263e+25,1
3.9308384e+25,1
2.4976297e+25,1
8.087223e+25,1
2.8211244e+25,1
1.9106086e+25,1
2.8238596e+25,1
1.507904e+25,1
5.004768e+25,1
2.1022528e+25,1
2.1040146e+25,1
1.2111022e+25,1
3.3537022e+25,1
1.507303e+25,1
1.5083748e+25,1
9.362262e+24,1
2.1809272e+25,1
1.0994658e+25,1
7.271846e+24,1
1.1001152e+25,1
5.808113e+24,1
1.474645e+25,1
1.0775389e+26,1
7.988292e+24,1
7.9922986e+24,1
4.582058e+24,1
1.0061578e+25,1
5.827591e+24,1
3.5925406e+24,1
5.830113e+24,1
2.8908345e+24,1
6.969184e+24,1
4.2803162e+24,1
4.2818983e+24,1
2.3148857e+24,1
4.9082376e+24,1
3.1367187e+24,1
3.13771e+24,1
1.8334089e+24,1
2.3969823e+24,1
2.3976464e+24,1
1.4878899e+24,1
1.8821637e+24,1
1.8826244e+24,1
1.2268837e+24,1
3.470057e+24,1
1.4292628e+24,1
1.429575e+24,1
9.7958905e+23,1
2.3685108e+24,1
1.1030884e+24,1
7.886783e+23,1
1.1032844e+24,1
6.482437e+23,1
1.6805704e+24,1
1.903458e+25,1
8.348426e+23,1
5.2179347e+23,1
1.17928406e+24,1
6.07708e+23,1
7.689758e+23,1
4.043086e+23,1
7.9914394e+23,1
4.2608693e+23,1
5.1790333e+23,1
3.012721e+23,1
5.248385e+23,1
3.373565e+24,1
2.8851688e+23,1
3.3829268e+23,1
2.1600483e+23,1
3.3542533e+23,1
1.893552e+23,1
2.1520208e+23,1
1.4930796e+23,1
2.0937872e+23,1
1.2094347e+23,1
1.3387663e+23,1
9.980459e+22,1
1.2830143e+23,1
7.915663e+22,1
8.590283e+22,1
6.766793e+22,1
5.5803972e+22,1
5.975743e+22,1
4.888013e+22,1
5.9554964e+23,1
4.1202848e+22,1
4.369288e+22,1
3.675055e+22,1
8.137526e+22,1
2.947393e+22,1
3.0969444e+22,1
2.674469e+22,1
2.0329584e+22,1
2.1180735e+22,1
1.8747254e+22,1
4.4248596e+22,1
1.410883e+22,1
1.318476e+22,1
1.4598146e+22,1
1.0340026e+22,1
9.756061e+21,1
1.0645877e+22,1
7.4980014e+21,1
2.5752745e+22,1
7.6849655e+21,1
7.880358e+21,1
5.80809e+21,1
1.0524912e+23,1
5.49609e+21,1
5.6139075e+21,1
4.3264942e+21,1
1.411326e+22,1
3.8585958e+21,1
3.1516432e+21,1
3.9277055e+21,1
2.3963192e+21,1
8.027693e+21,1
2.8135026e+21,1
2.85645e+21,1
1.8607299e+21,1
1.9757432e+21,1
2.0009746e+21,1
1.3894824e+21,1
4.4511442e+21,1
1.8596896e+22,1
1.3397698e+21,1
1.3538348e+21,1
9.982933e+20,1
2.4866152e+21,1
9.51421e+20,1
7.404513e+20,1
9.598211e+20,1
5.7068883e+20,1
1.5482483e+21,1
6.891904e+20,1
6.943604e+20,1
4.4261937e+20,1
5.2212697e+20,1
5.2553327e+20,1
3.5328033e+20,1
4.072046e+20,1
4.095526e+20,1
2.8731669e+20,1
3.071201e+20,1
2.2611736e+20,1
3.0865494e+20,1
9.0201436e+20,1
3.2787708e+21,1
2.228119e+20,1
2.2376221e+20,1
1.7117334e+20,1
5.2303504e+20,1
1.5572691e+20,1
1.5628133e+20,1
1.2463373e+20,1
3.0218847e+20,1
1.087571e+20,1
9.013638e+19,1
1.0908021e+20,1
6.8168397e+19,1
1.8218614e+20,1
7.792723e+19,1
7.812252e+19,1
5.2124464e+19,1
1.1725293e+20,1
5.8004745e+20,1
5.3834345e+19,1
5.394651e+19,1
3.833047e+19,1
7.3659033e+19,1
2.8986986e+19,1
3.8815347e+19,1
3.888404e+19,1
2.2674804e+19,1
4.9608957e+19,1
2.7422832e+19,1
2.7463645e+19,1
1.7295306e+19,1
3.304553e+19,1
1.8775157e+19,1
1.2729308e+19,1
1.8797798e+19,1
9.752218e+18,1
1.3608186e+19,1
1.362217e+19,1
7.6939893e+18,1
2.147708e+19,1
9.860584e+18,1
9.869216e+18,1
6.0105666e+18,1
7.4720996e+18,1
7.4778e+18,1
4.8247565e+18,1
5.828499e+18,1
5.832405e+18,1
3.9423113e+18,1
1.4176636e+19,1
1.0256561e+20,1
4.3969168e+18,1
4.39948e+18,1
3.1178692e+18,1
9.103983e+18,1
3.190532e+18,1
3.1921195e+18,1
2.3721262e+18,1
5.70871e+18,1
2.2302954e+18,1
2.2312256e+18,1
1.7356973e+18,1
3.50946e+18,1
1.8145897e+19,1
1.5060605e+18,1
1.5065786e+18,1
1.2229013e+18,1
2.1228774e+18,1
9.86069e+17,1
9.86343e+17,1
8.3177745e+17,1
1.2668587e+18,1
6.285391e+17,1
6.2867945e+17,1
5.4806913e+17,1
7.4893235e+17,1
3.1987974e+18,1
4.6959396e+17,1
3.2080643e+17,1
2.3085497e+17,1
3.9166662e+17,1
3.9173397e+17,1
3.5124885e+17,1
2.5159432e+17,1
2.5162933e+17,1
2.3045613e+17,1
1.7514976e+17,1
1.7517002e+17,1
1.6274059e+17,1
1.2813406e+17,1
1.2814687e+17,1
1.2030879e+17,1
1.6039475e+17,1
9.087107e+16,1
9.087881e+16,1
8.616341e+16,1
1.0766697e+17,1
6.2178877e+16,1
6.218333e+16,1
5.9496296e+16,1
5.6457053e+17,1
7.0157526e+16,1
4.1188526e+16,1
4.119098e+16,1
3.9733494e+16,1
4.4511448e+16,1
2.6519093e+16,1
2.6520394e+16,1
2.5763413e+16,1
2.7647244e+16,1
1.6665204e+16,1
1.6665851e+16,1
1.6286993e+16,1
1.6804911e+16,1
1.1277996e+16,1
8.088895e+15,1
1.0013856e+17,1
1.0262929e+16,1
1.0263256e+16,1
1.0079511e+16,1
5.60847e+15,1
6.2171246e+15,1
6.2172884e+15,1
6.1304065e+15,1
3.761252e+15,1
3.9116297e+15,1
3.911717e+15,1
3.8682712e+15,1
2.6858962e+15,1
2.6859488e+15,1
2.661161e+15,1
1.9454228e+15,1
1.9301643e+15,1
1.9454575e+15,1
2.555348e+15,1
1.7698298e+16,1
1.3669509e+15,1
1.3669709e+15,1
1.3579567e+15,1
1.6828407e+15,1
9.223654e+14,1
9.274055e+14,1
1.0780548e+15,1
8.3014866e+14,1
6.097451e+14,1
6.070561e+14,1
6.746123e+14,1
3.1364452e+15,1
4.9725782e+14,1
3.900402e+14,1
3.8866427e+14,1
4.140058e+14,1
2.4374325e+14,1
2.9459432e+14,1
2.4305797e+14,1
2.5009459e+14,1
1.7307921e+14,1
1.4944553e+14,1
1.491167e+14,1
1.4918175e+14,1
5.548655e+14,1
1.0101604e+14,1
9.005726e+13,1
9.021134e+13,1
8.805729e+13,1
6.1887564e+13,1
5.661291e+13,1
5.653615e+13,1
4.176602e+13,1
3.8807504e+13,1
3.8763997e+13,1
2.9879836e+13,1
2.8074672e+13,1
2.8047936e+13,1
5.44081e+13,1
2.0757713e+13,1
1.9704417e+13,1
1.9688724e+13,1
3.304739e+13,1
1.3938927e+13,1
1.3355304e+13,1
1.3346567e+13,1
1.9798965e+13,1
9.82397e+13,1
9.081589e+12,1
8.772788e+12,1
8.7681516e+12,1
1.1733151e+13,1
5.7644375e+12,1
5.6074096e+12,1
5.605051e+12,1
6.893842e+12,1
3.579535e+12,1
3.5023636e+12,1
3.5012057e+12,1
4.0236417e+12,1
1.7387073e+13,1
2.1830908e+12,1
2.1461985e+12,1
2.1456475e+12,1
2.3350034e+12,1
1.3121786e+12,1
1.294939e+12,1
1.2946833e+12,1
1.3507047e+12,1
8.209659e+11,1
8.1228576e+11,1
8.124111e+11,1
5.616587e+11,1
5.5674103e+11,1
5.568113e+11,1
4.0574773e+11,1
4.0276856e+11,1
4.0272586e+11,1
8.2206294e+11,1
2.9999602e+11,1
2.9807313e+11,1
2.9809898e+11,1
2.2932505e+11,1
5.3152317e+11,1
9.856607e+16,1
2.2019947e+11,1
2.1900568e+11,1
1.7453418e+11,1
3.0645997e+12,1
3.5057448e+11,1
1.639453e+11,1
1.63178e+11,1
1.3394607e+11,1
2.3920742e+11,1
1.21094e+11,1
1.2060678e+11,1
1.0166475e+11,1
1.6401469e+11,1
8.609149e+10,1
8.579934e+10,1
7.421549e+10,1
1.0888218e+11,1
5.90425e+10,1
5.8876547e+10,1
5.217351e+10,1
5.3985142e+11,1
7.023183e+10,1
3.5413893e+10,1
3.919007e+10,1
3.9100314e+10,1
4.4202205e+10,1
2.5230268e+10,1
2.5276746e+10,1
2.3292494e+10,1
2.7255208e+10,1
1.5907666e+10,1
1.5884444e+10,1
1.4904814e+10,1
1.6527929e+10,1
9.531489e+10,1
1.0294821e+10,1
1.0282578e+10,1
9.767467e+09,1
7.204407e+09,1
6.8935875e+09,1
5.290651e+09,1
7.147029e+09,1
5.0938465e+09,1
1.0403779e+10,1
3.6465505e+09,1
4.837207e+09,1
3.765177e+09,1
6.418388e+09,1
3.1735373e+09,1
2.5848284e+09,1
2.5171128e+09,1
3.89374e+09,1
1.6884084e+10,1
2.0262638e+09,1
1.6804024e+09,1
2.3304868e+09,1
1.5324832e+09,1
1.2645408e+09,1
1.0893279e+09,1
1.3800069e+09,1
8.9908166e+08,1
7.743539e+08,1
6.885028e+08,1
8.103493e+08,1
2.9937446e+09,1
5.2414186e+08,1
4.2601974e+08,1
4.7274406e+08,1
3.0408195e+08,1
4.0766726e+08,1
2.5907758e+08,1
2.7440842e+08,1
2.3278013e+08,1
1.6353214e+08,1
1.5085662e+08,1
1.8565141e+08,1
1.1282224e+08,1
1.2436e+08,1
1.0485735e+08,1
8.1958e+07,1
1.6751549e+08,1
8.131992e+07,1
5.769244e+07,1
7.0843496e+07,1
1.0076607e+08,1
5.2867597e+08,1
3.922262e+07,1
5.1790584e+07,1
4.641673e+07,1
5.9907212e+07,1
3.2251248e+07,1
2.960539e+07,1
2.5833992e+07,1
3.5288356e+07,1
1.9715134e+07,1
1.6552035e+07,1
1.8458816e+07,1
2.063767e+07,1
9.365683e+07,1
1.1872268e+07,1
1.129521e+07,1
1.0359151e+07,1
1.2001919e+07,1
7.064911e+06,1
6.807913e+06,1
6.358957e+06,1
6.950604e+06,1
4.1653018e+06,1
4.0543752e+06,1
3.842765e+06,1
4.0126112e+06,1
1.6522236e+07,1
2.5822332e+06,1
2.5305865e+06,1
2.4220318e+06,1
1.8027358e+06,1
1.7753694e+06,1
1.7094882e+06,1
1.311076e+06,1
1.2939556e+06,1
1.2507746e+06,1
2.4533192e+06,1
917141.3,1
908024.0,1
882006.94,1
1.4721949e+06,1
622068.2,1
617686.4,1
602728.6,1
874409.25,1
409463.47,1
407585.28,1
399310.03,1
2.9153088e+06,1
515296.72,1
262124.95,1
262634.9,1
257606.77,1
302079.3,1
165170.56,1
165018.38,1
162683.98,1
176636.25,1
102355.28,1
102378.63,1
101160.664,1
518740.66,1
103350.516,1
62939.254,1
62993.234,1
62352.61,1
60762.836,1
41624.137,1
41176.43,1
41431.87,1
41263.242,1
42187.793,1
42689.61,1
30857.896,1
30614.717,1
30210.396,1
40489.61,1
22112.75,1
21992.766,1
21770.287,1
94020.984,1
16111.548,1
16120.82,1
16130.443,1
33565.414,1
12007.969,1
11967.8545,1
11874.01,1
19496.139,1
8949.299,1
8895.931,1
8822.345,1
11929.462,1
18888.262,1
6815.7544,1
6754.0083,1
6692.8076,1
7823.598,1
5400.4272,1
5312.5156,1
5267.571,1
5583.3325,1
4466.832,1
4394.9526,1
4344.7603,1
4315.945,1
4071.2458,1
3866.7476,1
3782.211,1
11332.878,1
12454.481,1
12677.437,1
7476.0005,1
7172.41,1
6980.4966,1
5147.64,1
5635.0337,1
5308.751,1
5140.4883,1
5055.9473,1
3649.5383,1
4511.1655,1
4432.336,1
4385.906,1
3282.5483,1
4101.9595,1
4025.0857,1
3981.5393,1
3055.8547,1
3292.543,1
2311.7717,1
7168.2466,1
6432.4526,1
5636.9746,1
3224.4397,1
3016.553,1
2958.8357,1
4.316817e+07,1
3.2679158e+06,1
1.8568175e+06,1
4.8747165e+06,1
922977.7,1
707784.8,1
1.3388829e+06,1
173374.22,1
150863.4,1
139576.33,1
2879.171,1
725726.9,1
105988.45,1
95457.94,1
88909.9,1
545005.06,1
76647.414,1
71172.17,1
437563.25,1
68036.25,1
63640.4,1
309587.2,1
50154.008,1
46699.26,1
42689.45,1
229500.19,1
36718.695,1
34037.496,1
31204.527,1
2813.027,1
29478.69,1
162803.81,1
24982.64,1
22957.496,1
1.3229312e+06,1
19815.762,1
9.856633e+16,1
17894.984,1
111891.516,1
16890.236,1
15776.613,1
1.0047892e+06,1
13210.313,1
12596.511,1
4.1659316e+07,1
1.1525186e+07,1
6.733765e+06,1
1.4462673e+07,1
1.695549e+06,1
362936.88,1
279865.72,1
2.0509119e+06,1
2792.355,1
182908.56,1
169082.66,1
131867.31,1
659616.7,1
111778.31,1
114529.15,1
89776.27,1
430073.97,1
75524.82,1
82340.75,1
65679.99,1
324862.06,1
265532.84,1
59887.973,1
65075.496,1
53353.316,1
43949.492,1
183065.17,1
37210.92,1
2791.3723,1
39314.613,1
136281.83,1
29974.633,1
27339.104,1
99429.836,1
26974.727,1
22180.752,1
20294.793,1
21428.463,1
67906.63,1
16436.541,1
15045.358,1
2788.162,1
15780.276,1
46446.49,1
12247.241,1
11255.291,1
11744.321,1
31403.312,1
9283.335,1
8591.879,1
21869.568,1
7761.2383,1
7762.4653,1
6754.757,1
2789.9443,1
7181.8057,1
17234.732,1
6046.67,1
4.3852556e+07,1
4.0120365e+06,1
2.5813352e+06,1
7.1069725e+06,1
1.4635392e+06,1
740790.9,1
499193.84,1
2.386239e+06,1
315629.4,1
267603.44,1
1.6179656e+06,1
199587.73,1
918560.56,1
159389.22,1
146620.38,1
116961.53,1
573756.94,1
95867.47,1
89634.32,1
81625.24,1
74254.24,1
390296.4,1
63327.203,1
2792.612,1
58226.465,1
52674.46,1
273959.28,1
44554.54,1
40807.938,1
36967.688,1
188113.1,1
31075.303,1
28491.887,1
25751.96,1
126090.09,1
21691.318,1
2791.0906,1
20029.69,1
18014.537,1
82849.23,1
15325.9795,1
14274.341,1
54840.82,1
11766.039,1
11086.559,1
11158.381,1
10477.784,1
42367.766,1
16641.322,1
17175.332,1
41075.586,1
11375.019,1
10655.478,1
26285.648,1
7943.937,1
2790.9028,1
8281.987,1
7776.199,1
18945.525,1
5980.0454,1
6740.5356,1
6392.4277,1
14072.605,1
5127.7114,1
11059.986,1
5482.95,1
5276.4385,1
4490.815,1
2795.673,1
5011.631,1
4788.5728,1
8045.651,1
4015.7124,1
4449.822,1
4261.03,1
6288.9355,1
3665.245,1
4039.949,1
3873.0098,1
5102.402,1
3409.5093,1
3741.829,1
3597.3242,1
4318.7656,1
2787.921,1
3223.7654,1
3615.3494,1
4429.943,1
3303.5867,1
10555.514,1
11645.069,1
12587.923,1
6713.0303,1
6387.2207,1
6693.1606,1
3727.6465,1
4759.2837,1
4935.588,1
5067.466,1
4569.244,1
3584.317,1
4430.6646,1
4071.3862,1
4009.5862,1
3304.4907,1
3868.6904,1
3970.0393,1
3511.4258,1
4.2763396e+07,1
2790.9092,1
2.7145178e+06,1
1.1406821e+06,1
683138.3,1
3.1135952e+06,1
359745.84,1
917806.1,1
130776.33,1
117578.33,1
110060.53,1
96819.57,1
87386.05,1
495341.5,1
73938.99,1
2793.438,1
66380.484,1
59533.66,1
332000.34,1
50193.277,1
45048.96,1
40274.516,1
219319.03,1
33971.676,1
32200.027,1
29949.412,1
165465.06,1
32944.35,1
32110.074,1
134704.62,1
23869.312,1
22171.494,1
92005.28,1
18206.094,1
17523.232,1
67720.4,1
15180.205,1
13460.213,1
2789.7197,1
13422.956,1
12459.35,1
47565.055,1
10458.78,1
41621.023,1
11866.96,1
11484.296,1
3.6989296e+07,1
1.9103881e+06,1
2.4784305e+06,1
313695.44,1
263045.0,1
208329.11,1
5.445175e+06,1
181167.73,1
149370.47,1
4.2310216e+07,1
2.3926725e+06,1
3.6990422e+06,1
599134.3,1
497208.97,1
425350.28,1
2790.719,1
6.464596e+06,1
350550.7,1
313299.66,1
4.2039376e+07,1
2.713854e+06,1
2.3191035e+06,1
843942.2,1
2.8307465e+06,1
1.3843851e+06,1
1.4805296e+06,1
489278.78,1
4.3714944e+07,1
3.3421005e+06,1
1.4742856e+06,1
1.7963435e+06,1
3.8112742e+06,1
793922.8,1
1.3038204e+06,1
2.1012315e+06,1
598871.2,1
4.4224184e+07,1
9.459933e+12,1
1.8694062e+06,1
1.7484934e+06,1
4.531491e+06,1
920000.25,1
835862.0,1
1.143841e+06,1
713800.4,1
2.700963e+06,1
2791.6687,1
936614.3,1
586697.0,1
3.546007e+07,1
7.1405835e+06,1
2.3097898e+06,1
3.5255355e+06,1
4.7735385e+06,1
1.4544066e+06,1
2.6206158e+06,1
2.9799168e+06,1
1.02444794e+06,1
2.021004e+06,1
1.6456846e+06,1
6.1544725e+06,1
591361.2,1
4.385204e+07,1
3.733554e+06,1
3.4332242e+06,1
6.874372e+06,1
1.8162171e+06,1
1.5313768e+06,1
1.4464641e+06,1
2.6238858e+06,1
693132.4,1
4.5453424e+07,1
5.0704215e+06,1
9.300275e+06,1
2.55261e+06,1
2.1365025e+06,1
2788.6104,1
1.4337518e+06,1
3.2639712e+06,1
810259.75,1
4.706122e+07,1
6.370345e+06,1
4.1391238e+06,1
1.0313392e+07,1
2.4023872e+06,1
1.3397928e+06,1
3.5810035e+06,1
860367.5,1
1.03532175e+06,1
2.705389e+06,1
744312.56,1
3.3938484e+07,1
2.8631288e+06,1
1.4047392e+06,1
1.0526648e+06,1
4.2385285e+06,1
1.0349673e+06,1
3.0075252e+06,1
810045.3,1
3.646996e+07,1
4.431759e+06,1
2795.677,1
1.4748288e+06,1
1.1481348e+06,1
4.5673325e+06,1
1.0580809e+06,1
3.2488658e+06,1
869863.75,1
4.321615e+07,1
6.805311e+06,1
1.5407172e+06,1
1.2265719e+06,1
4.5865285e+06,1
1.0316918e+06,1
1.02482856e+06,1
3.3824545e+06,1
870814.7,1
4.079861e+07,1
2.8699642e+06,1
2.1290248e+06,1
1.7244978e+06,1
6.380341e+06,1
1.3734422e+06,1
1.2124234e+06,1
4.890914e+06,1
1.04755925e+06,1
946929.8,1
3.4787032e+06,1
836108.3,1
800354.9,1
2.893416e+06,1
693803.9,1
3.857444e+07,1
3.0829312e+06,1
1.9751014e+06,1
1.5284556e+06,1
5.80587e+06,1
1.1330141e+06,1
1.02077725e+06,1
2793.87,1
876947.6,1
3.3279168e+06,1
736870.4,1
4.5767496e+07,1
3.644777e+06,1
2.2772338e+06,1
1.7190205e+06,1
6.1440935e+06,1
1.2333234e+06,1
966443.06,1
3.5959572e+06,1
798128.06,1
4.6513588e+07,1
4.0172652e+06,1
2.520161e+06,1
1.9057678e+06,1
6.755525e+06,1
1.3544624e+06,1
1.0229854e+06,1
3.778553e+06,1
845159.8,1
4.4051564e+07,1
4.2732915e+06,1
2.7669528e+06,1
2.1216532e+06,1
7.2907635e+06,1
1.5020062e+06,1
2787.2078,1
1.0902245e+06,1
3.9779565e+06,1
892312.4,1
3.9170436e+07,1
4.3744465e+06,1
6.4076745e+06,1
2.2781315e+06,1
4.1845695e+06,1
1.6216162e+06,1
6.6619325e+06,1
3.0312375e+06,1
929011.5,1
4.684065e+07,1
4.3437845e+06,1
3.559256e+06,1
2.39203e+06,1
7.266954e+06,1
1.6376332e+06,1
3.72976e+06,1
995119.6,1
4.6667624e+07,1
4.690583e+06,1
3.6954092e+06,1
2.6908618e+06,1
8.1013435e+06,1
1.9283141e+06,1
1.7042315e+06,1
1.2376348e+06,1
4.4116305e+06,1
1.2475731e+06,1
956394.06,1
3.5536472e+06,1
1.00221894e+06,1
782703.94,1
2.7747205e+06,1
2793.466,1
847990.94,1
2.4818915e+06,1
641599.2,1
4.1739452e+07,1
2.273211e+06,1
1.3334276e+06,1
4.528216e+06,1
955035.25,1
971793.8,1
2.9432072e+06,1
745989.1,1
3.915012e+07,1
3.546138e+06,1
1.7881618e+06,1
1.2866368e+06,1
4.89243e+06,1
999496.06,1
976867.0,1
3.2146765e+06,1
789802.06,1
4.2179156e+07,1
3.5041305e+06,1
4.1070302e+06,1
1.3709549e+06,1
3.0344068e+06,1
1.06063e+06,1
2786.4927,1
6.341682e+06,1
2.5177055e+06,1
821632.5,1
4.425262e+07,1
2.8730292e+06,1
1.6499956e+06,1
5.1207575e+06,1
1.2156459e+06,1
1.5344809e+06,1
3.1549938e+06,1
894530.56,1
4.5761664e+07,1
3.8841602e+06,1
2.5911205e+06,1
1.6794502e+06,1
5.6842085e+06,1
1.456547e+06,1
3.5064862e+06,1
961186.56,1
4.366021e+07,1
4.3069675e+06,1
2.6710728e+06,1
1.835773e+06,1
1.5341751e+06,1
2790.8662,1
1.412495e+06,1
4.7827575e+06,1
1.0203768e+06,1
4.2064664e+07,1
3.1460798e+06,1
2.1689878e+06,1
6.914241e+06,1
1.5453636e+06,1
1.3835454e+06,1
1.1412735e+06,1
4.1464525e+06,1
1.0947062e+06,1
931001.0,1
3.508077e+06,1
906220.44,1
786913.3,1
2.9728378e+06,1
3.910665e+07,1
6.1265655e+06,1
3.9454375e+06,1
1.1383418e+07,1
1.9639532e+06,1
1.1175701e+06,1
928017.4,1
4.1173585e+06,1
850725.1,1
2.9449788e+06,1
728449.75,1
3.7047056e+07,1
7.4698965e+06,1
2789.9421,1
1.3211726e+06,1
1.0589496e+06,1
4.468498e+06,1
926010.9,1
3.1915595e+06,1
802147.5,1
4.3665144e+07,1
1.958884e+07,1
1.5138818e+06,1
1.2320242e+06,1
1.070428e+06,1
4.455436e+06,1
919266.3,1
887686.25,1
3.287971e+06,1
782230.25,1
4.3340564e+07,1
1.5378466e+06,1
1.2255038e+06,1
4.7682955e+06,1
1.01190806e+06,1
957447.0,1
3.4699622e+06,1
841840.4,1
4.4525476e+07,1
3.2029588e+06,1
2793.997,1
1.6245122e+06,1
1.2907839e+06,1
4.9821645e+06,1
1.0512916e+06,1
982225.4,1
3.6051455e+06,1
4.2116676e+07,1
3.8054908e+06,1
3.7050618e+06,1
1.408733e+06,1
3.3827305e+06,1
1.1279578e+06,1
6.318534e+06,1
2.8862058e+06,1
912547.0,1
3.8273796e+07,1
3.6034675e+06,1
4.702965e+06,1
1.4493734e+06,1
2.8343492e+06,1
1.1520761e+06,1
7.069612e+06,1
2.3503702e+06,1
920361.4,1
4.370014e+07,1
3.5953395e+06,1
3.88204e+06,1
2.303967e+06,1
7.2139705e+06,1
2.70558e+06,1
1.5563621e+06,1
5.2590045e+06,1
2.0528739e+06,1
1.162297e+06,1
3.4976002e+06,1
1.00941456e+06,1
2796.1392,1
1.5406348e+06,1
2.42027e+06,1
747107.44,1
4.4885824e+07,1
3.6012938e+06,1
3.156883e+06,1
2.0900988e+06,1
6.7192465e+06,1
1.5191079e+06,1
1.4701474e+06,1
3.075886e+06,1
814049.25,1
4.6564364e+07,1
4.2717855e+06,1
3.4989518e+06,1
2.4789515e+06,1
7.71221e+06,1
1.7572776e+06,1
1.3940628e+06,1
939643.8,1
3.400094e+06,1
1.0655201e+06,1
761411.9,1
2.555609e+06,1
682008.56,1
2789.8442,1
845669.56,1
2.1806035e+06,1
570674.25,1
4.3574456e+07,1
1.0712337e+07,1
6.4251535e+06,1
1.4485035e+07,1
2.2753308e+06,1
1.0629679e+06,1
785014.6,1
3.6129505e+06,1
784896.2,1
2.3902752e+06,1
608803.06,1
3.4753216e+07,1
2.4327838e+06,1
2.0577652e+06,1
1.7783878e+06,1
2.9547688e+06,1
850615.9,1
2.1451152e+06,1
6.085519e+06,1
1.8822876e+06,1
652346.56,1
4.045662e+07,1
3.6315445e+06,1
2790.748,1
1.7814785e+06,1
982929.5,1
3.5928492e+06,1
1.3258752e+06,1
2.4708778e+06,1
741329.25,1
4.1619788e+07,1
6.181675e+06,1
2.423844e+06,1
1.6011308e+06,1
5.5292025e+06,1
1.5385445e+06,1
1.0798122e+06,1
4.1483702e+06,1
1.169945e+06,1
834918.6,1
2.7941495e+06,1
739235.25,1
2.3298802e+06,1
646661.0,1
4.1259812e+07,1
3.3280175e+06,1
2.1513062e+06,1
1.4566052e+06,1
5.057342e+06,1
1.0893316e+06,1
2.9312425e+06,1
751721.5,1
4.5150264e+07,1
4.0869282e+06,1
2.5203078e+06,1
1.7653009e+06,1
5.8405715e+06,1
2787.662,1
1.2478979e+06,1
1.079801e+06,1
3.2912165e+06,1
805653.0,1
4.635384e+07,1
4.0482585e+06,1
2.652404e+06,1
1.9478811e+06,1
6.444213e+06,1
1.38415e+06,1
1.1112439e+06,1
3.5991292e+06,1
858767.8,1
4.6720644e+07,1
4.1265892e+06,1
2.7757962e+06,1
2.0922664e+06,1
6.8759245e+06,1
1.2069734e+06,1
3.8682812e+06,1
940346.5,1
4.649123e+07,1
4.519585e+06,1
3.0317968e+06,1
2.318626e+06,1
7.389862e+06,1
1.6482241e+06,1
2789.6255,1
1.2040332e+06,1
4.0324338e+06,1
964057.06,1
4.1938456e+07,1
4.582708e+06,1
3.1388478e+06,1
2.4488685e+06,1
7.7354025e+06,1
1.7513341e+06,1
1.2253659e+06,1
4.1712962e+06,1
986003.56,1
4.6723464e+07,1
4.5568355e+06,1
3.2532548e+06,1
2.5764302e+06,1
8.1869745e+06,1
1.8547615e+06,1
1.4124448e+06,1
1.2068149e+06,1
4.6240685e+06,1
1.0210285e+06,1
939689.8,1
3.7933435e+06,1
826782.3,1
770509.4,1
3.024205e+06,1
693139.94,1
669676.9,1
2.7101588e+06,1
607698.3,1
4.1362144e+07,1
1.9772121e+06,1
2794.703,1
1.2391199e+06,1
1.01165494e+06,1
4.5421315e+06,1
828121.3,1
767719.2,1
3.0481985e+06,1
678384.56,1
4.1649492e+07,1
3.1646022e+06,1
1.573122e+06,1
1.1962125e+06,1
4.936673e+06,1
932015.94,1
844181.8,1
3.301564e+06,1
737639.0,1
4.5057764e+07,1
3.3478538e+06,1
1.7187388e+06,1
1.3046075e+06,1
5.2171165e+06,1
1.00728344e+06,1
899361.2,1
3.4748062e+06,1
782622.94,1
4.2776372e+07,1
3.6201738e+06,1
2789.8574,1
1.9202186e+06,1
1.448915e+06,1
5.6163005e+06,1
1.0968089e+06,1
959995.0,1
3.6628798e+06,1
827659.9,1
4.587534e+07,1
3.6778945e+06,1
2.0387199e+06,1
1.5436591e+06,1
5.733693e+06,1
1.1616069e+06,1
3.8618245e+06,1
917555.6,1
858459.0,1
4.0953204e+07,1
3.9895362e+06,1
2.2647918e+06,1
1.7095544e+06,1
6.2131695e+06,1
1.2602414e+06,1
1.0521876e+06,1
3.9313575e+06,1
893536.5,1
4.1155076e+07,1
4.0466312e+06,1
2793.7166,1
2.3987968e+06,1
4.395089e+06,1
3.8335415e+06,1
1.3326595e+06,1
2.0014348e+06,1
991991.4,1
2.9840822e+06,1
1.5829234e+06,1
817996.9,1
2.5539628e+06,1
5.6965385e+06,1
2.2889015e+06,1
667189.7,1
3.2243658e+07,1
4.5240635e+06,1
2.9037432e+06,1
8.935761e+06,1
1.7009376e+06,1
1.2514658e+06,1
845086.56,1
3.162803e+06,1
975436.56,1
2.4516728e+06,1
668312.5,1
4.1442588e+07,1
4.412014e+06,1
1.3692735e+06,1
975659.25,1
3.9975202e+06,1
828435.0,1
944529.8,1
2.7539172e+06,1
710289.9,1
3.97789e+07,1
2.658658e+06,1
2789.7585,1
1.4093739e+06,1
1.0553905e+06,1
4.28234e+06,1
886159.56,1
939869.2,1
3.0161732e+06,1
751943.1,1
4.2805124e+07,1
2.80381e+06,1
1.4568824e+06,1
1.122047e+06,1
4.6300095e+06,1
934563.9,1
944723.3,1
3.2209232e+06,1
786550.1,1
4.3631108e+07,1
2.9348055e+06,1
1.5101574e+06,1
1.1810414e+06,1
4.662621e+06,1
976399.0,1
953928.9,1
3.3750155e+06,1
812771.9,1
4.4480092e+07,1
3.1460058e+06,1
2791.1235,1
1.617657e+06,1
1.2618459e+06,1
4.9512875e+06,1
1.0251076e+06,1
975751.8,1
3.532947e+06,1
840835.44,1
3.9578316e+07,1
3.309597e+06,1
3.6599902e+06,1
1.3287596e+06,1
3.271286e+06,1
1.066539e+06,1
6.33029e+06,1
2.7907602e+06,1
863318.2,1
4.46072e+07,1
3.403889e+06,1
2.5715488e+06,1
2.7085338e+06,1
7.118154e+06,1
1.6141658e+06,1
1.9192465e+06,1
5.231676e+06,1
1.5558432e+06,1
1.0819965e+06,1
3.657336e+06,1
2.7811112e+06,1
1.1052171e+06,1
738995.75,1
3.833232e+07,1
3.7800572e+06,1
2.5980742e+06,1
5.884205e+06,1
3.247789e+06,1
2791.1445,1
1.4830415e+06,1
6.8852265e+06,1
2.1979622e+06,1
809836.94,1
4.523457e+07,1
4.276789e+06,1
3.8455082e+06,1
2.3603318e+06,1
6.9490525e+06,1
1.6732476e+06,1
1.7717149e+06,1
3.0810362e+06,1
866292.3,1
4.5847996e+07,1
4.4123365e+06,1
3.7479235e+06,1
2.5332802e+06,1
7.690236e+06,1
1.8046158e+06,1
1.5893281e+06,1
3.4719308e+06,1
907730.25,1
4.484649e+07,1
1.0121568e+07,1
5.285432e+06,1
2.7769788e+06,1
2.3599148e+06,1
2791.49,1
7.5041835e+06,1
2.6116462e+06,1
991329.25,1
4.143183e+07,1
1.440044e+07,1
4.759615e+06,1
4.8906585e+06,1
2.6610568e+06,1
8.354009e+06,1
1.1514142e+06,1
2.6394285e+06,1
975901.1,1
1.9291135e+06,1
2.8357882e+07,1
3.235751e+06,1
5.108811e+06,1
2.0109278e+06,1
1.1046605e+06,1
7.5320825e+06,1
1.6637026e+06,1
940623.3,1
3.8807284e+07,1
3.3966548e+06,1
2789.7092,1
3.7179005e+06,1
1.6915812e+06,1
4.856908e+06,1
2.7397745e+06,1
1.2042128e+06,1
3.6806002e+06,1
2.2127148e+06,1
952986.94,1
2.1954652e+06,1
849513.4,1
1.853103e+06,1
1.786271e+06,1
719598.5,1
3.716745e+07,1
2.9868548e+06,1
2.6877208e+06,1
1.4216531e+06,1
4.423634e+06,1
1.73704e+06,1
2.5621072e+06,1
820887.2,1
4.548592e+07,1
3.9908405e+06,1
2.896444e+06,1
1.7007368e+06,1
5.4892255e+06,1
1.2361122e+06,1
1.5456622e+06,1
3.0187062e+06,1
859915.1,1
4.5827348e+07,1
3.98524e+06,1
2792.808,1
2.7994075e+06,1
1.7971768e+06,1
5.7826975e+06,1
3.5237412e+06,1
1.0055058e+06,1
4.125147e+07,1
5.351826e+06,1
3.2990275e+06,1
2.1641008e+06,1
6.598999e+06,1
1.5191399e+06,1
1.4559741e+06,1
3.6993692e+06,1
987887.4,1
4.680236e+07,1
4.3235205e+06,1
2.96026e+06,1
2.116753e+06,1
6.8865005e+06,1
1.4283898e+06,1
3.9190705e+06,1
1.03818756e+06,1
4.6520296e+07,1
2788.2258,1
4.6102235e+06,1
3.1493852e+06,1
2.3391245e+06,1
7.170437e+06,1
1.6821615e+06,1
1.3549332e+06,1
4.0845882e+06,1
1.0374548e+06,1
4.646401e+07,1
4.539122e+06,1
3.087217e+06,1
2.504792e+06,1
7.571043e+06,1
1.5340072e+06,1
1.2660988e+06,1
4.444014e+06,1
1.1185128e+06,1
991061.1,1
3.6802802e+06,1
904042.5,1
811877.56,1
2.9410662e+06,1
731478.6,1
734335.9,1
2.6469512e+06,1
642058.44,1
4.071021e+07,1
1.9478304e+06,1
1.2252436e+06,1
1.0033417e+06,1
4.1368115e+06,1
839766.1,1
3.0254255e+06,1
3.3013184e+07,1
2793.8726,1
3.9194828e+06,1
1.638964e+06,1
1.2329864e+06,1
4.7978605e+06,1
985658.9,1
927355.7,1
3.2747058e+06,1
806057.9,1
3.9253024e+07,1
3.376905e+06,1
1.6713979e+06,1
1.2939725e+06,1
5.031357e+06,1
1.0333707e+06,1
959034.4,1
3.4498858e+06,1
836137.5,1
4.49923e+07,1
3.364795e+06,1
1.7511178e+06,1
1.3582685e+06,1
5.2824415e+06,1
1.0767054e+06,1
2791.5103,1
980184.9,1
3.5567798e+06,1
853938.6,1
4.4882864e+07,1
3.6875145e+06,1
2.0042386e+06,1
1.5268662e+06,1
5.732707e+06,1
1.1671836e+06,1
1.0311888e+06,1
4.4535645e+06,1
887269.56,1
4.5168092e+07,1
3.7817885e+06,1
2.1187958e+06,1
1.6130302e+06,1
5.8784545e+06,1
1.2204064e+06,1
1.0611556e+06,1
3.9084368e+06,1
909563.6,1
4.584309e+07,1
3.8801962e+06,1
2.2204138e+06,1
1.6903511e+06,1
5.3207055e+06,1
1.2683322e+06,1
2792.2156,1
1.0834944e+06,1
3.7576422e+06,1
925871.75,1
4.3067376e+07,1
1.6854098e+07,1
5.854472e+06,1
6.901249e+06,1
8.42665e+06,1
2.9344845e+06,1
4.6433555e+06,1
4.111633e+06,1
1.5990945e+06,1
3.3077368e+06,1
1.2907311e+06,1
6.2262115e+06,1
2.5134625e+06,1
793793.1,1
1.3398532e+06,1
709433.4,1
3.488789e+07,1
2.817746e+06,1
2.2806002e+06,1
1.424901e+06,1
951552.75,1
3.886141e+06,1
1.0782156e+06,1
2.7731838e+06,1
744387.8,1
4.1703268e+07,1
4.0540598e+06,1
1.4708148e+06,1
1.0613684e+06,1
4.241539e+06,1
2792.6208,1
1.0729081e+06,1
3.0764212e+06,1
812820.5,1
4.2333524e+07,1
8.141785e+06,1
1.5312761e+06,1
1.1578842e+06,1
4.6073035e+06,1
975997.2,1
1.02788544e+06,1
3.2527e+06,1
826547.6,1
4.209491e+07,1
2.941091e+06,1
2.2556212e+06,1
1.3393281e+06,1
1.2297255e+06,1
1.03559425e+06,1
4.6769925e+06,1
965542.3,1
3.3660842e+06,1
804522.6,1
4.42024e+07,1
2.763296e+06,1
2.2342472e+06,1
6.8954255e+06,1
1.626819e+06,1
1.2574216e+06,1
1.0481895e+06,1
3.7104675e+06,1
2790.3123,1
885238.94,1
861552.9,1
3.0953792e+06,1
737494.25,1
4.4557856e+07,1
3.1541918e+06,1
1.649325e+06,1
1.2584176e+06,1
5.094321e+06,1
992944.44,1
924710.6,1
3.492631e+06,1
790625.75,1
4.4452364e+07,1
3.4317555e+06,1
2.6247588e+06,1
2.1659012e+06,1
8.1787475e+06,1
1.6421455e+06,1
1.4441264e+06,1
6.112463e+06,1
1.1851938e+06,1
1.070561e+06,1
4.2778995e+06,1
919482.25,1
795420.5,1
3.1124428e+06,1
673691.56,1
4.5342776e+07,1
3.5329128e+06,1
2.7106952e+06,1
2.1461705e+06,1
7.2401615e+06,1
1.5263836e+06,1
1.3325115e+06,1
2.3462318e+06,1
888133.3,1
2786.372,1
9.856705e+16,1
714803.2,1
3.4923315e+06,1
627381.2,1
4.521089e+07,1
2.9583342e+06,1
2.2927388e+06,1
8.0187325e+06,1
1.6078868e+06,1
952687.4,1
3.907836e+06,1
749729.06,1
4.185525e+07,1
4.991438e+06,1
3.450769e+06,1
9.76375e+06,1
2.2376925e+06,1
4.4139545e+06,1
924323.94,1
845906.25,1
4.5068656e+07,1
1.7478476e+07,1
1.1034891e+07,1
2.160394e+07,1
2.6265832e+06,1
2792.5723,1
1.1621841e+06,1
986505.5,1
4.9541265e+06,1
862081.4,1
3.3891732e+06,1
776455.0,1
3.8601176e+07,1
2.9653838e+06,1
1.2760434e+06,1
1.0782106e+06,1
4.8814365e+06,1
930890.5,1
3.5889372e+06,1
835107.06,1
4.2230236e+07,1
4.084248e+06,1
1.3852998e+06,1
1.1619988e+06,1
4.884457e+06,1
992831.1,1
3.7529592e+06,1
886997.3,1
3.837735e+07,1
1.03291e+07,1
2.2175198e+06,1
7.1112405e+06,1
1.5242999e+06,1
1.3486641e+06,1
1.2164549e+06,1
5.312394e+06,1
1.02209544e+06,1
947998.7,1
3.7133638e+06,1
841472.8,1
2790.172,1
785157.2,1
3.1668668e+06,1
702346.06,1
3.8705556e+07,1
3.0421572e+06,1
4.285756e+06,1
1.4709356e+06,1
3.2774208e+06,1
1.0993299e+06,1
6.1115925e+06,1
2.6517508e+06,1
768306.44,1
4.0289396e+07,1
4.004787e+06,1
2.7523885e+06,1
1.7809429e+06,1
5.9122905e+06,1
1.26966e+06,1
1.2942328e+06,1
3.3825035e+06,1
824705.1,1
4.1066776e+07,1
3.2768598e+06,1
7.3327075e+06,1
1.7283648e+06,1
2794.4058,1
1.3562712e+06,1
3.810559e+06,1
945220.5,1
1.051483e+06,1
3.0837412e+06,1
800749.2,1
757014.2,1
847283.5,1
676323.56,1
2.5431838e+06,1
607360.06,1
683689.94,1
2.2360158e+06,1
517216.75,1
4.542674e+07,1
2.910597e+06,1
2.0297111e+06,1
6.4299325e+06,1
1.3280822e+06,1
909046.25,1
3.164428e+06,1
671991.9,1
4.6788988e+07,1
4.1655852e+06,1
2.9614082e+06,1
2.261063e+06,1
7.497083e+06,1
2790.1729,1
1.0814699e+06,1
3.722687e+06,1
803773.8,1
4.1990176e+07,1
4.6050275e+06,1
3.3190908e+06,1
2.5832158e+06,1
8.407472e+06,1
1.8089892e+06,1
1.3094588e+06,1
1.1295891e+06,1
4.521915e+06,1
922011.44,1
827830.4,1
3.653924e+06,1
733698.4,1
669519.44,1
2.8522822e+06,1
614352.4,1
2.5548108e+06,1
543192.9,1
3.8850044e+07,1
2.2206605e+06,1
3.1250502e+06,1
996578.56,1
2.5309238e+06,1
790438.06,1
5.9070235e+06,1
2.157266e+06,1
630017.3,1
4.3864276e+07,1
3.1107762e+06,1
2792.8223,1
1.9578649e+06,1
1.1674951e+06,1
4.501559e+06,1
1.1880028e+06,1
2.8621405e+06,1
729016.7,1
3.6972116e+07,1
3.9053485e+06,1
2.1489775e+06,1
1.3920398e+06,1
5.2502255e+06,1
1.04051194e+06,1
1.1298115e+06,1
3.3007115e+06,1
782140.1,1
4.4725516e+07,1
2.384115e+06,1
1.5941535e+06,1
5.7778465e+06,1
1.1689068e+06,1
3.7337545e+06,1
1.0623176e+06,1
858286.25,1
4.607549e+07,1
3.8131552e+06,1
2.2586515e+06,1
1.6251726e+06,1
5.929278e+06,1
2792.0625,1
1.1988904e+06,1
3.9234708e+06,1
930194.5,1
3.894177e+07,1
4.320816e+06,1
5.2447095e+06,1
1.8058364e+06,1
3.7850015e+06,1
1.3285185e+06,1
6.7106915e+06,1
1.722944e+06,1
941341.5,1
4.362058e+07,1
6.310333e+06,1
2.1097078e+06,1
3.6164828e+06,1
1.4917689e+06,1
2.83139e+06,1
1.0842934e+06,1
2.662482e+06,1
2.2830972e+06,1
883618.8,1
2.245634e+06,1
6.3427805e+06,1
1.9576168e+06,1
714180.94,1
3.2695358e+07,1
1.5804883e+07,1
4.627453e+06,1
4.4228295e+06,1
2.017348e+06,1
2789.3525,1
3.4802958e+06,1
895654.0,1
1.657951e+06,1
6.730816e+06,1
1.4666014e+06,1
702366.56,1
4.106756e+07,1
6.0184105e+06,1
2.3717282e+06,1
1.0264899e+06,1
3.2397185e+06,1
1.8533099e+06,1
2.2295142e+06,1
778284.94,1
739260.2,1
3.7325132e+07,1
2.7302262e+06,1
2.1382538e+06,1
1.0970064e+06,1
4.1100088e+06,1
918333.44,1
2.7701135e+06,1
1.5110368e+06,1
776849.06,1
4.1897764e+07,1
2788.8008,1
2.0579066e+06,1
1.2068392e+06,1
4.545347e+06,1
998496.0,1
3.2034895e+06,1
1.3535509e+06,1
835819.6,1
4.0854652e+07,1
3.1232562e+06,1
1.915434e+06,1
1.2486925e+06,1
4.738165e+06,1
1.0282427e+06,1
1.2696774e+06,1
3.438552e+06,1
853855.5,1
4.4460308e+07,1
3.1993848e+06,1
1.8602131e+06,1
1.2978281e+06,1
5.248247e+06,1
1.0585559e+06,1
1.180049e+06,1
3.6523825e+06,1
868717.2,1
4.002084e+07,1
3.446715e+06,1
2792.2478,1
1.7418365e+06,1
3.5470182e+06,1
3.3793158e+06,1
6.6727245e+06,1
2.934893e+06,1
932130.6,1
4.523901e+07,1
3.812035e+06,1
3.630897e+06,1
2.3430478e+06,1
7.5277895e+06,1
2.4120218e+06,1
1.5510152e+06,1
5.4682705e+06,1
1.7947052e+06,1
1.1526889e+06,1
3.8381888e+06,1
1.00137806e+06,1
1.320628e+06,1
2.7875832e+06,1
748148.56,1
3.8418788e+07,1
3.7583015e+06,1
6.5745735e+06,1
2.0934869e+06,1
3.3325465e+06,1
7.0859465e+06,1
2.2956538e+06,1
851572.8,1
4.543676e+07,1
4.4514705e+06,1
4.1151142e+06,1
2.48748e+06,1
7.137102e+06,1
1.7637298e+06,1
2791.8962,1
1.911365e+06,1
3.2630765e+06,1
898817.06,1
4.047954e+07,1
9.245628e+06,1
3.1883452e+06,1
4.1919128e+06,1
2.2490875e+06,1
7.604721e+06,1
2.441802e+06,1
973725.2,1
4.6864496e+07,1
7.5040635e+06,1
4.3116675e+06,1
1.0206886e+07,1
2.562213e+06,1
2.3673505e+06,1
3.6729838e+06,1
1.0469648e+06,1
4.751651e+07,1
1.1855418e+07,1
7.012555e+06,1
1.5547415e+07,1
2.756674e+06,1
2796.6033,1
2.0098158e+06,1
1.1518775e+06,1
4.63532e+06,1
3.0904715e+06,1
1.5198311e+06,1
900811.44,1
3.7757676e+07,1
3.140007e+06,1
1.4248056e+06,1
1.6421258e+06,1
4.6461205e+06,1
1.3824752e+06,1
3.3614802e+06,1
936299.44,1
3.6949536e+07,1
4.4764915e+06,1
2.1589435e+06,1
2.0188721e+06,1
6.4283015e+06,1
1.5729672e+06,1
1.226851e+06,1
4.9693355e+06,1
1.2119026e+06,1
964511.6,1
3.3641025e+06,1
858127.4,1
951522.25,1
2.8504098e+06,1
721554.94,1
4.3698416e+07,1
2785.266,1
2.1921332e+06,1
1.5692368e+06,1
5.590344e+06,1
1.1566132e+06,1
1.0581069e+06,1
3.4364322e+06,1
816018.3,1
4.553051e+07,1
3.9336908e+06,1
2.383949e+06,1
1.736078e+06,1
6.1952175e+06,1
1.1500372e+06,1
3.7977848e+06,1
898051.9,1
4.6815852e+07,1
4.2424525e+06,1
2.598097e+06,1
1.9203974e+06,1
6.743384e+06,1
1.3805918e+06,1
1.1411464e+06,1
4.0129238e+06,1
922637.5,1
4.685478e+07,1
2795.614,1
3.0805585e+06,1
2.2145018e+06,1
7.2539665e+06,1
1.5427388e+06,1
1.1844061e+06,1
4.1686098e+06,1
970919.75,1
4.7480132e+07,1
4.3974665e+06,1
3.0079022e+06,1
2.3299325e+06,1
7.7744275e+06,1
1.3018021e+06,1
4.4458705e+06,1
1.04116294e+06,1
4.7854676e+07,1
4.639467e+06,1
3.215332e+06,1
2.5169078e+06,1
8.1715695e+06,1
1.7968444e+06,1
4.6660015e+06,1
1.1193788e+06,1
1.0485102e+06,1
4.0628562e+06,1
920075.7,1
3.3969036e+07,1
4.1340928e+06,1
6.7037745e+06,1
2.3397558e+06,1
4.454655e+06,1
2789.8635,1
1.76219e+06,1
2.8158132e+06,1
1.1863496e+06,1
3.1916898e+06,1
1.9854235e+06,1
2.745535e+06,1
1.3894105e+06,1
801947.2,1
2.32643e+06,1
719441.2,1
5.6959575e+06,1
2.0666498e+06,1
625794.4,1
4.0933748e+07,1
1.6516969e+06,1
1.0823426e+06,1
3.9946298e+06,1
876318.7,1
1.0601978e+06,1
2.5687265e+06,1
714251.44,1
4.1814492e+07,1
3.2045905e+06,1
3.851476e+06,1
1.2347505e+06,1
2.4777948e+06,1
965571.44,1
6.4567395e+06,1
2.0501294e+06,1
766151.3,1
4.4108996e+07,1
3.4124742e+06,1
2786.4285,1
2.458329e+06,1
1.3328706e+06,1
4.288616e+06,1
1.033009e+06,1
1.526346e+06,1
2.6804452e+06,1
808090.44,1
4.4792668e+07,1
3.4842778e+06,1
2.3438728e+06,1
1.4260949e+06,1
4.893076e+06,1
1.0955086e+06,1
3.1142178e+06,1
3.303359e+07,1
5.5556825e+06,1
2.8428298e+06,1
1.7635002e+06,1
5.4223315e+06,1
1.2857879e+06,1
1.4073234e+06,1
3.4528955e+06,1
944152.0,1
4.595796e+07,1
2794.4353,1
2.7281995e+06,1
6.045618e+06,1
1.5171475e+06,1
1.3483205e+06,1
1.3346672e+06,1
3.6559538e+06,1
983485.1,1
4.6402284e+07,1
4.0814148e+06,1
2.5766375e+06,1
1.8648744e+06,1
6.128759e+06,1
1.3529282e+06,1
3.8985615e+06,1
1.03676375e+06,1
1.0646489e+06,1
909713.94,1
3.2454435e+06,1
893858.44,1
2.984808e+06,1
739702.06,1
2.8780346e+07,1
2.5344222e+06,1
1.9969549e+06,1
7.5133855e+06,1
1.5183619e+06,1
1.0691991e+06,1
897971.56,1
3.3178195e+06,1
830365.4,1
2.7716998e+06,1
716027.2,1
3.9716308e+07,1
2.9914952e+06,1
2790.061,1
1.2386448e+06,1
1.014503e+06,1
4.0891725e+06,1
900634.8,1
3.0303768e+06,1
785914.44,1
745809.5,1
709360.7,1
640711.0,1
2.3951132e+06,1
589403.9,1
2.1423282e+06,1
516891.7,1
490863.78,1
3.7187748e+07,1
1.1438526e+06,1
897014.94,1
3.8404832e+06,1
737297.44,1
703250.44,1
2.6401965e+06,1
615021.0,1
3.7301156e+07,1
2788.0366,1
2.7938142e+06,1
1.2812431e+06,1
1.0132086e+06,1
4.353278e+06,1
827237.0,1
779638.06,1
2.959889e+06,1
684580.94,1
4.0494332e+07,1
2.8911438e+06,1
3.1440925e+06,1
1.1040691e+06,1
2.7365102e+06,1
898137.3,1
6.073088e+06,1
2.3559385e+06,1
738863.8,1
4.274029e+07,1
4.3038875e+06,1
1.2423788e+06,1
2.358845e+06,1
998093.06,1
6.84165e+06,1
1.969967e+06,1
4.423593e+07,1
2797.8723,1
3.8405942e+06,1
3.8620288e+06,1
6.9166715e+06,1
1.8813991e+06,1
2.5566868e+06,1
1.432879e+06,1
4.6673215e+06,1
1.9191262e+06,1
1.0570008e+06,1
3.0691708e+06,1
1.4992829e+06,1
773000.2,1
2.1765162e+06,1
4.3876424e+07,1
3.5923955e+06,1
6.58427e+06,1
1.9350766e+06,1
2.7284238e+06,1
1.3906108e+06,1
1.9246645e+06,1
6.9918065e+06,1
794362.2,1
4.511725e+07,1
4.2459885e+06,1
7.9484475e+06,1
3.0695228e+06,1
1.8891109e+06,1
7.88845e+06,1
1.6445216e+06,1
892651.8,1
4.6015844e+07,1
2790.757,1
4.5434645e+06,1
8.738212e+06,1
2.5301172e+06,1
2.6496655e+06,1
1.7965894e+06,1
1.6148084e+06,1
8.1917015e+06,1
931551.6,1
4.300866e+07,1
6.141058e+06,1
7.77846e+06,1
2.5599505e+06,1
2.959146e+06,1
2.805374e+06,1
1.049763e+06,1
4.6053884e+07,1
6.4493605e+06,1
3.6818318e+06,1
8.64646e+06,1
2.5282812e+06,1
2.5611105e+06,1
3.5131592e+06,1
1.10201e+06,1
4.745824e+07,1
2790.3206,1
7.4375475e+06,1
4.5098015e+06,1
1.079246e+07,1
2.6888838e+06,1
2.1268388e+06,1
1.1862876e+06,1
3.8029258e+06,1
1.7044491e+06,1
3.4524008e+06,1
931260.2,1
3.465954e+07,1
2.9943838e+06,1
2.5353708e+06,1
1.6384989e+06,1
6.2154725e+06,1
1.7425306e+06,1
1.1778432e+06,1
4.9185265e+06,1
1.3632054e+06,1
934893.7,1
3.0316682e+06,1
834730.4,1
1.0970945e+06,1
2.5921645e+06,1
710661.56,1
4.2897548e+07,1
2.0792239e+06,1
1.4045176e+06,1
5.226429e+06,1
2788.2925,1
1.1976346e+06,1
3.2280552e+06,1
835960.7,1
4.4077292e+07,1
3.989733e+06,1
5.08216e+06,1
3.4556598e+06,1
1.371523e+06,1
1.2132995e+06,1
6.686985e+06,1
2.535436e+06,1
870945.75,1
4.1886656e+07,1
3.3613952e+06,1
1.9000701e+06,1
5.628196e+06,1
1.3551152e+06,1
3.4195688e+06,1
1.6044624e+06,1
935606.6,1
4.6210064e+07,1
4.1028732e+06,1
2.9566545e+06,1
1.8885451e+06,1
6.313227e+06,1
2790.757,1
1.590654e+06,1
3.7221475e+06,1
993118.75,1
4.6151292e+07,1
4.462134e+06,1
3.0678402e+06,1
2.1023798e+06,1
6.8291985e+06,1
1.5198464e+06,1
1.4508039e+06,1
4.0069668e+06,1
999849.2,1
4.704994e+07,1
3.479645e+06,1
2.4099702e+06,1
7.454329e+06,1
1.680621e+06,1
1.4183709e+06,1
4.232037e+06,1
1.0439805e+06,1
4.7515404e+07,1
4.470024e+06,1
3.1451502e+06,1
2.358791e+06,1
7.668157e+06,1
1.5470804e+06,1
1.2533969e+06,1
4.5957075e+06,1
1.1463198e+06,1
987733.06,1
3.8586652e+06,1
926945.5,1
809648.56,1
3.1100278e+06,1
2794.705,1
729392.2,1
753988.9,1
2.810755e+06,1
640120.7,1
3.797243e+07,1
1.308543e+06,1
1.0449367e+06,1
4.643564e+06,1
869764.1,1
851864.44,1
3.2505435e+06,1
728759.25,1
4.4026556e+07,1
2.978368e+06,1
1.4905108e+06,1
1.1551212e+06,1
4.8461165e+06,1
940676.9,1
3.5107395e+06,1
802388.2,1
782272.7,1
3.0377572e+06,1
3.0107288e+07,1
3.6074192e+06,1
1.6949252e+06,1
1.3053526e+06,1
4.9831055e+06,1
1.0147114e+06,1
2790.4932,1
918298.0,1
3.5278995e+06,1
787039.1,1
4.0035824e+07,1
2.152185e+06,1
1.5545824e+06,1
5.8605135e+06,1
1.1536998e+06,1
1.0116885e+06,1
3.8215038e+06,1
861815.2,1
4.5285284e+07,1
3.800495e+06,1
2.110837e+06,1
1.5941932e+06,1
5.971587e+06,1
1.1996101e+06,1
1.0415796e+06,1
3.996549e+06,1
888722.2,1
4.553385e+07,1
2.5108168e+06,1
1.820368e+06,1
6.491713e+06,1
1.3245831e+06,1
2788.503,1
1.1198288e+06,1
4.1848568e+06,1
948961.0,1
4.6736812e+07,1
4.039302e+06,1
2.3809165e+06,1
1.8121358e+06,1
6.6227795e+06,1
1.3459894e+06,1
1.1290809e+06,1
1.0259505e+06,1
4.213919e+06,1
904804.75,1
846899.0,1
3.6547815e+06,1
758980.56,1
3.1943168e+06,1
690320.44,1
3.490033e+07,1
2.8524338e+06,1
2.1940715e+06,1
8.196135e+06,1
1.5335828e+06,1
983100.75,1
859919.0,1
3.8325258e+06,1
754293.8,1
3.1657405e+06,1
683099.75,1
3.8786676e+07,1
4.084227e+06,1
2790.4255,1
1.193584e+06,1
990241.3,1
4.726638e+06,1
847459.56,1
3.4277898e+06,1
760922.25,1
4.3210004e+07,1
6.521309e+06,1
1.9435724e+06,1
1.1108044e+06,1
991949.2,1
4.807604e+06,1
865822.9,1
823182.94,1
3.5366182e+06,1
744731.75,1
4.325338e+07,1
2.6245118e+06,1
1.7656922e+06,1
6.392284e+06,1
1.2085876e+06,1
1.0344576e+06,1
932905.7,1
3.9208882e+06,1
810298.0,1
3.407804e+06,1
727686.25,1
4.2939616e+07,1
2.8410508e+06,1
2793.3389,1
1.3753258e+06,1
1.1093764e+06,1
5.0052415e+06,1
917516.4,1
858277.8,1
3.6182192e+06,1
766626.4,1
4.451383e+07,1
3.031047e+06,1
1.5055348e+06,1
1.1972848e+06,1
5.1646025e+06,1
974923.9,1
904604.8,1
3.7901385e+06,1
803165.94,1
4.4919704e+07,1
1.729978e+06,1
1.3324271e+06,1
5.56718e+06,1
1.0646964e+06,1
3.9922195e+06,1
910815.2,1
860129.4,1
4.5642388e+07,1
3.5000338e+06,1
2.6637638e+06,1
2.2155652e+06,1
8.2839365e+06,1
1.6697119e+06,1
1.4860255e+06,1
6.2009e+06,1
1.2113171e+06,1
1.1081295e+06,1
4.5195015e+06,1
2794.9285,1
864489.4,1
3.4335572e+06,1
740051.7,1
4.5786936e+07,1
3.6976975e+06,1
2.6304352e+06,1
2.0985045e+06,1
7.4100465e+06,1
1.5145551e+06,1
1.0015598e+06,1
3.9169018e+06,1
811080.4,1
4.176215e+07,1
4.403646e+06,1
3.1053825e+06,1
2.4513128e+06,1
8.308852e+06,1
1.129979e+06,1
4.1871575e+06,1
898878.25,1
4.776776e+07,1
4.6666435e+06,1
3.388995e+06,1
9.399642e+06,1
2.3242762e+06,1
2791.4312,1
1.2413214e+06,1
4.4906675e+06,1
980933.5,1
3.984285e+07,1
1.2391112e+07,1
4.5691925e+06,1
6.099426e+06,1
2.6335108e+06,1
7.0165395e+06,1
3.4534088e+06,1
1.0498961e+06,1
1.5010904e+06,1
915486.6,1
2.8201065e+06,1
1.2467881e+06,1
2.5614588e+06,1
742779.1,1
2.8175686e+07,1
2.3225842e+06,1
1.5254152e+06,1
1.04050525e+06,1
4.3497655e+06,1
1.1761755e+06,1
2.968934e+06,1
818889.25,1
3.6533584e+07,1
2.8715105e+06,1
2790.3066,1
1.5240085e+06,1
1.119327e+06,1
4.7441005e+06,1
1.1391546e+06,1
3.2741922e+06,1
865684.5,1
4.2546176e+07,1
4.7435145e+06,1
2.2226008e+06,1
1.6757352e+06,1
6.297774e+06,1
1.4069009e+06,1
1.167037e+06,1
4.87065e+06,1
1.0807584e+06,1
917591.75,1
3.334362e+06,1
816813.8,1
846525.2,1
2.8362068e+06,1
688170.44,1
4.3530956e+07,1
2.8526588e+06,1
1.8382341e+06,1
1.3876514e+06,1
5.575391e+06,1
992041.5,1
3.3896472e+06,1
787934.94,1
4.3016296e+07,1
4.0308348e+06,1
5.087922e+06,1
1.7198875e+06,1
3.4099992e+06,1
2789.5261,1
1.2350291e+06,1
6.4076465e+06,1
2.6695135e+06,1
832246.5,1
4.5912136e+07,1
3.4477548e+06,1
2.0918215e+06,1
6.299747e+06,1
1.4426101e+06,1
1.534372e+06,1
3.4576385e+06,1
910683.3,1
4.503074e+07,1
4.2065105e+06,1
6.26817e+06,1
2.0582539e+06,1
3.555823e+06,1
7.209401e+06,1
2.6766728e+06,1
979049.8,1
4.5291084e+07,1
4.525281e+06,1
7.5111685e+06,1
2.2515738e+06,1
3.2015142e+06,1
1.6107208e+06,1
2788.4248,1
7.79961e+06,1
2.2176115e+06,1
987159.1,1
4.583971e+07,1
4.4394915e+06,1
8.1562325e+06,1
2.3913135e+06,1
2.9281368e+06,1
1.7215935e+06,1
8.3273595e+06,1
1.8747534e+06,1
1.00455694e+06,1
4.511877e+07,1
4.51315e+06,1
5.0408355e+06,1
2.5195892e+06,1
6.6751445e+06,1
3.1164682e+06,1
1.275532e+06,1
3.3274095e+06,1
1.060293e+06,1
2.383176e+06,1
2.6226062e+06,1
2.021167e+06,1
804774.0,1
1.9323875e+06,1
725143.25,1
1.7281928e+06,1
1.6741998e+06,1
635028.5,1
3.2385312e+07,1
2.1626392e+06,1
2790.5066,1
2.1182648e+06,1
1.03570975e+06,1
3.5559215e+06,1
851014.8,1
1.5360405e+06,1
2.3850555e+06,1
702352.44,1
4.362352e+07,1
3.079451e+06,1
2.132934e+06,1
1.1804972e+06,1
4.353166e+06,1
934905.25,1
1.3729326e+06,1
2.9388808e+06,1
753437.06,1
4.37398e+07,1
2.2405665e+06,1
1.3570405e+06,1
4.905393e+06,1
1.0481222e+06,1
1.2926871e+06,1
3.2967045e+06,1
825488.25,1
4.5219004e+07,1
3.5110245e+06,1
2790.0115,1
2.1171822e+06,1
1.41362e+06,1
5.2629815e+06,1
1.096411e+06,1
3.6577965e+06,1
1.1376115e+06,1
855097.94,1
4.4797456e+07,1
3.6839288e+06,1
2.1440058e+06,1
1.5037129e+06,1
5.656796e+06,1
1.1527399e+06,1
1.7752912e+06,1
3.8049535e+06,1
878755.25,1
4.6119424e+07,1
2.5025105e+06,1
1.744717e+06,1
6.2906155e+06,1
1.2853788e+06,1
1.1914681e+06,1
4.8047625e+06,1
940907.5,1
3.8859932e+07,1
4.1012528e+06,1
2799.326,1
5.019651e+06,1
1.768753e+06,1
3.8746932e+06,1
6.7932495e+06,1
3.2098062e+06,1
998928.75,1
4.6496136e+07,1
1.0676502e+07,1
6.6306285e+06,1
1.5802102e+07,1
4.5610955e+06,1
3.2578602e+06,1
9.67951e+06,1
2.443642e+06,1
5.7276435e+06,1
1.5398741e+06,1
1.4133326e+06,1
906252.75,1
2.9959475e+06,1
1.1316709e+06,1
2.541342e+06,1
728655.94,1
3.5688984e+07,1
2.6410692e+06,1
1.4622449e+06,1
1.0168415e+06,1
4.449358e+06,1
1.1023944e+06,1
2.9509288e+06,1
791619.94,1
4.1232276e+07,1
4.8558865e+06,1
2786.055,1
3.2908342e+06,1
1.1207891e+06,1
2.7314542e+06,1
6.276099e+06,1
2.4324512e+06,1
853489.3,1
4.1961484e+07,1
9.61091e+06,1
2.151418e+06,1
1.2089588e+06,1
4.2161245e+06,1
1.0165188e+06,1
1.5710371e+06,1
2.9457338e+06,1
860081.44,1
4.19018e+07,1
2.0254676e+06,1
1.286115e+06,1
4.7480755e+06,1
1.0732469e+06,1
1.3898192e+06,1
3.377378e+06,1
901653.56,1
4.3385172e+07,1
2791.7214,1
1.9634618e+06,1
1.3544232e+06,1
5.0120235e+06,1
1.1225032e+06,1
2.1176278e+06,1
3.5757975e+06,1
934187.56,1
4.4513108e+07,1
3.2903558e+06,1
1.8836185e+06,1
1.375533e+06,1
5.327207e+06,1
1.1292058e+06,1
1.2047011e+06,1
3.7694765e+06,1
931485.75,1
4.2104388e+07,1
3.002464e+06,1
2.3075485e+06,1
7.882648e+06,1
1.7957738e+06,1
1.5011345e+06,1
5.8648485e+06,1
1.3065881e+06,1
1.1239376e+06,1
4.1121112e+06,1
982008.7,1
944935.44,1
3.2301228e+06,1
766251.9,1
3.906681e+07,1
3.6187738e+06,1
5.7342765e+06,1
1.9558322e+06,1
3.6209852e+06,1
2791.8127,1
6.4311875e+06,1
2.6935178e+06,1
863620.94,1
4.658258e+07,1
4.386503e+06,1
3.6046115e+06,1
2.3714785e+06,1
7.086644e+06,1
1.682181e+06,1
2.1725588e+06,1
3.5294222e+06,1
908854.7,1
4.622697e+07,1
4.283367e+06,1
2.953289e+06,1
8.175296e+06,1
2.0041909e+06,1
1.4921966e+06,1
3.8831415e+06,1
970151.94,1
4.685282e+07,1
7.005881e+06,1
4.6112015e+06,1
1.1555191e+07,1
2.6003732e+06,1
2792.8284,1
1.5263279e+06,1
4.492119e+06,1
1.0511868e+06,1
1.1454426e+06,1
916998.8,1
3.7716315e+06,1
2.9048828e+07,1
2.9026625e+06,1
1.4784135e+06,1
1.1637929e+06,1
5.2325365e+06,1
1.1485794e+06,1
3.453039e+06,1
903221.8,1
3.4056708e+07,1
3.5280478e+06,1
3.2698442e+06,1
1.2288039e+06,1
3.153718e+06,1
2.880358e+06,1
6.2423895e+06,1
939890.7,1
3.7185884e+07,1
5.943743e+06,1
2786.2502,1
2.855811e+06,1
1.7935996e+06,1
6.0680735e+06,1
1.9111349e+06,1
1.2462761e+06,1
4.6296465e+06,1
1.4730411e+06,1
3.138537e+06,1
911929.5,1
865750.06,1
1.173584e+06,1
2.5731215e+06,1
726133.8,1
3.799278e+07,1
3.0639352e+06,1
4.711117e+06,1
1.4679352e+06,1
2.7197768e+06,1
6.8153955e+06,1
2.1867232e+06,1
825774.5,1
4.4547556e+07,1
4.0828965e+06,1
3.1945225e+06,1
1.7612075e+06,1
5.48824e+06,1
1.270517e+06,1
1.7515806e+06,1
2.993329e+06,1
861357.94,1
4.518761e+07,1
2790.3384,1
3.5165368e+06,1
2.1270505e+06,1
6.44167e+06,1
1.4721961e+06,1
1.6004175e+06,1
3.5170185e+06,1
935238.7,1
4.122661e+07,1
4.306628e+06,1
6.3818605e+06,1
2.1041322e+06,1
3.598501e+06,1
2.8415365e+06,1
7.016692e+06,1
999577.25,1
4.658707e+07,1
4.5136855e+06,1
3.9548215e+06,1
2.2820478e+06,1
6.5991795e+06,1
1.635737e+06,1
3.6448882e+06,1
1.9132834e+06,1
1.0063584e+06,1
4.146604e+07,1
2792.0063,1
4.3182335e+06,1
2.7212192e+06,1
7.390079e+06,1
1.8693352e+06,1
2.439148e+06,1
3.9516775e+06,1
1.05817e+06,1
4.4677224e+07,1
4.633917e+06,1
3.6831042e+06,1
2.5769248e+06,1
8.080568e+06,1
1.8983519e+06,1
1.316022e+06,1
4.5403365e+06,1
1.3937038e+06,1
1.0172715e+06,1
3.723738e+06,1
1.1179484e+06,1
830256.75,1
2.9360692e+06,1
747233.1,1
915475.7,1
2.622533e+06,1
654016.4,1
4.118834e+07,1
2.0268876e+06,1
2.9722e+06,1
9.856777e+16,1
1.2147298e+06,1
918161.2,1
4.4515335e+06,1
912280.9,1
3.9750632e+06,1
690731.56,1
4.4262732e+07,1
2794.1096,1
3.0980255e+06,1
1.5811609e+06,1
1.138685e+06,1
4.9969025e+06,1
908867.2,1
1.1594242e+06,1
3.3652705e+06,1
738688.06,1
4.48937e+07,1
1.8498738e+06,1
1.3235569e+06,1
5.093214e+06,1
1.02649794e+06,1
986319.25,1
3.6814525e+06,1
812345.8,1
4.213147e+07,1
3.607633e+06,1
1.8868329e+06,1
1.404851e+06,1
5.698732e+06,1
1.0870319e+06,1
5.107019e+06,1
939475.75,1
846986.7,1
2795.57,1
4.5764336e+07,1
2.1668845e+06,1
1.5753168e+06,1
5.8272235e+06,1
1.1903225e+06,1
1.0725978e+06,1
5.408644e+06,1
906828.75,1
3.8176388e+07,1
3.7711695e+06,1
4.412391e+06,1
1.6205234e+06,1
3.817073e+06,1
1.2308588e+06,1
6.4954785e+06,1
3.1837635e+06,1
922936.6,1
4.58742e+07,1
3.03558e+06,1
1.8292709e+06,1
5.8636965e+06,1
1.344014e+06,1
2788.1775,1
1.5749368e+06,1
3.7703825e+06,1
974704.8,1
4.5675228e+07,1
7.5053905e+06,1
4.998023e+06,1
1.307441e+07,1
3.450526e+06,1
2.6510788e+06,1
8.548441e+06,1
2.0497734e+06,1
1.5950254e+06,1
5.539752e+06,1
1.3437544e+06,1
1.1926429e+06,1
3.3720065e+06,1
820977.06,1
940697.8,1
730545.6,1
2.641275e+06,1
2.6127116e+07,1
2.4823752e+06,1
1.2655002e+06,1
965207.94,1
4.7607395e+06,1
949488.2,1
2.987244e+06,1
757945.5,1
4.0807412e+07,1
3.8928252e+06,1
1.3697406e+06,1
1.0728994e+06,1
4.372849e+06,1
2793.949,1
990213.6,1
3.4022922e+06,1
823377.6,1
4.2537556e+07,1
7.530805e+06,1
1.4105341e+06,1
1.2244062e+06,1
4.704113e+06,1
984748.75,1
976121.2,1
3.6110148e+06,1
834476.44,1
4.304556e+07,1
2.925055e+06,1
1.5118304e+06,1
1.2146472e+06,1
5.0804295e+06,1
1.014166e+06,1
1.8014355e+06,1
3.6701785e+06,1
851953.8,1
4.3044776e+07,1
1.6559395e+06,1
1.3108612e+06,1
5.197981e+06,1
2787.019,1
1.0804414e+06,1
1.0254568e+06,1
3.8708575e+06,1
894078.1,1
4.152209e+07,1
3.3563438e+06,1
3.6826672e+06,1
1.375473e+06,1
3.5578455e+06,1
1.1128542e+06,1
6.351281e+06,1
3.8529355e+06,1
905695.56,1
3.9407736e+07,1
3.616643e+06,1
2.4588798e+06,1
7.786238e+06,1
2.2413248e+06,1
1.5701922e+06,1
5.6898605e+06,1
1.6277174e+06,1
1.1558345e+06,1
3.882142e+06,1
1.00216594e+06,1
1.4060692e+06,1
2.9049492e+06,1
759167.3,1
4.104055e+07,1
3.7233788e+06,1
2.7925548e+06,1
2.0205314e+06,1
6.76926e+06,1
2791.8892,1
1.2644768e+06,1
4.476255e+06,1
854941.06,1
4.566238e+07,1
4.504165e+06,1
3.3165705e+06,1
2.479588e+06,1
7.990198e+06,1
1.7562021e+06,1
1.2802249e+06,1
980884.56,1
4.5820165e+06,1
4.4686132e+07,1
4.538825e+06,1
3.4213358e+06,1
2.6394668e+06,1
8.482966e+06,1
1.3308306e+06,1
4.2360495e+06,1
984803.3,1
4.786328e+07,1
4.819871e+06,1
3.4779998e+06,1
9.412222e+06,1
2.408675e+06,1
2791.8086,1
1.610169e+06,1
5.240638e+06,1
1.0489204e+06,1
4.8146828e+07,1
6.212082e+06,1
4.2906635e+06,1
1.1150928e+07,1
2.6249962e+06,1
1.3479524e+06,1
1.1412932e+06,1
4.4470885e+06,1
1.0298271e+06,1
4.1062348e+06,1
901624.9,1
3.3300932e+07,1
2.908165e+06,1
1.4330522e+06,1
1.2080706e+06,1
5.437522e+06,1
1.061215e+06,1
3.8127928e+06,1
934852.2,1
4.051955e+07,1
3.6211462e+06,1
2.1040842e+06,1
1.7010344e+06,1
6.5154805e+06,1
1.3385924e+06,1
1.2061928e+06,1
5.1085845e+06,1
1.0327374e+06,1
3.6969098e+06,1
892795.9,1
848491.2,1
2790.386,1
806899.3,1
3.156098e+06,1
718828.5,1
4.361563e+07,1
2.8240865e+06,1
1.7611509e+06,1
1.383168e+06,1
5.7192665e+06,1
968971.06,1
3.699533e+06,1
815097.75,1
4.6322188e+07,1
3.9761312e+06,1
2.262541e+06,1
1.6870614e+06,1
6.220404e+06,1
1.2109906e+06,1
1.090749e+06,1
1.00356256e+06,1
899265.06,1
3.8104302e+06,1
782746.5,1
4.5805096e+07,1
3.511457e+06,1
2.173151e+06,1
1.6686651e+06,1
6.386712e+06,1
2787.2236,1
1.0882069e+06,1
941121.9,1
3.5658624e+07,1
5.2998715e+06,1
5.663499e+06,1
2.1078188e+06,1
4.545911e+06,1
1.4676588e+06,1
6.546505e+06,1
3.4191662e+06,1
938980.7,1
4.602522e+07,1
4.321867e+06,1
3.215107e+06,1
2.0998368e+06,1
6.98838e+06,1
1.509106e+06,1
1.5313429e+06,1
4.0174762e+06,1
960401.2,1
4.7128384e+07,1
4.309986e+06,1
3.1216708e+06,1
7.8903035e+06,1
1.8220858e+06,1
1.5775325e+06,1
2792.2048,1
1.4111745e+06,1
4.2176025e+06,1
974489.06,1
4.6658828e+07,1
4.450947e+06,1
3.2013515e+06,1
2.3627208e+06,1
7.7788755e+06,1
1.6969222e+06,1
1.4616515e+06,1
1.1475085e+06,1
4.604884e+06,1
1.103681e+06,1
912500.94,1
3.8561245e+06,1
897056.06,1
753354.3,1
3.0961585e+06,1
680947.5,1
735190.3,1
2.791891e+06,1
598832.2,1
4.1193892e+07,1
1.3062822e+06,1
1.0114756e+06,1
4.5246985e+06,1
833810.2,1
832054.4,1
3.240354e+06,1
692714.44,1
4.147824e+07,1
3.015267e+06,1
2795.2786,1
1.5220705e+06,1
1.1474632e+06,1
4.854344e+06,1
916405.06,1
878524.8,1
3.5055462e+06,1
744212.9,1
4.215749e+07,1
3.2996458e+06,1
1.664335e+06,1
1.2576896e+06,1
5.332358e+06,1
989452.4,1
922858.4,1
3.721165e+06,1
789254.2,1
4.0010204e+07,1
3.413624e+06,1
1.7914938e+06,1
1.3575039e+06,1
5.693933e+06,1
1.055359e+06,1
963458.94,1
3.89457e+06,1
827283.5,1
4.295366e+07,1
3.566655e+06,1
1.906055e+06,1
1.446863e+06,1
5.8741435e+06,1
2793.0388,1
1.1139368e+06,1
999103.25,1
4.0293558e+06,1
858689.1,1
4.5217556e+07,1
3.6770462e+06,1
2.0186475e+06,1
1.5338598e+06,1
6.015715e+06,1
1.1694126e+06,1
1.0311914e+06,1
943426.06,1
4.020877e+07,1
4.562072e+06,1
4.7712745e+06,1
1.7269831e+06,1
4.3313675e+06,1
1.2819342e+06,1
6.450069e+06,1
3.5213292e+06,1
938413.7,1
4.643381e+07,1
7.400241e+06,1
4.8188605e+06,1
1.2835029e+07,1
3.5159425e+06,1
2.5752465e+06,1
8.403773e+06,1
2.1313392e+06,1
1.5605058e+06,1
5.448358e+06,1
1.31466e+06,1
2789.066,1
1.2655896e+06,1
3.3432492e+06,1
800927.44,1
4.6470108e+07,1
1.8280858e+07,1
1.2345774e+07,1
2.3478352e+07,1
2.976274e+06,1
2.0183521e+06,1
1.6886151e+06,1
1.2730781e+06,1
919430.6,1
4.7898575e+06,1
955218.44,1
740325.7,1
2.8529482e+06,1
807893.75,1
2.5745808e+06,1
610469.94,1
3.063973e+07,1
3.3977688e+06,1
2.922036e+06,1
893759.8,1
2.425134e+06,1
6.0909745e+06,1
2.1749642e+06,1
699046.94,1
4.114653e+07,1
4.1426138e+06,1
2789.051,1
1.7891491e+06,1
1.00771706e+06,1
3.870121e+06,1
1.3437794e+06,1
2.7414072e+06,1
770608.1,1
732034.06,1
3.864293e+07,1
2.6869702e+06,1
1.6936028e+06,1
1.0810612e+06,1
4.300206e+06,1
908808.5,1
1.1787636e+06,1
3.08214e+06,1
770559.2,1
3.7670276e+07,1
2.9325742e+06,1
1.6611972e+06,1
1.1490351e+06,1
4.8038435e+06,1
955422.7,1
1.1046755e+06,1
3.3727325e+06,1
802104.8,1
4.128544e+07,1
3.013725e+06,1
2793.1985,1
1.6558565e+06,1
1.2076922e+06,1
4.975422e+06,1
995415.9,1
1.061628e+06,1
3.5942335e+06,1
828031.4,1
4.450138e+07,1
3.1088508e+06,1
2.3837872e+06,1
1.8740086e+06,1
7.219449e+06,1
1.5131731e+06,1
1.2775129e+06,1
5.405169e+06,1
1.130466e+06,1
978246.0,1
3.8854318e+06,1
856276.2,1
809717.75,1
801443.94,1
3.0718862e+06,1
658186.06,1
4.3700652e+07,1
3.0920962e+06,1
2.1532915e+06,1
1.661666e+06,1
6.414364e+06,1
1.212068e+06,1
928557.4,1
3.5969545e+06,1
736263.25,1
4.5898108e+07,1
4.0659055e+06,1
2.7167842e+06,1
2.0659849e+06,1
7.125873e+06,1
1.44792e+06,1
2789.4048,1
1.0226358e+06,1
3.9458048e+06,1
807270.9,1
4.7045636e+07,1
4.1836138e+06,1
2.8514405e+06,1
2.1977408e+06,1
7.7478115e+06,1
1.5244384e+06,1
1.33216e+06,1
1.1900015e+06,1
951457.1,1
4.0432805e+06,1
786921.3,1
4.690563e+07,1
3.9894705e+06,1
2.8629178e+06,1
2.2667145e+06,1
8.024423e+06,1
1.1265395e+06,1
4.3155725e+06,1
886835.8,1
4.7774668e+07,1
4.481104e+06,1
3.2646778e+06,1
2.5844775e+06,1
8.743983e+06,1
1.8400756e+06,1
2789.3877,1
1.1506816e+06,1
4.4449905e+06,1
923946.25,1
4.4285476e+07,1
9.425636e+06,1
3.555405e+06,1
5.4993975e+06,1
2.3899675e+06,1
6.9148815e+06,1
3.4644942e+06,1
997930.7,1
4.6988216e+07,1
1.6768729e+07,1
1.0238319e+07,1
2.0138796e+07,1
2.7616065e+06,1
2.2711135e+06,1
1.4821312e+06,1
5.556194e+06,1
1.5454079e+06,1
1.0671245e+06,1
4.4757125e+06,1
1.2079069e+06,1
852667.25,1
2.9440732e+06,1
763596.25,1
975178.0,1
2.5504508e+06,1
654370.8,1
4.268158e+07,1
2.5838132e+06,1
2793.7349,1
1.7633414e+06,1
1.2304131e+06,1
4.939399e+06,1
1.0627342e+06,1
3.1633772e+06,1
758898.5,1
2.6746888e+06,1
681961.06,1
794820.8,1
620662.06,1
704160.6,1
554319.0,1
2.1749338e+06,1
500318.84,1
575505.3,1
1.927814e+06,1
433256.6,1
4.203352e+07,1
3.1777185e+06,1
4.1578272e+06,1
1.2062536e+06,1
2.215681e+06,1
6.041668e+06,1
1.7044785e+06,1
577154.0,1
4.4574616e+07,1
3.9986495e+06,1
2792.4739,1
2.950066e+06,1
5.769987e+06,1
1.3774305e+06,1
1.3814162e+06,1
2.774231e+06,1
718131.75,1
4.627095e+07,1
4.1725582e+06,1
2.636889e+06,1
2.3684298e+06,1
6.4179105e+06,1
1.3751812e+06,1
1.2914028e+06,1
3.3247855e+06,1
791217.94,1
3.953274e+07,1
4.3383035e+06,1
2.8196212e+06,1
3.9525948e+06,1
1.7592442e+06,1
7.721084e+06,1
2.5165125e+06,1
895994.94,1
4.661379e+07,1
4.4726645e+06,1
4.0698255e+06,1
2.3895712e+06,1
6.8906695e+06,1
2790.8916,1
1.69152e+06,1
2.0987352e+06,1
1.1021559e+06,1
3.6751278e+06,1
1.6159459e+06,1
862268.94,1
2.9808905e+06,1
1.2981949e+06,1
706562.94,1
2.2742992e+06,1
636398.06,1
1.0803704e+06,1
2.0033722e+06,1
557013.4,1
3.5155264e+07,1
2.0046219e+06,1
1.5273239e+06,1
940331.9,1
4.0534458e+06,1
771913.1,1
1.039027e+06,1
2.6261238e+06,1
637874.94,1
4.369227e+07,1
2.8971865e+06,1
1.6651941e+06,1
1.0884346e+06,1
4.4464785e+06,1
864640.44,1
1.0071133e+06,1
3.0433805e+06,1
699774.5,1
4.450998e+07,1
3.1550588e+06,1
2793.056,1
1.7308912e+06,1
1.1998725e+06,1
4.8584145e+06,1
1.0490164e+06,1
3.3999732e+06,1
786409.75,1
4.2647308e+07,1
3.7516952e+06,1
4.2161645e+06,1
1.3884921e+06,1
3.209664e+06,1
1.0652744e+06,1
6.509498e+06,1
2.682862e+06,1
824862.06,1
4.3411836e+07,1
5.437291e+06,1
1.5679449e+06,1
2.805043e+06,1
1.1774326e+06,1
7.2855565e+06,1
2.2525868e+06,1
891151.2,1
4.4933476e+07,1
3.7823535e+06,1
2786.922,1
3.3052272e+06,1
1.5943505e+06,1
5.015621e+06,1
2.1593322e+06,1
3.0963678e+06,1
955951.56,1
4.069655e+07,1
4.2738685e+06,1
3.1284132e+06,1
1.7476902e+06,1
5.815843e+06,1
1.306362e+06,1
1.8010841e+06,1
3.4979585e+06,1
956522.9,1
4.0876372e+07,1
1.1767761e+07,1
1.891706e+07,1
5.2871875e+06,1
4.574761e+06,1
3.3378298e+06,1
1.0335297e+07,1
2.3159202e+06,1
1.6586425e+06,1
5.655252e+06,1
1.3082034e+06,1
874158.7,1
3.028828e+06,1
1.057067e+06,1
2.7599875e+06,1
705957.8,1
3.315419e+07,1
2.564967e+06,1
2793.7793,1
1.383667e+06,1
988174.25,1
4.570677e+06,1
1.0424703e+06,1
2.9776275e+06,1
774362.25,1
3.7676588e+07,1
3.308783e+06,1
3.211896e+06,1
1.0829995e+06,1
2.7401402e+06,1
6.34401e+06,1
2.4491452e+06,1
834937.06,1
3.6103964e+07,1
5.8893775e+06,1
4.0643258e+06,1
1.1732036e+06,1
2.3450835e+06,1
992500.5,1
2.064731e+06,1
887225.5,1
3.9275204e+07,1
2788.9265,1
3.3247148e+06,1
2.8567812e+06,1
1.2654862e+06,1
4.106957e+06,1
1.0571749e+06,1
2.0936242e+06,1
2.6988555e+06,1
885859.2,1
4.068979e+07,1
3.1500608e+06,1
2.4637712e+06,1
1.306286e+06,1
4.4444265e+06,1
1.0778914e+06,1
1.7269199e+06,1
3.1395125e+06,1
893435.44,1
4.4253908e+07,1
3.2239222e+06,1
2.223353e+06,1
1.3430711e+06,1
4.8423055e+06,1
1.097034e+06,1
1.472395e+06,1
3.4304512e+06,1
896050.56,1
2788.1084,1
4.42921e+07,1
3.4736585e+06,1
3.0051035e+06,1
2.1937345e+06,1
7.856983e+06,1
1.9704108e+06,1
1.4815815e+06,1
5.8087525e+06,1
1.4575091e+06,1
1.1117354e+06,1
4.083524e+06,1
961406.4,1
1.0487121e+06,1
3.0357485e+06,1
730297.1,1
4.520101e+07,1
3.5327145e+06,1
2.6618625e+06,1
1.9929306e+06,1
6.929682e+06,1
1.445045e+06,1
1.1252989e+06,1
3.6252485e+06,1
803534.4,1
4.378797e+07,1
4.2549995e+06,1
2.9683258e+06,1
6.215218e+06,1
4.0165012e+06,1
1.6543162e+06,1
6.8324e+06,1
2.7627808e+06,1
860560.9,1
4.6701776e+07,1
2799.8005,1
4.3279915e+06,1
3.8720138e+06,1
2.5085125e+06,1
7.5646995e+06,1
1.7912664e+06,1
1.6872236e+06,1
3.5982798e+06,1
902519.2,1
4.6462708e+07,1
5.4673965e+06,1
1.0173952e+07,1
2.7086815e+06,1
1.6948908e+06,1
4.1868848e+06,1
1.0353902e+06,1
4.717485e+07,1
7.564611e+06,1
4.944882e+06,1
1.218549e+07,1
2.7044088e+06,1
2789.0046,1
1.6255769e+06,1
4.626119e+06,1
1.094757e+06,1
4.8197556e+07,1
1.6917528e+07,1
1.0943245e+07,1
2.1709382e+07,1
2.823361e+06,1
5.055068e+06,1
3.7256015e+06,1
1.2809854e+06,1
1.0568459e+06,1
4.362331e+07,1
5.0654825e+06,1
2.6501388e+06,1
1.9638699e+06,1
6.6083455e+06,1
1.572636e+06,1
1.3350556e+06,1
5.135726e+06,1
1.1941872e+06,1
1.0415169e+06,1
3.5183378e+06,1
922715.75,1
925364.2,1
3.020703e+06,1
775209.0,1
4.3626784e+07,1
2.949729e+06,1
1.8938778e+06,1
1.4603135e+06,1
5.595916e+06,1
2788.7573,1
1.066561e+06,1
3.5475918e+06,1
867788.06,1
4.6184616e+07,1
3.9816512e+06,1
2.3003008e+06,1
1.70661e+06,1
5.982945e+06,1
1.257229e+06,1
1.0702986e+06,1
3.7853565e+06,1
890373.6,1
4.6499356e+07,1
2.8273308e+06,1
2.0292466e+06,1
6.7967945e+06,1
1.4298504e+06,1
1.1572451e+06,1
4.0663068e+06,1
957246.2,1
4.69326e+07,1
4.2252985e+06,1
2.626499e+06,1
1.9974642e+06,1
6.8557135e+06,1
2793.0093,1
1.2408826e+06,1
4.2727135e+06,1
1.0157358e+06,1
4.6602252e+07,1
4.4611535e+06,1
2.8377142e+06,1
2.168657e+06,1
7.292047e+06,1
1.5685769e+06,1
1.2152718e+06,1
4.3660815e+06,1
1.0114597e+06,1
4.1994156e+07,1
3.5450312e+06,1
2.6145245e+06,1
8.0559625e+06,1
1.8019451e+06,1
1.2994024e+06,1
4.550347e+06,1
1.0640721e+06,1
3.946901e+07,1
4.720866e+06,1
6.4988795e+06,1
2.4918258e+06,1
4.721602e+06,1
2.6762168e+06,1
1.2934438e+06,1
3.5616005e+06,1
1.9290952e+06,1
1.0093845e+06,1
3.0483468e+06,1
2789.1846,1
1.3394621e+06,1
825479.3,1
2.5932322e+06,1
742987.44,1
5.607083e+06,1
2.330307e+06,1
651231.8,1
3.3960012e+07,1
3.2277098e+06,1
1.0682305e+06,1
2.3461968e+06,1
885524.75,1
6.3307825e+06,1
2.0182675e+06,1
738107.94,1
3.7829524e+07,1
3.1288032e+06,1
2.2126478e+06,1
1.1929289e+06,1
4.24833e+06,1
1.5139592e+06,1
2.7325752e+06,1
817989.5,1
4.481172e+07,1
3.628409e+06,1
1.7563398e+06,1
5.0818765e+06,1
1.1731961e+06,1
2788.7449,1
1.4957552e+06,1
3.2169948e+06,1
890699.3,1
4.4753016e+07,1
3.8036968e+06,1
4.739421e+06,1
1.5066592e+06,1
3.047548e+06,1
1.1667414e+06,1
6.898412e+06,1
2.5109072e+06,1
907328.06,1
4.4084772e+07,1
3.7016138e+06,1
2.9214875e+06,1
1.5616556e+06,1
4.979425e+06,1
1.2029231e+06,1
1.7935779e+06,1
3.1829852e+06,1
918172.25,1
4.3297116e+07,1
3.8796125e+06,1
5.401991e+06,1
1.6812324e+06,1
3.0854182e+06,1
1.268415e+06,1
2792.0813,1
2.5366738e+06,1
7.121239e+06,1
936474.9,1
4.540729e+07,1
3.9399368e+06,1
6.1578575e+06,1
1.759357e+06,1
2.6495435e+06,1
1.315133e+06,1
7.7161055e+06,1
2.0161156e+06,1
949864.0,1
4.5182492e+07,1
2.2362132e+07,1
7.033239e+06,1
6.087745e+06,1
1.135107e+07,1
3.339294e+06,1
3.5397188e+06,1
5.796738e+06,1
1.6545758e+06,1
2.0704315e+06,1
1.3675105e+06,1
2.8865512e+06,1
840708.56,1
1.2627148e+06,1
7.004514e+06,1
1.1475525e+06,1
681081.75,1
3.2524126e+07,1
2.5299318e+06,1
2789.5981,1
2.3666352e+06,1
959168.4,1
3.3541278e+06,1
1.9098589e+06,1
1.8806882e+06,1
745912.2,1
1.5573894e+06,1
638001.0,1
1.427107e+06,1
1.3227611e+06,1
1.2519951e+06,1
515511.94,1
4.131443e+07,1
7.0912965e+06,1
1.6911302e+06,1
878669.8,1
3.3639035e+06,1
728330.25,1
1.1930621e+06,1
2.061057e+06,1
610122.4,1
4.015469e+07,1
2.7078888e+06,1
2796.5386,1
3.4651555e+06,1
999954.6,1
1.9565699e+06,1
819960.25,1
1.6843152e+06,1
720124.4,1
4.267058e+07,1
3.2713578e+06,1
2.4617338e+06,1
1.1399548e+06,1
3.6045908e+06,1
926777.0,1
1.6863542e+06,1
2.4539522e+06,1
761947.0,1
4.3661044e+07,1
3.0702382e+06,1
2.1582908e+06,1
1.211907e+06,1
4.557276e+06,1
981119.75,1
1.4343241e+06,1
2.9746955e+06,1
801646.75,1
4.220068e+07,1
3.2107808e+06,1
6.410434e+06,1
1.9389826e+06,1
3.4016982e+06,1
4.31994e+06,1
1.3026255e+06,1
2.6830145e+06,1
2.6623795e+06,1
982096.6,1
2.17085e+06,1
2791.763,1
6.3672965e+06,1
1.8465841e+06,1
692179.1,1
4.325023e+07,1
3.4956002e+06,1
3.0945352e+06,1
1.8284196e+06,1
5.805764e+06,1
1.3126575e+06,1
1.5596731e+06,1
2.807997e+06,1
766401.3,1
4.614239e+07,1
4.1277678e+06,1
3.2997735e+06,1
2.1697718e+06,1
6.9701065e+06,1
1.5269915e+06,1
1.4502392e+06,1
3.3883275e+06,1
832026.2,1
4.6767412e+07,1
4.279536e+06,1
3.3184682e+06,1
2.34142e+06,1
7.4969245e+06,1
1.6603532e+06,1
2792.0208,1
1.3707961e+06,1
3.7791278e+06,1
882932.4,1
4.722539e+07,1
4.3887345e+06,1
3.3792145e+06,1
2.5087142e+06,1
8.009831e+06,1
1.7924778e+06,1
1.3277314e+06,1
4.076065e+06,1
925699.3,1
4.7523904e+07,1
4.3743685e+06,1
3.1769048e+06,1
8.989254e+06,1
2.2520228e+06,1
1.9178556e+06,1
1.3103704e+06,1
4.315291e+06,1
961629.5,1
3.732216e+07,1
1.064146e+07,1
3.8395108e+06,1
5.4881165e+06,1
2.5060002e+06,1
2785.9915,1
7.1168905e+06,1
3.291887e+06,1
1.029861e+06,1
4.6838304e+07,1
1.8549636e+07,1
1.1620187e+07,1
2.1936944e+07,1
2.8021935e+06,1
2.39837e+06,1
1.515333e+06,1
5.767686e+06,1
1.6394361e+06,1
1.0907168e+06,1
4.6812265e+06,1
1.2872056e+06,1
869873.4,1
2.8232252e+06,1
778237.0,1
1.03929206e+06,1
2.4251455e+06,1
664571.25,1
4.2798016e+07,1
2.6427818e+06,1
1.8729678e+06,1
1.2812302e+06,1
5.085613e+06,1
985489.7,1
1.06162e+06,1
3.053593e+06,1
738292.94,1
4.5278748e+07,1
3.5516782e+06,1
2.1450805e+06,1
1.4842354e+06,1
5.572141e+06,1
2794.2134,1
1.0963332e+06,1
1.0542255e+06,1
3.3993088e+06,1
785513.3,1
4.4054296e+07,1
3.8439098e+06,1
5.123953e+06,1
1.7026896e+06,1
3.3974888e+06,1
1.2325656e+06,1
6.363539e+06,1
2.6394352e+06,1
825313.5,1
4.623602e+07,1
3.8004458e+06,1
2.3287715e+06,1
6.775982e+06,1
1.5805722e+06,1
1.5994555e+06,1
3.5191068e+06,1
917934.0,1
4.613511e+07,1
4.416661e+06,1
3.3058478e+06,1
2.2725998e+06,1
7.2265335e+06,1
1.6176284e+06,1
2786.7297,1
1.4505201e+06,1
3.8633605e+06,1
942929.75,1
4.7284868e+07,1
4.434087e+06,1
3.3458628e+06,1
2.4548925e+06,1
8.0265335e+06,1
1.4651655e+06,1
4.21255e+06,1
1.01844844e+06,1
4.477217e+07,1
4.7069325e+06,1
7.3025745e+06,1
2.6645222e+06,1
4.566752e+06,1
1.9135382e+06,1
3.0656068e+06,1
1.2396911e+06,1
3.196014e+06,1
2.2154488e+06,1
961612.1,1
2.7138435e+06,1
1.5547212e+06,1
786704.4,1
2.28482e+06,1
709042.2,1
5.7865795e+06,1
2.0342051e+06,1
619494.5,1
3.5621536e+07,1
2794.0168,1
1.8158004e+06,1
1.0930626e+06,1
4.267721e+06,1
880788.9,1
1.1818656e+06,1
2.7312315e+06,1
715009.8,1
4.2789264e+07,1
3.1727542e+06,1
3.955084e+06,1
1.2266995e+06,1
2.5926268e+06,1
961740.2,1
6.494224e+06,1
2.1628192e+06,1
764915.25,1
4.3854932e+07,1
4.925809e+06,1
1.4042522e+06,1
2.2992838e+06,1
1.074139e+06,1
7.049401e+06,1
1.8485651e+06,1
833531.9,1
4.43701e+07,1
3.624892e+06,1
2795.6155,1
3.1064325e+06,1
1.4900581e+06,1
4.691705e+06,1
1.1380826e+06,1
1.9794822e+06,1
2.7116782e+06,1
866981.06,1
4.512545e+07,1
3.5214608e+06,1
2.8309848e+06,1
2.622281e+06,1
1.462169e+06,1
5.17011e+06,1
1.1346694e+06,1
3.2434285e+06,1
1.5727645e+06,1
856352.44,1
4.568449e+07,1
3.7757638e+06,1
2.7029768e+06,1
1.6587668e+06,1
5.9058595e+06,1
1.2351936e+06,1
1.4778094e+06,1
3.5810265e+06,1
890927.3,1
4.0864852e+07,1
4.0248502e+06,1
3.3150562e+06,1
2790.8184,1
2.1112005e+06,1
2.0015992e+06,1
1.41126e+06,1
6.13492e+06,1
1.3147826e+06,1
3.8276328e+06,1
1.1072328e+06,1
816558.9,1
3.2609942e+06,1
934521.0,1
3.0066215e+06,1
671432.8,1
2.951231e+07,1
2.6585135e+06,1
1.9816839e+06,1
7.607134e+06,1
1.4786046e+06,1
1.4385158e+06,1
1.2015764e+06,1
4.976808e+06,1
1.02884856e+06,1
922133.2,1
724918.6,1
3.079068e+06,1
738705.7,1
2.6560855e+06,1
586532.56,1
3.541166e+07,1
3.2628058e+06,1
2.7104068e+06,1
869652.06,1
2.474058e+06,1
5.8700115e+06,1
2.2133572e+06,1
672538.5,1
4.2415956e+07,1
1.0604877e+07,1
2791.5647,1
1.6749061e+06,1
1.0004164e+06,1
4.0925878e+06,1
841115.44,1
1.16499e+06,1
2.757477e+06,1
717579.75,1
4.0801148e+07,1
2.7409228e+06,1
1.5971405e+06,1
1.0684089e+06,1
4.4159525e+06,1
894539.25,1
1.0869602e+06,1
3.1197475e+06,1
757083.56,1
4.235719e+07,1
1.6747114e+06,1
1.1853334e+06,1
4.7672745e+06,1
979287.2,1
1.0761555e+06,1
3.4242988e+06,1
819116.94,1
4.4116784e+07,1
3.0568295e+06,1
2788.7458,1
1.6500636e+06,1
1.2313806e+06,1
5.145905e+06,1
1.1050878e+06,1
3.6764055e+06,1
882721.5,1
3.9893452e+07,1
3.7007508e+06,1
3.1262212e+06,1
1.4768976e+06,1
1.2110281e+06,1
5.2419735e+06,1
1.0229372e+06,1
9.856848e+16,1
952154.9,1
3.7397045e+06,1
798729.75,1
4.323324e+07,1
4.932619e+06,1
2.2873298e+06,1
1.8917401e+06,1
7.8207115e+06,1
1.4630791e+06,1
1.3609909e+06,1
5.887167e+06,1
1.1254296e+06,1
1.0037698e+06,1
4.1946965e+06,1
842550.25,1
3.267139e+06,1
703600.0,1
4.213252e+07,1
3.5427432e+06,1
2.4272772e+06,1
5.111905e+06,1
3.6633695e+06,1
2792.0784,1
1.3784034e+06,1
6.253191e+06,1
2.6653515e+06,1
770368.56,1
4.6452384e+07,1
4.195788e+06,1
3.4147488e+06,1
2.342678e+06,1
7.5170115e+06,1
1.4491244e+06,1
3.5722198e+06,1
873453.56,1
4.7208904e+07,1
4.4808325e+06,1
3.539032e+06,1
2.595263e+06,1
8.2810465e+06,1
1.8422555e+06,1
1.3386722e+06,1
3.8919458e+06,1
908015.94,1
4.4764836e+07,1
6.928412e+06,1
4.558356e+06,1
1.1654246e+07,1
2.539124e+06,1
2789.2527,1
1.3330709e+06,1
1.03347644e+06,1
4.1533175e+06,1
1.01864194e+06,1
3.3142162e+06,1
818076.1,1
3.6225976e+07,1
2.8844628e+06,1
1.4052684e+06,1
1.1221758e+06,1
4.8626905e+06,1
1.0395001e+06,1
3.5513698e+06,1
868928.7,1
4.1779824e+07,1
3.8207842e+06,1
1.474304e+06,1
1.197399e+06,1
4.9111415e+06,1
1.0680536e+06,1
3.734427e+06,1
914229.0,1
4.350841e+07,1
6.0599785e+06,1
2791.315,1
2.2313002e+06,1
1.7688668e+06,1
6.5931535e+06,1
1.3856686e+06,1
1.2259571e+06,1
5.078533e+06,1
1.0569752e+06,1
959067.56,1
3.653951e+06,1
851988.25,1
817125.4,1
3.118535e+06,1
713623.5,1
3.6161068e+07,1
3.0763048e+06,1
4.1043198e+06,1
1.4737679e+06,1
3.2247732e+06,1
6.229081e+06,1
2.6513455e+06,1
815293.0,1
4.5815696e+07,1
4.0109212e+06,1
2.757538e+06,1
1.7683102e+06,1
5.931102e+06,1
1.2730785e+06,1
3.420342e+06,1
1.2235848e+06,1
849773.6,1
4.3568704e+07,1
2789.0063,1
4.161004e+06,1
2.8713232e+06,1
2.0020396e+06,1
6.8050335e+06,1
1.3508302e+06,1
3.801219e+06,1
936303.56,1
4.711534e+07,1
4.414822e+06,1
3.0124115e+06,1
2.1898718e+06,1
7.008102e+06,1
1.5508555e+06,1
1.2812206e+06,1
4.038243e+06,1
954896.7,1
4.7227828e+07,1
3.632653e+06,1
2.6167055e+06,1
7.745845e+06,1
1.7942971e+06,1
4.4336115e+06,1
1.1826489e+06,1
1.01709925e+06,1
4.763842e+07,1
2797.4924,1
4.5066305e+06,1
3.2148488e+06,1
2.4850448e+06,1
8.0064625e+06,1
1.3787064e+06,1
4.4910975e+06,1
1.0715852e+06,1
4.526975e+07,1
4.814755e+06,1
3.4346728e+06,1
2.695292e+06,1
8.652471e+06,1
1.9410138e+06,1
1.4745968e+06,1
1.3096766e+06,1
4.9418925e+06,1
1.0975156e+06,1
993471.75,1
4.0906018e+06,1
887186.56,1
812938.9,1
3.286688e+06,1
749083.6,1
2.9897805e+06,1
3.942086e+07,1
2.447757e+06,1
2.8977535e+06,1
3.0706792e+06,1
1.0036731e+06,1
2786.891,1
6.001689e+06,1
2.5937988e+06,1
792977.25,1
3.9084104e+07,1
3.5789325e+06,1
2.0746029e+06,1
1.3188608e+06,1
4.835354e+06,1
1.2880882e+06,1
3.1938538e+06,1
864972.06,1
4.009781e+07,1
3.9568322e+06,1
2.179634e+06,1
1.4825735e+06,1
5.2188965e+06,1
1.1420575e+06,1
1.2085972e+06,1
945711.3,1
3.493974e+06,1
4.4782332e+07,1
2.314796e+06,1
1.6093455e+06,1
5.578622e+06,1
1.2241432e+06,1
2790.3652,1
1.2006175e+06,1
3.7893015e+06,1
935697.0,1
4.3332292e+07,1
3.8959098e+06,1
2.2853165e+06,1
1.6758715e+06,1
6.128118e+06,1
4.1606102e+06,1
1.145951e+06,1
995526.94,1
4.18347e+07,1
4.356567e+06,1
2.4674748e+06,1
1.824432e+06,1
6.509278e+06,1
1.3616308e+06,1
1.209625e+06,1
4.1884305e+06,1
991308.75,1
4.5846916e+07,1
2.7947525e+06,1
2.0186046e+06,1
6.710935e+06,1
1.4648852e+06,1
2793.2617,1
1.2482275e+06,1
4.339631e+06,1
1.0318838e+06,1
998710.9,1
919352.7,1
3.8120758e+06,1
850491.56,1
782714.9,1
3.3777535e+06,1
2.162938e+07,1
2.2968612e+06,1
1.8832974e+06,1
7.3832905e+06,1
1.4744296e+06,1
1.0275476e+06,1
894300.8,1
3.5188368e+06,1
797630.0,1
2.9936338e+06,1
712661.4,1
4.112015e+07,1
3.6338458e+06,1
1.2304622e+06,1
1.0206659e+06,1
4.618278e+06,1
883402.4,1
3.2979202e+06,1
786764.8,1
4.289906e+07,1
5.582357e+06,1
1.3560768e+06,1
1.1178668e+06,1
4.8359365e+06,1
2791.041,1
945874.9,1
900201.06,1
3.480143e+06,1
805172.9,1
4.1947916e+07,1
2.8352365e+06,1
1.4208106e+06,1
1.1693861e+06,1
4.8961535e+06,1
980658.9,1
925857.6,1
3.6443348e+06,1
825778.2,1
4.4103564e+07,1
3.0102942e+06,1
1.5213464e+06,1
1.2324795e+06,1
5.095241e+06,1
1.0183365e+06,1
953868.06,1
3.7943138e+06,1
847468.06,1
4.4606708e+07,1
3.1320325e+06,1
1.5988384e+06,1
1.2831508e+06,1
5.246438e+06,1
2788.3875,1
1.0496816e+06,1
976643.8,1
3.9113495e+06,1
864951.8,1
4.5040076e+07,1
3.2558482e+06,1
1.6792241e+06,1
1.3350536e+06,1
5.4108435e+06,1
1.0804924e+06,1
997992.6,1
4.0073548e+06,1
880451.5,1
4.5368424e+07,1
3.3799515e+06,1
2.5432935e+06,1
2.1099068e+06,1
8.1652485e+06,1
1.5987495e+06,1
1.4274808e+06,1
6.162086e+06,1
1.1734918e+06,1
1.0769701e+06,1
4.3920295e+06,1
862764.8,1
3.4351688e+06,1
745266.44,1
4.3074868e+07,1
3.646375e+06,1
5.74955e+06,1
2.0311964e+06,1
3.8885565e+06,1
1.4673821e+06,1
2788.545,1
6.324717e+06,1
2.8434848e+06,1
816721.3,1
4.571617e+07,1
4.0043905e+06,1
2.7110495e+06,1
7.5036275e+06,1
1.8252309e+06,1
1.4032896e+06,1
978315.3,1
3.5991122e+06,1
4.724944e+07,1
4.441006e+06,1
3.4402882e+06,1
2.563267e+06,1
8.1948995e+06,1
1.3947215e+06,1
4.033314e+06,1
975808.9,1
4.4726124e+07,1
9.496121e+06,1
3.5309372e+06,1
5.0660025e+06,1
2.4253165e+06,1
2790.519,1
7.160271e+06,1
3.1035415e+06,1
1.04581806e+06,1
4.743877e+07,1
6.9284875e+06,1
4.3157705e+06,1
1.0407106e+07,1
2.6101882e+06,1
4.329877e+06,1
1.753844e+06,1
1.1004272e+06,1
4.788836e+07,1
1.3405562e+07,1
8.1883135e+06,1
1.7046736e+07,1
2.8251825e+06,1
1.7255172e+06,1
1.1970388e+06,1
4.6977435e+06,1
1.3207371e+06,1
3.2033722e+06,1
934201.25,1
3.7698036e+07,1
3.0660022e+06,1
2.2526562e+06,1
1.655653e+06,1
6.256887e+06,1
1.4913686e+06,1
1.1869931e+06,1
4.942515e+06,1
1.1622592e+06,1
942061.7,1
3.2038212e+06,1
840619.5,1
2795.689,1
921674.56,1
2.7497335e+06,1
714218.9,1
3.832194e+07,1
2.8806328e+06,1
1.8703816e+06,1
1.3883836e+06,1
5.3821065e+06,1
1.055105e+06,1
3.3475615e+06,1
816093.8,1
4.3203224e+07,1
4.0405195e+06,1
2.305128e+06,1
1.6651236e+06,1
6.041172e+06,1
1.2137001e+06,1
1.0651056e+06,1
3.6596132e+06,1
854630.3,1
4.627172e+07,1
3.9510878e+06,1
2.373752e+06,1
1.7590285e+06,1
6.4636855e+06,1
1.2802724e+06,1
2793.214,1
1.082516e+06,1
3.8750135e+06,1
884944.56,1
4.5844524e+07,1
4.1242212e+06,1
2.5539708e+06,1
1.9201999e+06,1
6.765005e+06,1
4.284767e+06,1
1.0620286e+06,1
960236.25,1
4.7289944e+07,1
4.39112e+06,1
2.7741835e+06,1
2.1012828e+06,1
7.297906e+06,1
1.510866e+06,1
1.1845296e+06,1
1.0480118e+06,1
4.22701e+06,1
4.647635e+07,1
4.3568865e+06,1
2.8335352e+06,1
2.1795165e+06,1
7.4275705e+06,1
2789.5574,1
1.2750804e+06,1
4.4702925e+06,1
1.0331269e+06,1
4.777586e+07,1
4.5655695e+06,1
3.0390058e+06,1
2.3528145e+06,1
7.749972e+06,1
1.6913949e+06,1
1.3323249e+06,1
1.1702806e+06,1
4.6845885e+06,1
1.00943175e+06,1
936902.06,1
3.9708445e+06,1
826106.56,1
773333.0,1
3.238166e+06,1
698497.06,1
673364.1,1
2.9466708e+06,1
614784.0,1
4.0793908e+07,1
1.2178988e+06,1
1.00596375e+06,1
4.5725045e+06,1
839466.94,1
789131.8,1
3.339958e+06,1
705003.1,1
3.6071988e+07,1
2.9858048e+06,1
2790.2349,1
2.960589e+06,1
1.1323734e+06,1
3.1192242e+06,1
916035.9,1
2.7652432e+06,1
5.8690425e+06,1
753138.56,1
4.414077e+07,1
3.1570982e+06,1
1.8959654e+06,1
1.2244088e+06,1
4.8331295e+06,1
978983.3,1
1.1612089e+06,1
840720.7,1
789274.6,1
930278.25,1
679100.44,1
2.7865555e+06,1
605237.44,1
741946.06,1
2.398043e+06,1
518646.25,1
4.437999e+07,1
3.0317072e+06,1
1.6124879e+06,1
1.1029205e+06,1
4.92486e+06,1
2790.877,1
832208.6,1
842192.6,1
3.106873e+06,1
633197.8,1
4.46379e+07,1
3.3641395e+06,1
1.7903904e+06,1
1.2705481e+06,1
5.376114e+06,1
950173.6,1
893968.4,1
3.4703248e+06,1
708347.94,1
4.0406504e+07,1
3.680384e+06,1
1.9980144e+06,1
1.4482436e+06,1
5.9093615e+06,1
1.0680588e+06,1
948878.4,1
3.7498648e+06,1
771291.8,1
3.8384844e+07,1
1.3273659e+07,1
4.566393e+06,1
5.9567735e+06,1
6.84583e+06,1
2.3663848e+06,1
4.171598e+06,1
1.6663502e+06,1
3.6082852e+06,1
1.3079578e+06,1
3.0327232e+06,1
2791.0461,1
6.1959285e+06,1
2.3955715e+06,1
698477.2,1
4.56898e+07,1
7.287517e+06,1
4.547117e+06,1
1.1336635e+07,1
2.2308522e+06,1
1.3211879e+06,1
3.5004192e+06,1
773104.1,1
1.01124356e+06,1
2.5720885e+06,1
669453.2,1
3.6135772e+07,1
2.8943462e+06,1
3.145754e+06,1
968500.9,1
2.383182e+06,1
6.2385855e+06,1
2.1156685e+06,1
748241.9,1
3.5843068e+07,1
4.577147e+06,1
2791.4329,1
1.9373475e+06,1
1.0765881e+06,1
4.04839e+06,1
1.453121e+06,1
2.7426672e+06,1
817963.25,1
4.287823e+07,1
7.421622e+06,1
1.8340182e+06,1
1.1682258e+06,1
4.405126e+06,1
982769.9,1
1.2784665e+06,1
3.1090528e+06,1
830153.8,1
4.2759756e+07,1
2.9260155e+06,1
1.7481744e+06,1
1.2143205e+06,1
4.785467e+06,1
1.01237144e+06,1
1.1762746e+06,1
3.4085905e+06,1
848546.2,1
4.05371e+07,1
2792.3967,1
3.6154422e+06,1
1.3126464e+06,1
3.1637962e+06,1
1.0802186e+06,1
6.4918795e+06,1
2.722149e+06,1
896187.0,1
4.382739e+07,1
3.2125445e+06,1
3.0711155e+06,1
1.942492e+06,1
6.721012e+06,1
2.0796132e+06,1
1.331807e+06,1
4.9752715e+06,1
1.5899022e+06,1
1.0211914e+06,1
3.3203258e+06,1
894078.4,1
1.2234424e+06,1
2.5809782e+06,1
716162.44,1
4.1588132e+07,1
3.2857792e+06,1
2.5914788e+06,1
1.7798928e+06,1
6.3290845e+06,1
1.2956035e+06,1
1.2402368e+06,1
3.2926928e+06,1
791854.4,1
4.634784e+07,1
4.077471e+06,1
2.9145345e+06,1
2.0704361e+06,1
6.927863e+06,1
1.4625579e+06,1
2794.071,1
1.2212079e+06,1
3.6856625e+06,1
846092.1,1
4.607141e+07,1
4.2850835e+06,1
3.038947e+06,1
2.247629e+06,1
7.3998285e+06,1
1.5930881e+06,1
1.216477e+06,1
3.9797882e+06,1
891738.2,1
4.6438204e+07,1
4.3990925e+06,1
3.0593582e+06,1
2.509198e+06,1
7.931783e+06,1
1.7195288e+06,1
4.348072e+06,1
1.0874396e+06,1
930937.25,1
4.4297224e+07,1
4.4919145e+06,1
7.1327845e+06,1
2.5651058e+06,1
4.5873585e+06,1
1.8385515e+06,1
2790.8887,1
6.8506935e+06,1
3.2043195e+06,1
963481.25,1
4.061228e+07,1
9.292284e+06,1
3.273315e+06,1
4.4560215e+06,1
2.320576e+06,1
2.0475792e+06,1
2.816415e+06,1
7.4253475e+06,1
992251.0,1
4.7017124e+07,1
6.414103e+06,1
3.7479158e+06,1
9.387674e+06,1
2.4816492e+06,1
2.6308888e+06,1
1.3916754e+06,1
4.366982e+06,1
1.9066606e+06,1
1.0278199e+06,1
3.4132288e+06,1
1.5316214e+06,1
829909.2,1
2.5138658e+06,1
745831.8,1
1.2630245e+06,1
2.1420552e+06,1
638462.7,1
4.2995744e+07,1
2.7680568e+06,1
2786.8525,1
2.182733e+06,1
1.3476645e+06,1
5.1118325e+06,1
1.2892421e+06,1
2.9475515e+06,1
756284.56,1
4.5771684e+07,1
3.9183115e+06,1
2.5283632e+06,1
1.6459112e+06,1
5.8889355e+06,1
1.1826294e+06,1
1.2122249e+06,1
3.3746758e+06,1
804711.8,1
4.6222184e+07,1
2.9982162e+06,1
1.9976714e+06,1
6.637375e+06,1
1.3810216e+06,1
1.236531e+06,1
3.7685818e+06,1
886910.94,1
4.6766876e+07,1
4.1393102e+06,1
2791.8613,1
2.730139e+06,1
1.9765331e+06,1
6.8018935e+06,1
1.2801958e+06,1
4.0624132e+06,1
958771.75,1
4.732298e+07,1
4.4248255e+06,1
2.9125702e+06,1
2.1646252e+06,1
7.2189405e+06,1
1.5507086e+06,1
1.2340591e+06,1
4.215814e+06,1
969351.44,1
4.4055948e+07,1
4.223135e+06,1
6.3960725e+06,1
2.3062812e+06,1
4.3749375e+06,1
1.6635349e+06,1
6.8097395e+06,1
3.247264e+06,1
990730.8,1
4.7021612e+07,1
4.4218885e+06,1
3.6658982e+06,1
2.4287892e+06,1
7.6293595e+06,1
2792.2412,1
1.917977e+06,1
1.2422186e+06,1
4.2323055e+06,1
1.4216661e+06,1
965976.5,1
3.4809942e+06,1
1.1458096e+06,1
791376.56,1
2.7355742e+06,1
713478.7,1
945239.3,1
2.4384912e+06,1
626171.94,1
3.5428756e+07,1
2.0499359e+06,1
1.4173168e+06,1
1.0011047e+06,1
4.3795105e+06,1
999627.25,1
2.992033e+06,1
726424.6,1
687039.1,1
778864.5,1
596277.2,1
2.3330498e+06,1
534406.7,1
628773.94,1
2.0601354e+06,1
462627.72,1
4.2793012e+07,1
2.8371945e+06,1
2787.711,1
1.3937048e+06,1
967734.1,1
4.399719e+06,1
741263.3,1
745059.1,1
2.7823635e+06,1
579315.5,1
4.4505276e+07,1
1.7222289e+06,1
1.195629e+06,1
4.811855e+06,1
896269.6,1
843242.3,1
3.2193822e+06,1
684048.44,1
4.2535628e+07,1
3.4938515e+06,1
2.4539032e+06,1
1.4152454e+06,1
1.1422528e+06,1
5.3800375e+06,1
923278.4,1
856518.56,1
3.5200245e+06,1
714223.2,1
4.54623e+07,1
2794.616,1
2.0884032e+06,1
1.4933919e+06,1
5.8574605e+06,1
1.1188741e+06,1
1.0488791e+06,1
4.254636e+06,1
883208.0,1
3.457375e+06,1
766036.75,1
704939.6,1
4.4969404e+07,1
3.2049168e+06,1
1.8627134e+06,1
1.4107351e+06,1
5.929968e+06,1
1.0560884e+06,1
910540.4,1
3.7557828e+06,1
768502.75,1
3.8174136e+07,1
1.4558141e+07,1
5.0365165e+06,1
6.3026715e+06,1
7.3072885e+06,1
2.5298682e+06,1
4.345278e+06,1
3.7875815e+06,1
1.4372266e+06,1
3.19402e+06,1
1.1625641e+06,1
6.0650255e+06,1
2.4535222e+06,1
695308.1,1
1.2033319e+06,1
622830.75,1
2.0979025e+06,1
2.6030774e+07,1
2.2618625e+06,1
2792.3489,1
1.2850168e+06,1
853856.1,1
4.2714495e+06,1
969477.5,1
2.5713488e+06,1
673258.7,1
3.2799204e+07,1
3.145191e+06,1
3.0193122e+06,1
970105.2,1
2.3853955e+06,1
6.180938e+06,1
2.1234075e+06,1
749423.0,1
4.066933e+07,1
4.592409e+06,1
1.8896805e+06,1
1.0748431e+06,1
3.825684e+06,1
1.4113966e+06,1
2.7320245e+06,1
817020.5,1
4.3084852e+07,1
1.547329e+07,1
2792.6565,1
2.6457852e+06,1
1.7439356e+06,1
1.1255491e+06,1
4.3391715e+06,1
1.2756788e+06,1
3.1227732e+06,1
845336.25,1
4.311407e+07,1
3.2255942e+06,1
1.7515125e+06,1
1.2228726e+06,1
4.709443e+06,1
1.01904106e+06,1
1.16635e+06,1
3.388183e+06,1
853293.3,1
3.933053e+07,1
3.159354e+06,1
3.4898188e+06,1
1.2787105e+06,1
3.1227942e+06,1
6.4695695e+06,1
2.9045235e+06,1
912477.94,1
4.387604e+07,1
2788.062,1
3.6894842e+06,1
3.364258e+06,1
2.1715408e+06,1
7.0436895e+06,1
2.2027985e+06,1
1.4396691e+06,1
5.126333e+06,1
1.6527312e+06,1
1.0810939e+06,1
3.4962828e+06,1
944420.06,1
2.6778162e+06,1
1.1769291e+06,1
729217.1,1
4.4105396e+07,1
3.2379078e+06,1
2.2058028e+06,1
6.8344665e+06,1
1.5288492e+06,1
1.3054558e+06,1
3.3756972e+06,1
834933.3,1
4.6672156e+07,1
4.232163e+06,1
3.1453015e+06,1
2.2844648e+06,1
7.438278e+06,1
1.3364829e+06,1
4.5399005e+06,1
920375.56,1
4.440933e+07,1
2793.9783,1
4.5595855e+06,1
7.0882115e+06,1
2.5169135e+06,1
4.1840762e+06,1
1.7919052e+06,1
6.859325e+06,1
2.8560838e+06,1
4.8850164e+07,1
5.8114715e+06,1
3.6902975e+06,1
8.649065e+06,1
2.5104278e+06,1
1.8902009e+06,1
3.8374048e+06,1
1.0636089e+06,1
4.5433172e+07,1
1.0746813e+07,1
3.8474615e+06,1
4.9969725e+06,1
2.5759132e+06,1
2787.0454,1
7.64851e+06,1
4.0342588e+06,1
1.1150536e+06,1
4.6553796e+07,1
8.2098375e+06,1
4.924949e+06,1
1.1420407e+07,1
2.7440692e+06,1
2.1603545e+06,1
1.1992809e+06,1
3.738994e+06,1
4.0954395e+06,1
1.643885e+06,1
937825.94,1
3.626965e+07,1
3.2052088e+06,1
2.5882748e+06,1
1.671412e+06,1
6.0206555e+06,1
1.7631681e+06,1
1.1948058e+06,1
4.6939305e+06,1
1.3829589e+06,1
946392.0,1
2.996404e+06,1
843665.1,1
1.1105905e+06,1
2.5379862e+06,1
715785.44,1
4.3138016e+07,1
2.1974952e+06,1
1.4792856e+06,1
5.1553495e+06,1
1.1097749e+06,1
2793.267,1
1.1619195e+06,1
3.1881308e+06,1
809507.9,1
3.8573604e+07,1
3.9013745e+06,1
4.994252e+06,1
1.6572815e+06,1
3.1534845e+06,1
1.2130671e+06,1
6.5937555e+06,1
2.4795338e+06,1
852652.75,1
4.552607e+07,1
3.9242858e+06,1
2.9894722e+06,1
1.767939e+06,1
5.598699e+06,1
1.2899498e+06,1
1.5846091e+06,1
3.2469328e+06,1
887159.5,1
4.6973744e+07,1
4.006383e+06,1
2.903709e+06,1
1.888924e+06,1
6.2354775e+06,1
1.3712038e+06,1
2790.1233,1
1.4418494e+06,1
3.6488655e+06,1
916685.7,1
4.122707e+07,1
4.2610705e+06,1
2.9330468e+06,1
2.0310178e+06,1
6.9270945e+06,1
1.4632518e+06,1
1.3580654e+06,1
4.0440302e+06,1
943249.3,1
4.6972856e+07,1
4.228138e+06,1
2.75375e+06,1
2.302622e+06,1
7.3147465e+06,1
1.5323499e+06,1
1.2885179e+06,1
4.1167232e+06,1
956118.4,1
4.658715e+07,1
4.3894265e+06,1
3.1219808e+06,1
2.3595008e+06,1
7.876526e+06,1
1.6949772e+06,1
1.3953215e+06,1
1.1393694e+06,1
4.562204e+06,1
1.0444111e+06,1
904247.44,1
3.8172128e+06,1
2795.295,1
851637.4,1
746242.9,1
3.066461e+06,1
674333.1,1
1.7907039e+06,1
2.770471e+06,1
593808.9,1
3.5631956e+07,1
1.2542752e+06,1
993806.7,1
4.4150145e+06,1
822654.25,1
802756.44,1
3.2116495e+06,1
686608.44,1
3.6306396e+07,1
3.0475375e+06,1
3.1215022e+06,1
1.1307904e+06,1
3.001464e+06,1
906038.7,1
6.0121975e+06,1
4.628671e+06,1
739039.44,1
4.30705e+07,1
1.7179375e+06,1
2.802203e+06,1
1.121293e+06,1
2792.0405,1
7.599654e+06,1
2.3436512e+06,1
856030.4,1
4.461449e+07,1
3.6896202e+06,1
2.826727e+06,1
1.4159604e+06,1
4.715369e+06,1
1.1082395e+06,1
2.0520919e+06,1
2.931527e+06,1
873680.1,1
4.427494e+07,1
2.78707e+06,1
1.5975774e+06,1
5.289609e+06,1
1.2149509e+06,1
1.6009666e+06,1
3.4132055e+06,1
931399.0,1
4.570006e+07,1
3.787805e+06,1
2.5057398e+06,1
1.6143036e+06,1
5.7657185e+06,1
1.237788e+06,1
2789.3923,1
2.8702312e+06,1
4.0513178e+06,1
940815.8,1
4.5996376e+07,1
2.6822428e+06,1
1.7897418e+06,1
6.1947575e+06,1
1.3331064e+06,1
1.3539435e+06,1
3.9648698e+06,1
984180.5,1
4.658271e+07,1
6.132467e+06,1
4.2608755e+06,1
1.1950465e+07,1
2.9437375e+06,1
2.394341e+06,1
8.170172e+06,1
1.7951991e+06,1
1.710002e+06,1
1.4440451e+06,1
5.374195e+06,1
1.0891389e+06,1
3.484783e+06,1
826480.1,1
4.1560924e+07,1
1.8201552e+07,1
6.287628e+06,1
6.635312e+06,1
2.4438145e+06,1
2790.0322,1
3.045689e+06,1
963907.94,1
2.6166885e+06,1
5.9814495e+06,1
2.3608755e+06,1
764128.6,1
3.6668224e+07,1
2.8731868e+06,1
1.6900581e+06,1
1.0601536e+06,1
4.3796985e+06,1
1.2779204e+06,1
2.8727898e+06,1
822229.4,1
4.151359e+07,1
5.103142e+06,1
1.6698884e+06,1
1.1569858e+06,1
4.4396445e+06,1
1.2191396e+06,1
3.2475145e+06,1
879095.25,1
4.272108e+07,1
1.5675904e+07,1
2.721787e+06,1
2792.4426,1
1.6045515e+06,1
1.187825e+06,1
4.6689105e+06,1
1.00173006e+06,1
1.0956922e+06,1
3.4417935e+06,1
848017.9,1
4.1935196e+07,1
2.907874e+06,1
1.5968366e+06,1
1.2235581e+06,1
4.997599e+06,1
1.0237918e+06,1
1.0574468e+06,1
3.6317632e+06,1
860677.44,1
4.386257e+07,1
3.012135e+06,1
1.6099449e+06,1
1.2579398e+06,1
5.178997e+06,1
1.0445722e+06,1
1.0364197e+06,1
3.7715338e+06,1
870130.94,1
4.4693924e+07,1
3.1809832e+06,1
2.3879598e+06,1
1.9315559e+06,1
7.380701e+06,1
1.5126884e+06,1
1.3220072e+06,1
5.540823e+06,1
1.1297352e+06,1
1.0125145e+06,1
4.0182815e+06,1
2789.596,1
868748.5,1
3.2525992e+06,1
735794.9,1
3.9741844e+07,1
3.5750492e+06,1
2.3610172e+06,1
1.828179e+06,1
6.8102485e+06,1
1.3219276e+06,1
994292.2,1
3.7667048e+06,1
805242.8,1
4.6750164e+07,1
4.0986678e+06,1
2.7148312e+06,1
2.0789045e+06,1
7.220476e+06,1
1.4704779e+06,1
1.0561086e+06,1
4.0248425e+06,1
856115.5,1
4.6327628e+07,1
4.2944795e+06,1
2.9053262e+06,1
2.2531278e+06,1
7.648929e+06,1
1.5984832e+06,1
2789.026,1
1.1101771e+06,1
4.2255275e+06,1
899784.7,1
4.6622716e+07,1
4.404155e+06,1
3.068201e+06,1
2.4117192e+06,1
8.080059e+06,1
1.718131e+06,1
1.146339e+06,1
4.359159e+06,1
932141.06,1
4.774172e+07,1
4.4731065e+06,1
3.2922822e+06,1
2.6277435e+06,1
8.605496e+06,1
1.885278e+06,1
1.1900606e+06,1
4.505059e+06,1
963347.0,1
4.524004e+07,1
5.5532005e+06,1
3.8708625e+06,1
1.0601298e+07,1
2.4971465e+06,1
2790.1758,1
4.9867825e+06,1
1.1353659e+06,1
1.0400481e+06,1
4.8350456e+07,1
7.746623e+06,1
5.2382135e+06,1
1.3052676e+07,1
2.6995775e+06,1
1.8138128e+06,1
1.4845124e+06,1
6.020564e+06,1
1.1810082e+06,1
1.0803136e+06,1
4.902637e+06,1
927358.25,1
865779.1,1
3.5860485e+06,1
775273.0,1
735970.06,1
3.178625e+06,1
666476.44,1
4.311173e+07,1
1.6802408e+06,1
1.2944248e+06,1
5.5260755e+06,1
996303.1,1
874993.3,1
3.608354e+06,1
758980.44,1
4.5730908e+07,1
3.5487138e+06,1
1.9678016e+06,1
6.177506e+06,1
2797.047,1
1.0854836e+06,1
3.9568928e+06,1
892637.44,1
4.69347e+07,1
4.2727815e+06,1
2.3202002e+06,1
1.7252544e+06,1
6.163021e+06,1
1.2653571e+06,1
1.050256e+06,1
4.0419745e+06,1
898984.4,1
4.6955196e+07,1
2.976153e+06,1
2.1550195e+06,1
7.0922505e+06,1
1.5046955e+06,1
1.1656216e+06,1
4.31328e+06,1
971404.3,1
4.7203284e+07,1
4.313378e+06,1
2.763473e+06,1
2.1241018e+06,1
7.4304915e+06,1
2789.0283,1
1.2500958e+06,1
4.4617325e+06,1
1.0270295e+06,1
4.7768056e+07,1
4.566457e+06,1
4.5440535e+06,1
2.4600938e+06,1
2.0161646e+06,1
7.643652e+06,1
1.5518142e+06,1
1.3055332e+07,1
1.1035491e+06,1
4.4523085e+06,1
932600.0,1
4.716784e+07,1
3.3750798e+06,1
2.5366828e+06,1
8.229495e+06,1
1.7604858e+06,1
1.328629e+06,1
4.8840135e+06,1
1.0476439e+06,1
969014.1,1
4.0841948e+06,1
837506.56,1
786827.0,1
3.3230225e+06,1
708933.44,1
679075.75,1
3.022783e+06,1
623358.56,1
4.0846564e+07,1
2788.2937,1
1.2315146e+06,1
1.01520575e+06,1
4.5708475e+06,1
846265.75,1
791375.44,1
3.3802508e+06,1
709215.1,1
3.8925572e+07,1
3.0912612e+06,1
1.4846341e+06,1
1.1593376e+06,1
5.0106125e+06,1
930686.5,1
857131.0,1
3.619953e+06,1
759545.2,1
4.4952172e+07,1
1.7463941e+06,1
1.3173091e+06,1
5.302654e+06,1
1.03476494e+06,1
939938.3,1
3.8136832e+06,1
826209.06,1
4.5582324e+07,1
3.4841902e+06,1
2793.1003,1
1.8256446e+06,1
1.4046815e+06,1
5.681021e+06,1
1.094691e+06,1
982956.9,1
3.9730858e+06,1
857999.2,1
4.5845988e+07,1
2.1248375e+06,1
1.5735128e+06,1
6.057836e+06,1
1.1954885e+06,1
1.0585202e+06,1
4.1342062e+06,1
917031.2,1
4.082131e+07,1
3.891139e+06,1
2.1030155e+06,1
1.6079089e+06,1
6.2942465e+06,1
1.2279709e+06,1
4.2923905e+06,1
989367.8,1
927166.94,1
4.2761664e+07,1
2788.8193,1
4.8322745e+06,1
1.8446506e+06,1
4.1131275e+06,1
1.3541025e+06,1
2.1484702e+06,1
3.3837818e+06,1
980565.06,1
3.944594e+07,1
1.5949267e+07,1
5.4022715e+06,1
6.222916e+06,1
8.372548e+06,1
2.7783032e+06,1
4.200859e+06,1
4.6569945e+06,1
1.6173522e+06,1
3.0201702e+06,1
1.3591818e+06,1
6.7296995e+06,1
2.2718235e+06,1
823498.25,1
1.7617284e+06,1
734172.4,1
1.9068779e+06,1
2.8682438e+07,1
2.4773758e+06,1
1.7511718e+06,1
969848.8,1
4.113226e+06,1
1.3615838e+06,1
2.4593678e+06,1
762949.94,1
3.9206156e+07,1
3.1247605e+06,1
2793.372,1
1.6721672e+06,1
1.0651425e+06,1
4.295627e+06,1
1.2619548e+06,1
2.9038435e+06,1
822538.94,1
4.2314052e+07,1
6.352008e+06,1
1.6745346e+06,1
1.1644158e+06,1
4.506115e+06,1
1.2131605e+06,1
3.27127e+06,1
880440.9,1
834436.4,1
3.82166e+07,1
2.804547e+06,1
1.4352921e+06,1
1.3712841e+06,1
4.6627115e+06,1
1.0053416e+06,1
1.0932328e+06,1
3.4596588e+06,1
849493.06,1
4.317643e+07,1
2.9144475e+06,1
2787.9023,1
1.607696e+06,1
1.2315968e+06,1
4.8860395e+06,1
1.028026e+06,1
1.057242e+06,1
3.645729e+06,1
862150.4,1
3.872861e+07,1
3.1499628e+06,1
1.6441071e+06,1
1.2770269e+06,1
5.2878435e+06,1
1.0537552e+06,1
1.04173894e+06,1
3.8008918e+06,1
875288.9,1
870271.44,1
777729.2,1
3.2125882e+06,1
742985.8,1
664762.8,1
2.8103725e+06,1
623377.3,1
559852.4,1
2.423881e+06,1
508044.8,1
2.1879935e+06,1
488371.34,1
440029.62,1
4.1470296e+07,1
3.054542e+06,1
4.952211e+06,1
1.5352392e+06,1
2.709075e+06,1
2797.7024,1
6.1543495e+06,1
1.9377938e+06,1
604686.56,1
4.5751784e+07,1
4.043279e+06,1
3.0846742e+06,1
2.0059884e+06,1
6.4682845e+06,1
1.368182e+06,1
1.2262622e+06,1
2.9500965e+06,1
701189.06,1
4.098416e+07,1
4.280987e+06,1
2.8644505e+06,1
2.4835055e+06,1
7.3267055e+06,1
1.2487148e+06,1
3.4907515e+06,1
809987.7,1
4.718875e+07,1
4.4416435e+06,1
3.3608218e+06,1
2.5134885e+06,1
8.147413e+06,1
2791.6653,1
1.7419511e+06,1
1.2347049e+06,1
3.8939048e+06,1
872269.44,1
4.4678036e+07,1
4.435529e+06,1
3.205338e+06,1
9.068048e+06,1
2.2476455e+06,1
1.3156562e+06,1
4.2407125e+06,1
962546.0,1
4.015954e+07,1
1.0678268e+07,1
3.8899722e+06,1
5.4363525e+06,1
2.5252162e+06,1
7.1489015e+06,1
3.2186068e+06,1
1.0359469e+06,1
4.6784464e+07,1
8.490868e+06,1
1.3576647e+07,1
3.1871628e+06,1
2790.9934,1
2.5003868e+06,1
1.5894171e+06,1
5.1765325e+06,1
1.6627304e+06,1
1.1316601e+06,1
4.0816212e+06,1
1.2999784e+06,1
898110.06,1
2.9113025e+06,1
800802.44,1
1.0448412e+06,1
2.5068145e+06,1
682951.2,1
3.7369264e+07,1
2.7887652e+06,1
1.8764754e+06,1
1.2955724e+06,1
5.0778495e+06,1
1.1257839e+06,1
3.1643168e+06,1
789708.06,1
4.5667748e+07,1
3.8359678e+06,1
2.2192885e+06,1
1.5388246e+06,1
5.6988395e+06,1
1.1386611e+06,1
1.1014041e+06,1
3.5196258e+06,1
830958.94,1
2.8877032e+07,1
4.487496e+07,1
2.3151572e+07,1
1.5574465e+07,1
2.7607165e+06,1
2790.9285,1
4.2103185e+06,1
1.4048652e+06,1
3.0379425e+06,1
1.7904415e+06,1
2.5071605e+06,1
817920.25,1
4.280764e+07,1
4.074412e+06,1
2.8377558e+06,1
1.7435324e+06,1
1.4357176e+06,1
4.37775e+06,1
1.3908462e+06,1
904243.8,1
3.954826e+07,1
4.3793935e+06,1
5.898559e+06,1
3.8580265e+06,1
1.603535e+06,1
7.033137e+06,1
2.716172e+06,1
972698.06,1
4.051568e+07,1
4.5502305e+06,1
2789.0508,1
6.865838e+06,1
2.1089848e+06,1
3.1016055e+06,1
1.515644e+06,1
7.5846655e+06,1
2.2193232e+06,1
982469.8,1
4.5428188e+07,1
4.36476e+06,1
7.3970145e+06,1
2.1742665e+06,1
2.7376458e+06,1
3.7282405e+06,1
1.1716488e+06,1
1.8579721e+06,1
2.96039e+06,1
934196.8,1
1.5361934e+06,1
2.2913902e+06,1
770032.2,1
1.2569942e+06,1
694836.2,1
6.479555e+06,1
1.0990065e+06,1
612318.75,1
3.765096e+07,1
2.2377122e+06,1
976965.2,1
3.1904968e+06,1
825111.56,1
1.9532619e+06,1
1.900399e+06,1
700756.4,1
4.227536e+07,1
2788.0981,1
2.7521742e+06,1
2.1136502e+06,1
1.0809088e+06,1
3.782286e+06,1
1.5509538e+06,1
2.536339e+06,1
783532.75,1
3.7936852e+07,1
3.3794788e+06,1
3.8843592e+06,1
1.2126901e+06,1
2.3655325e+06,1
1.5267984e+06,1
908281.4,1
6.6901985e+06,1
1.9367642e+06,1
767545.8,1
4.304092e+07,1
2.897605e+06,1
2.4916052e+06,1
1.2184396e+06,1
4.2712445e+06,1
1.7933399e+06,1
904682.4,1
2.6936722e+06,1
1.7391914e+06,1
2.3038048e+06,1
727102.06,1
4.2164532e+07,1
5.3467375e+06,1
2793.966,1
2.1453725e+06,1
1.2464844e+06,1
4.7490805e+06,1
988597.7,1
1.3835905e+06,1
2.959258e+06,1
786096.1,1
4.457467e+07,1
2.353122e+06,1
1.4528159e+06,1
5.205459e+06,1
1.1076519e+06,1
1.3112724e+06,1
3.3970198e+06,1
856122.06,1
3.830501e+07,1
3.7748318e+06,1
4.603748e+06,1
1.5137199e+06,1
3.1991245e+06,1
6.767725e+06,1
2.6710608e+06,1
4.303805e+07,1
2787.2227,1
4.906012e+06,1
3.7526105e+06,1
3.8930728e+06,1
8.717673e+06,1
2.9132008e+06,1
1.9348626e+06,1
6.2551955e+06,1
2.095663e+06,1
1.3715689e+06,1
4.260703e+06,1
1.1676532e+06,1
1.4069959e+06,1
2.729561e+06,1
778461.2,1
4.5770216e+07,1
5.3530495e+06,1
3.4524205e+06,1
9.10749e+06,1
2.0677781e+06,1
1.4529745e+06,1
3.6382742e+06,1
881482.7,1
4.7196936e+07,1
8.997717e+06,1
5.6896675e+06,1
1.3593053e+07,1
2.5467908e+06,1
1.3929241e+06,1
1.0079163e+06,1
4.0221422e+06,1
1.0732905e+06,1
3.700882e+06,1
801733.4,1
3.2139526e+07,1
2798.9333,1
2.7361525e+06,1
1.4261182e+06,1
1.0924739e+06,1
5.0053965e+06,1
1.064937e+06,1
3.3198168e+06,1
849270.3,1
4.2118304e+07,1
4.182875e+06,1
1.49659e+06,1
1.1789822e+06,1
4.7664305e+06,1
1.0838181e+06,1
3.567446e+06,1
899714.4,1
3.582562e+07,1
7.821031e+06,1
3.2884555e+06,1
1.2567569e+06,1
3.262477e+06,1
2788.098,1
1.0580845e+06,1
6.2511625e+06,1
2.856904e+06,1
894641.75,1
4.001145e+07,1
2.9488065e+06,1
3.8572438e+06,1
1.2662952e+06,1
2.7076965e+06,1
2.440027e+06,1
6.8151965e+06,1
942357.75,1
4.3622148e+07,1
3.7440188e+06,1
2.1396938e+06,1
6.322579e+06,1
2.4217592e+06,1
1.3977515e+06,1
4.629991e+06,1
1.856419e+06,1
1.0637532e+06,1
2.9997795e+06,1
937498.6,1
1.4645086e+06,1
2.3614135e+06,1
760710.25,1
4.4021788e+07,1
3.2713495e+06,1
2.6721002e+06,1
1.7100995e+06,1
5.756643e+06,1
1.2618495e+06,1
2792.126,1
1.4055898e+06,1
3.100478e+06,1
825045.7,1
4.52254e+07,1
3.3976428e+06,1
2.2135332e+06,1
6.570437e+06,1
1.5109481e+06,1
1.3810322e+06,1
3.5761742e+06,1
903524.8,1
4.4407096e+07,1
4.295812e+06,1
6.373611e+06,1
2.1842618e+06,1
3.7399465e+06,1
1.5585976e+06,1
6.924716e+06,1
2.701864e+06,1
934726.6,1
4.109127e+07,1
4.357785e+06,1
2.6626895e+06,1
7.310213e+06,1
1.8137499e+06,1
2788.7585,1
1.8315939e+06,1
3.5694845e+06,1
996386.9,1
4.506443e+07,1
4.5513925e+06,1
7.616135e+06,1
2.567891e+06,1
3.9673555e+06,1
1.8484248e+06,1
7.417293e+06,1
2.6698405e+06,1
1.0145384e+06,1
4.676591e+07,1
4.5709715e+06,1
4.387216e+06,1
2.6760015e+06,1
7.796511e+06,1
1.9338621e+06,1
2.3566002e+06,1
3.6018512e+06,1
1.0297373e+06,1
4.7281496e+07,1
5.0202615e+06,1
3.2880415e+06,1
8.82374e+06,1
2.3522208e+06,1
2.0137245e+06,1
2.076993e+06,1
1.2898859e+06,1
4.510988e+06,1
1.5391135e+06,1
989512.7,1
3.604126e+06,1
1.2421478e+06,1
807542.94,1
2.7664025e+06,1
2792.3494,1
1.0538675e+06,1
2.450519e+06,1
658395.9,1
4.12974e+07,1
2.4867932e+06,1
1.7085416e+06,1
1.1490194e+06,1
4.6859685e+06,1
913934.1,1
1.0546184e+06,1
3.0290015e+06,1
726784.44,1
4.3932584e+07,1
3.3780722e+06,1
1.914423e+06,1
1.3124446e+06,1
5.2543205e+06,1
1.0058861e+06,1
1.04639675e+06,1
3.386415e+06,1
777783.75,1
3.7881036e+07,1
3.6806145e+06,1
4.3164595e+06,1
1.4319529e+06,1
3.209142e+06,1
1.0830884e+06,1
2789.0398,1
6.378615e+06,1
2.6464212e+06,1
817509.75,1
4.541306e+07,1
3.7415998e+06,1
2.6594718e+06,1
1.5647248e+06,1
5.3725945e+06,1
1.1681011e+06,1
1.4800018e+06,1
3.3271982e+06,1
857062.4,1
4.58864e+07,1
3.858323e+06,1
2.5818768e+06,1
1.6707556e+06,1
6.0597035e+06,1
1.2376286e+06,1
1.353403e+06,1
3.6758665e+06,1
889048.7,1
4.6293584e+07,1
3.9599272e+06,1
2.5651638e+06,1
1.7641661e+06,1
6.219107e+06,1
1.2994519e+06,1
2792.6533,1
1.2690642e+06,1
3.9073845e+06,1
910380.75,1
3.91737e+07,1
4.2502845e+06,1
5.743302e+06,1
1.947447e+06,1
3.8794668e+06,1
1.4093402e+06,1
1.1395695e+06,1
2.2481122e+06,1
2.9591588e+06,1
893970.44,1
2.5898792e+06,1
1.7503291e+06,1
1.3637431e+06,1
698675.5,1
2.14126e+06,1
5.6752705e+06,1
1.9436589e+06,1
585654.6,1
3.4621096e+07,1
5.206349e+06,1
1.4498961e+06,1
881319.4,1
3.7650802e+06,1
755587.9,1
1.0744481e+06,1
2.52423e+06,1
651187.8,1
4.0220412e+07,1
2.5149935e+06,1
2789.9526,1
1.4909464e+06,1
986660.44,1
4.0874245e+06,1
827186.3,1
1.2542305e+06,1
2.9325138e+06,1
702953.75,1
4.1093436e+07,1
2.7588165e+06,1
3.1993642e+06,1
1.0705104e+06,1
2.707049e+06,1
888365.56,1
6.2616675e+06,1
2.3422985e+06,1
746995.75,1
4.2277996e+07,1
2.9536928e+06,1
2.0693234e+06,1
1.1496434e+06,1
4.2351685e+06,1
943960.06,1
1.408545e+06,1
2.9329178e+06,1
784793.06,1
4.3190904e+07,1
3.1093002e+06,1
1.9544719e+06,1
1.2239961e+06,1
4.7256825e+06,1
2796.1643,1
994246.2,1
1.2615679e+06,1
3.27892e+06,1
812704.6,1
4.4071772e+07,1
3.3738208e+06,1
1.9981978e+06,1
5.403782e+06,1
1.1645669e+06,1
1.0631978e+06,1
1.4204914e+06,1
3.5976482e+06,1
847126.3,1
4.537258e+07,1
3.4848288e+06,1
2.005516e+06,1
1.4197778e+06,1
5.629983e+06,1
1.1106224e+06,1
1.1394574e+06,1
3.8176708e+06,1
872913.75,1
4.5699116e+07,1
3.5841375e+06,1
2.8953135e+06,1
2.331737e+06,1
8.608483e+06,1
1.8595936e+06,1
1.570144e+06,1
6.446376e+06,1
1.3517604e+06,1
1.1643398e+06,1
4.576782e+06,1
2786.9895,1
943544.1,1
3.3171175e+06,1
747580.44,1
4.323422e+07,1
3.9134228e+06,1
2.9453252e+06,1
2.323368e+06,1
8.0121235e+06,1
1.6682964e+06,1
1.0728465e+06,1
3.8753832e+06,1
822756.56,1
4.7243132e+07,1
4.4521595e+06,1
3.214018e+06,1
9.236092e+06,1
2.208561e+06,1
1.1948635e+06,1
4.2212975e+06,1
914771.9,1
4.7788104e+07,1
5.6022995e+06,1
3.8818668e+06,1
1.0527649e+07,1
2.428682e+06,1
2792.0347,1
1.2634252e+06,1
4.511851e+06,1
986805.0,1
4.8120544e+07,1
1.7790052e+07,1
1.1901124e+07,1
2.3247076e+07,1
2.7365938e+06,1
1.3073226e+06,1
5.2610995e+06,1
1.01132656e+06,1
974008.06,1
3.535776e+06,1
867359.56,1
3.7231576e+07,1
3.220454e+06,1
1.3989685e+06,1
1.1812269e+06,1
5.0588245e+06,1
1.019506e+06,1
3.6980875e+06,1
905711.8,1
4.3905016e+07,1
1.1647646e+07,1
2788.7185,1
1.537365e+06,1
1.2705418e+06,1
5.219353e+06,1
1.0683805e+06,1
1.01175756e+06,1
3.8179602e+06,1
901584.9,1
4.0384896e+07,1
3.0293265e+06,1
2.1625052e+06,1
1.7824821e+06,1
7.0162645e+06,1
1.384672e+06,1
1.2504601e+06,1
5.3988045e+06,1
1.0544925e+06,1
975889.44,1
3.8283158e+06,1
865544.7,1
804344.1,1
3.2211265e+06,1
714826.06,1
4.429682e+07,1
3.063773e+06,1
1.9742632e+06,1
1.5449248e+06,1
6.000986e+06,1
1.1483266e+06,1
922587.6,1
3.6713132e+06,1
779462.75,1
4.3825892e+07,1
3.943259e+06,1
5.206856e+06,1
1.8627039e+06,1
3.7684292e+06,1
1.3255212e+06,1
2793.409,1
6.310114e+06,1
2.9041848e+06,1
835756.44,1
4.4120404e+07,1
4.165064e+06,1
6.4517925e+06,1
2.0330142e+06,1
3.3735538e+06,1
1.4437816e+06,1
7.0285275e+06,1
2.4480885e+06,1
881061.0,1
4.6112384e+07,1
4.231479e+06,1
3.6706932e+06,1
2.1600388e+06,1
6.650984e+06,1
1.5395781e+06,1
1.8053316e+06,1
3.296322e+06,1
909452.8,1
4.5723876e+07,1
4.381134e+06,1
7.4829435e+06,1
4.099801e+06,1
2.0099949e+06,1
1.7259881e+06,1
2789.7039,1
7.4108165e+06,1
2.478311e+06,1
950035.9,1
886948.9,1
1.9405484e+06,1
781485.5,1
1.9189242e+06,1
698035.0,1
1.560962e+06,1
1.6271899e+06,1
586052.44,1
4.4685444e+07,1
3.9869105e+06,1
7.71324e+06,1
2.2315305e+06,1
2.6494498e+06,1
1.5494794e+06,1
3.4132835e+06,1
924110.3,1
1.5057625e+06,1
2.5013868e+06,1
693148.9,1
1.2248964e+06,1
1.7979342e+06,1
559267.3,1
993330.7,1
499796.4,1
5.990352e+06,1
858312.5,1
433511.78,1
3.4775548e+07,1
2789.2852,1
2.0519842e+06,1
946213.2,1
3.211639e+06,1
724111.75,1
1.3331899e+06,1
1.7894391e+06,1
558153.7,1
4.2828336e+07,1
3.1539255e+06,1
2.110813e+06,1
1.1424864e+06,1
4.3099955e+06,1
851570.25,1
1.2200478e+06,1
2.4739425e+06,1
641788.06,1
4.3774756e+07,1
3.3878232e+06,1
2.1134158e+06,1
1.2846338e+06,1
4.8832815e+06,1
956015.2,1
1.3820906e+06,1
2.994184e+06,1
712019.5,1
4.5246196e+07,1
3.5212448e+06,1
2793.788,1
2.1393715e+06,1
1.4096071e+06,1
5.41755e+06,1
1.0476582e+06,1
1.1044589e+06,1
3.3736822e+06,1
767555.06,1
4.5026156e+07,1
3.7494738e+06,1
2.270583e+06,1
1.5783156e+06,1
5.889008e+06,1
1.1574918e+06,1
1.101056e+06,1
3.7120218e+06,1
820822.6,1
4.6355652e+07,1
3.6237792e+06,1
2.3257318e+06,1
1.686011e+06,1
6.451426e+06,1
1.2373088e+06,1
1.0993854e+06,1
3.9329112e+06,1
858951.9,1
4.394365e+07,1
4.0852538e+06,1
2.5353048e+06,1
1.8718285e+06,1
6.931147e+06,1
2792.9841,1
1.3521542e+06,1
1.1442556e+06,1
979663.0,1
4.137711e+06,1
898849.4,1
802041.06,1
3.5485785e+06,1
741516.56,1
667094.25,1
2.900746e+06,1
638913.44,1
2.668502e+06,1
560536.4,1
3.2626534e+07,1
3.237125e+06,1
4.7591355e+06,1
858204.5,1
786153.94,1
3.1290328e+06,1
699895.94,1
690375.0,1
4.0813144e+07,1
2.7939698e+06,1
1.288283e+06,1
1.0234192e+06,1
4.581496e+06,1
849567.25,1
816157.1,1
3.3630948e+06,1
718312.06,1
4.279081e+07,1
2.749967e+06,1
2791.5,1
1.3418855e+06,1
1.0812015e+06,1
4.9579685e+06,1
900151.4,1
855280.0,1
3.5433902e+06,1
756318.25,1
3.6119716e+07,1
3.0524848e+06,1
3.0762032e+06,1
1.1704159e+06,1
3.280984e+06,1
958640.9,1
6.0666225e+06,1
2.8639488e+06,1
793841.75,1
4.3129412e+07,1
3.143551e+06,1
1.9741218e+06,1
1.2447408e+06,1
4.838365e+06,1
1.00815056e+06,1
1.2525788e+06,1
3.3332128e+06,1
822988.8,1
4.4018452e+07,1
3.340609e+06,1
1.9537462e+06,1
1.3364211e+06,1
5.302935e+06,1
1.0629872e+06,1
1.1699102e+06,1
3.6298312e+06,1
852830.4,1
3.778216e+07,1
3.560186e+06,1
4.03886e+06,1
1.411105e+06,1
3.3640848e+06,1
1.108862e+06,1
6.556777e+06,1
2.8368722e+06,1
875624.7,1
4.1434404e+07,1
3.647423e+06,1
7.8846925e+06,1
2.3418675e+06,1
3.6777408e+06,1
5.4408265e+06,1
1.5731348e+06,1
2.8566122e+06,1
3.5228568e+06,1
1.1656559e+06,1
2.2913665e+06,1
6.7418025e+06,1
1.8741612e+06,1
4.8182424e+07,1
4.526594e+06,1
3.3672e+06,1
3.5518102e+06,1
2.1188458e+06,1
6.4651565e+06,1
1.5571162e+06,1
72595.37,1
1.793168e+06,1
2.8947775e+06,1
815180.25,1
4.6491876e+07,1
5.0974535e+06,1
3.2281855e+06,1
8.455175e+06,1
2.2085755e+06,1
1.7004195e+06,1
3.5783428e+06,1
912088.9,1
4.171379e+07,1
7.1131835e+06,1
4.4914685e+06,1
1.0936452e+07,1
2.5607635e+06,1
1.6213058e+06,1
4.2154915e+06,1
990895.9,1
4.560065e+07,1
3.3088174e+07,1
1.372748e+07,1
1.223984e+07,1
2.7706805e+06,1
86308.664,1
3.8003302e+06,1
1.1112266e+06,1
2.7682478e+06,1
6.393783e+06,1
2.4694478e+06,1
867492.94,1
3.8739624e+07,1
3.186076e+06,1
2.054502e+06,1
1.181919e+06,1
4.291283e+06,1
1.5703372e+06,1
2.9868088e+06,1
905957.3,1
4.261498e+07,1
1.5721023e+07,1
2.7646192e+06,1
1.891595e+06,1
1.2207511e+06,1
4.5870015e+06,1
1.389979e+06,1
3.3295882e+06,1
913671.6,1
4.3549988e+07,1
3.412946e+06,1
22464.229,1
7.502594e+06,1
1.8585478e+06,1
1.8560684e+06,1
5.2645155e+06,1
1.4597974e+06,1
1.1169251e+06,1
3.6445015e+06,1
971914.94,1
1.0764201e+06,1
2.9378608e+06,1
775631.56,1
4.1936372e+07,1
3.541306e+06,1
2.4357005e+06,1
1.7764789e+06,1
6.3171645e+06,1
1.1963126e+06,1
943747.7,1
3.50642e+06,1
4.5949256e+07,1
4.269837e+06,1
2.8250575e+06,1
2.0748196e+06,1
6.864389e+06,1
1.4757656e+06,1
1.1814862e+06,1
3.8795192e+06,1
908528.06,1
3.933716e+07,1
6555.741,1
4.382848e+06,1
6.326211e+06,1
2.2176548e+06,1
4.0437198e+06,1
6.8127805e+06,1
3.0242992e+06,1
982472.44,1
3.87946e+07,1
4.7520935e+06,1
3.7264212e+06,1
2.4451132e+06,1
7.209432e+06,1
1.7408546e+06,1
1.6732084e+06,1
3.773478e+06,1
996331.3,1
4.7233876e+07,1
4.4366135e+06,1
3.5239972e+06,1
2.5173338e+06,1
7.9367545e+06,1
1.6033641e+06,1
4.1477345e+06,1
1.0577196e+06,1
4.5773784e+07,1
3478.918,1
4.669768e+06,1
7.516162e+06,1
2.7078045e+06,1
4.514013e+06,1
1.9579826e+06,1
7.224451e+06,1
3.1065245e+06,1
1.0579864e+06,1
4.1069376e+07,1
9.590674e+06,1
3.3704642e+06,1
4.362433e+06,1
2.4075748e+06,1
4.187328e+06,1
1.403514e+06,1
2.6737362e+06,1
3.0264502e+06,1
1.0537011e+06,1
2.2079478e+06,1
2.190918e+06,1
853175.4,1
1.8230828e+06,1
766589.56,1
6.330613e+06,1
1.595971e+06,1
665391.0,1
3.598266e+07,1
2.4120835e+06,1
4.3667755e+06,1
1.1453881e+06,1
1.7447825e+06,1
917232.25,1
6.9785835e+06,1
1.4201341e+06,1
732640.2,1
4.0537484e+07,1
2913.6628,1
3.326525e+06,1
2.9305875e+06,1
1.3152821e+06,1
4.1098148e+06,1
1.0107247e+06,1
930352.44,1
866994.7,1
1.8321898e+06,1
2.2143492e+06,1
714054.9,1
3.825972e+07,1
3.20556e+06,1
5.020843e+06,1
1.3687799e+06,1
2.2066565e+06,1
1.0377675e+06,1
7.1532405e+06,1
1.719474e+06,1
776522.9,1
4.4449228e+07,1
3.4297505e+06,1
2.718085e+06,1
3.0167022e+06,1
1.397213e+06,1
4.7390915e+06,1
1.0697625e+06,1
1.9832851e+06,1
2.6139758e+06,1
793396.56,1
4.387952e+07,1
2816.6348,1
3.7193992e+06,1
5.670523e+06,1
1.5872001e+06,1
2.5818158e+06,1
1.1717556e+06,1
1.0608069e+06,1
7.267672e+06,1
1.9214844e+06,1
801438.0,1
4.469844e+07,1
3.6240108e+06,1
3.4446285e+06,1
1.6433268e+06,1
5.1699375e+06,1
1.2103425e+06,1
2.0808384e+06,1
903122.2,1
4.305102e+07,1
4.8985185e+06,1
6.655337e+06,1
1.9930599e+06,1
3.356382e+06,1
1.4032405e+06,1
3.068276e+06,1
2.3512292e+06,1
2.530593e+06,1
861264.06,1
1.9540385e+06,1
6.5333325e+06,1
1.689202e+06,1
697658.8,1
2797.8374,1
3.9137016e+07,1
1.4790643e+07,1
8.967481e+06,1
1.7505542e+07,1
2.3989362e+06,1
1.8800588e+06,1
882880.44,1
3.242132e+06,1
761402.25,1
1.4628931e+06,1
1.9503266e+06,1
655428.2,1
4.1936476e+07,1
4.0271235e+06,1
2.223737e+06,1
1.7827109e+06,1
970314.9,1
3.8311942e+06,1
810268.7,1
1.2729789e+06,1
2.509947e+06,1
683046.2,1
4.2572716e+07,1
2.8938658e+06,1
2.5908942e+06,1
1.7865989e+06,1
6.6237855e+06,1
1.4654035e+06,1
945029.56,1
3.4299995e+06,1
791726.25,1
2788.071,1
1.0425968e+06,1
2.6826272e+06,1
662542.1,1
3.9301664e+07,1
2.878883e+06,1
3.5902995e+06,1
1.1026775e+06,1
2.5304768e+06,1
883599.25,1
6.302522e+06,1
2.139057e+06,1
718557.5,1
3.8553804e+07,1
3.3172168e+06,1
2.3108885e+06,1
1.2393776e+06,1
4.5126645e+06,1
970400.7,1
1.4562464e+06,1
2.8527838e+06,1
770575.3,1
4.4730644e+07,1
3.3696768e+06,1
2.1957958e+06,1
1.3324399e+06,1
5.103386e+06,1
1.03572256e+06,1
2795.008,1
1.3078834e+06,1
3.263959e+06,1
809212.9,1
4.2898628e+07,1
3.5978442e+06,1
4.5559305e+06,1
1.4574555e+06,1
3.0912322e+06,1
1.112775e+06,1
2.6033558e+06,1
6.646331e+06,1
847471.44,1
4.5111956e+07,1
3.7184682e+06,1
8.870299e+06,1
3.2798588e+06,1
2.067745e+06,1
6.1488295e+06,1
1.6368308e+06,1
2.1458768e+06,1
1.3054906e+06,1
4.1502625e+06,1
1.5010292e+06,1
2.6927042e+06,1
765640.6,1
4.5711904e+07,1
4.710009e+06,1
3.0688378e+06,1
8.269682e+06,1
2.1023142e+06,1
2787.8691,1
1.4971606e+06,1
3.4888572e+06,1
866777.06,1
4.7152932e+07,1
6.589701e+06,1
4.28533e+06,1
1.0674054e+07,1
2.4517792e+06,1
4.292045e+06,1
1.2980139e+06,1
951853.3,1
4.764379e+07,1
1.6538532e+07,1
1.0603945e+07,1
2.1030328e+07,1
2.690205e+06,1
1.4184645e+06,1
1.0749481e+06,1
4.568012e+06,1
1.0671208e+06,1
3.1403042e+06,1
839437.7,1
4.1180316e+07,1
3.6473078e+06,1
2789.2766,1
2.8085125e+06,1
1.1990114e+06,1
1.1770312e+06,1
4.5073085e+06,1
936218.44,1
975255.5,1
3.3292528e+06,1
804104.2,1
4.212554e+07,1
9.856992e+16,1
2.2241808e+06,1
1.2692471e+06,1
1.1479574e+06,1
4.8625325e+06,1
922799.5,1
927878.06,1
3.4822975e+06,1
787916.9,1
3.9329876e+07,1
2.7529992e+06,1
3.088264e+06,1
1.149453e+06,1
3.1980525e+06,1
964182.9,1
2.8559058e+06,1
6.1057365e+06,1
814393.4,1
4.1094572e+07,1
2.984866e+06,1
5.88803e+06,1
1.734625e+06,1
3.199166e+06,1
1.328219e+06,1
3.8809828e+06,1
2.570547e+06,1
2.4913642e+06,1
929677.8,1
2.1181358e+06,1
823236.3,1
2796.4358,1
6.3326515e+06,1
1.8156614e+06,1
671992.4,1
4.3328324e+07,1
3.059714e+06,1
2.7835215e+06,1
1.5642909e+06,1
5.33146e+06,1
1.1470622e+06,1
1.5476358e+06,1
2.738986e+06,1
2.2350415e+06,1
706042.44,1
1.4615409e+06,1
4.085737e+07,1
3.1701388e+06,1
5.504528e+06,1
1.6399148e+06,1
2.6194312e+06,1
6.853483e+06,1
1.9254955e+06,1
788011.0,1
4.5580364e+07,1
4.1512198e+06,1
3.6050692e+06,1
2.0437356e+06,1
6.066699e+06,1
1.4026309e+06,1
1.22767e+06,1
2791.3958,1
1.7338965e+06,1
2.8495295e+06,1
805198.2,1
3.9732108e+07,1
4.1011515e+06,1
6.950129e+06,1
2.133032e+06,1
3.1617585e+06,1
1.5170219e+06,1
7.2268435e+06,1
2.1144755e+06,1
856640.4,1
4.33143e+07,1
4.353981e+06,1
4.1617738e+06,1
2.394528e+06,1
7.009358e+06,1
2.1170742e+06,1
3.1998698e+06,1
944977.7,1
4.696679e+07,1
4.564892e+06,1
4.0291742e+06,1
2.604039e+06,1
7.815987e+06,1
1.8376851e+06,1
1.6080218e+06,1
2790.135,1
1.7506395e+06,1
3.61946e+06,1
927474.44,1
4.4917412e+07,1
9.527815e+06,1
3.3333468e+06,1
4.5803285e+06,1
2.3143155e+06,1
3.802961e+06,1
1.3097389e+06,1
1.1507862e+06,1
2.6154658e+06,1
2.287752e+06,1
880053.4,1
2.1634615e+06,1
783331.8,1
6.265831e+06,1
1.8943858e+06,1
670955.5,1
4.2211164e+07,1
2.6107142e+06,1
2.3066895e+06,1
1.2033024e+06,1
4.4377435e+06,1
1.552151e+06,1
820842.44,1
2.6526278e+06,1
4.4443104e+07,1
3.7862378e+06,1
2.4739098e+06,1
1.4544115e+06,1
5.062389e+06,1
2791.1672,1
1.0891566e+06,1
1.3841359e+06,1
3.2001752e+06,1
814105.25,1
4.5589576e+07,1
2.6626722e+06,1
1.6715721e+06,1
5.774746e+06,1
1.2193361e+06,1
1.5574019e+06,1
3.5896805e+06,1
884814.94,1
4.3294716e+07,1
3.9930692e+06,1
2.484836e+06,1
1.708716e+06,1
6.2012475e+06,1
1.5428442e+06,1
3.866995e+06,1
945350.6,1
4.399917e+07,1
4.355706e+06,1
5.65075e+06,1
1.9641575e+06,1
3.8456685e+06,1
1.425223e+06,1
2787.8936,1
6.771387e+06,1
2.9942742e+06,1
959636.7,1
4.645664e+07,1
3.8640068e+06,1
2.3247715e+06,1
6.8518355e+06,1
1.6194036e+06,1
2.0017189e+06,1
3.765214e+06,1
1.0189292e+06,1
4.164509e+07,1
4.5216855e+06,1
3.3533552e+06,1
2.264276e+06,1
7.2880425e+06,1
1.7392879e+06,1
1.2115218e+06,1
4.205195e+06,1
1.318254e+06,1
960823.5,1
3.5119855e+06,1
1.068275e+06,1
789168.25,1
2.7902015e+06,1
711263.56,1
879592.1,1
2.5063965e+06,1
626501.56,1
3.5904016e+07,1
1.8250742e+06,1
2791.8367,1
1.2787561e+06,1
953250.06,1
4.286752e+06,1
809360.9,1
898862.75,1
2.9650458e+06,1
689549.1,1
4.025333e+07,1
2.7272632e+06,1
1.4345178e+06,1
1.0667891e+06,1
4.701881e+06,1
880612.7,1
911212.5,1
3.2566382e+06,1
734259.44,1
4.441269e+07,1
3.0679272e+06,1
1.586434e+06,1
1.1887851e+06,1
4.9498325e+06,1
956422.25,1
940137.3,1
3.5387122e+06,1
780339.56,1
3.7121724e+07,1
3.3521862e+06,1
2790.0635,1
3.6875568e+06,1
1.2858146e+06,1
3.2888425e+06,1
1.01932875e+06,1
1.4861376e+06,1
796201.06,1
2.5553305e+06,1
703931.7,1
1.0517124e+06,1
596168.75,1
2.0154626e+06,1
519100.03,1
2793.1597,1
763748.8,1
431841.72,1
1.5329771e+06,1
3.2585548e+06,1
1.3016221e+06,1
329760.3,1
4.1723388e+07,1
7.000792e+06,1
1.7965116e+06,1
1.2154666e+06,1
4.9452395e+06,1
998866.5,1
746441.8,1
3.5544582e+06,1
707761.75,1
541302.56,1
2.1459845e+06,1
465935.75,1
518649.28,1
1.6802934e+06,1
369101.8,1
4.2769844e+07,1
2.6145192e+06,1
1.6063085e+06,1
1.1394018e+06,1
4.663868e+06,1
795973.5,1
682693.94,1
2.5601725e+06,1
506099.16,1
4.5257652e+07,1
3.5443272e+06,1
2.0514796e+06,1
1.4530324e+06,1
5.511627e+06,1
994627.0,1
2796.0847,1
788648.6,1
3.104615e+06,1
612015.2,1
4.138255e+07,1
3.983615e+06,1
2.3879185e+06,1
1.7442095e+06,1
6.498669e+06,1
1.1976676e+06,1
3.665398e+06,1
796108.1,1
709197.56,1
4.4121844e+07,1
4.1080715e+06,1
2.5807358e+06,1
1.9310532e+06,1
7.057993e+06,1
1.3401576e+06,1
957176.9,1
3.8104245e+06,1
773099.7,1
4.7217588e+07,1
4.2461825e+06,1
2.9270622e+06,1
2.271317e+06,1
7.8095605e+06,1
1.5966101e+06,1
2787.3723,1
1.0662552e+06,1
4.1506238e+06,1
847924.5,1
4.7508492e+07,1
4.3639275e+06,1
3.1036375e+06,1
2.445138e+06,1
8.399125e+06,1
1.7364121e+06,1
1.1201001e+06,1
4.326633e+06,1
896995.1,1
4.7793704e+07,1
4.246477e+06,1
3.174306e+06,1
9.143538e+06,1
2.2410748e+06,1
1.5407291e+06,1
1.2677402e+06,1
5.098472e+06,1
1.02649706e+06,1
941111.25,1
4.1491865e+06,1
813681.5,1
758990.5,1
3.2843562e+06,1
681037.44,1
650902.56,1
2.9335992e+06,1
590226.8,1
3.6827876e+07,1
2.3296458e+06,1
2792.5466,1
1.3388649e+06,1
1.0652955e+06,1
5.038016e+06,1
845606.0,1
766621.94,1
3.3755848e+06,1
671005.1,1
4.215481e+07,1
3.2811838e+06,1
1.6599296e+06,1
1.2472856e+06,1
5.383307e+06,1
951337.5,1
844679.25,1
3.6339422e+06,1
732726.25,1
4.0151036e+07,1
3.4824015e+06,1
1.8362472e+06,1
1.3777638e+06,1
5.806001e+06,1
1.0397591e+06,1
910208.06,1
3.8401868e+06,1
785115.6,1
4.5936736e+07,1
3.5975465e+06,1
1.9657365e+06,1
1.4820985e+06,1
5.8942195e+06,1
2790.3076,1
1.1134258e+06,1
958812.75,1
3.9853472e+06,1
824355.25,1
4.6379724e+07,1
3.6909932e+06,1
2.1610262e+06,1
1.6338798e+06,1
6.389011e+06,1
1.2092928e+06,1
1.01656144e+06,1
4.1553942e+06,1
865270.6,1
4.200348e+07,1
4.0197898e+06,1
4.795761e+06,1
1.7597256e+06,1
4.0231208e+06,1
1.2880844e+06,1
6.382839e+06,1
3.2634848e+06,1
897579.06,1
4.6329416e+07,1
4.0500598e+06,1
2.8529392e+06,1
1.8591106e+06,1
6.393351e+06,1
2791.2598,1
1.5020679e+06,1
1.0547011e+06,1
3.8603698e+06,1
1.1737062e+06,1
857602.5,1
3.2877535e+06,1
975249.06,1
2.7957455e+06,1
695496.7,1
3.8333692e+07,1
4.930864e+06,1
3.255108e+06,1
1.0208696e+07,1
1.8426515e+06,1
1.1448674e+06,1
873571.1,1
3.7121002e+06,1
877813.1,1
2.8863852e+06,1
686967.44,1
3.7895404e+07,1
1.168081e+07,1
3.0058768e+06,1
1.01819956e+06,1
2.6855468e+06,1
856961.3,1
6.0532855e+06,1
2.3524272e+06,1
730818.5,1
4.0172964e+07,1
2.7298855e+06,1
2790.8325,1
3.6116152e+06,1
1.083481e+06,1
2.2799332e+06,1
907446.75,1
6.6215745e+06,1
1.9590351e+06,1
767809.7,1
3.6962556e+07,1
2.4139612e+06,1
1.200919e+06,1
3.883731e+06,1
991311.44,1
1.698713e+06,1
2.6616558e+06,1
828145.4,1
4.360027e+07,1
3.0867912e+06,1
2.1562408e+06,1
1.2474312e+06,1
4.430947e+06,1
1.0247674e+06,1
1.4672669e+06,1
3.100945e+06,1
848844.2,1
4.4256212e+07,1
2792.3215,1
2.1443878e+06,1
1.3636484e+06,1
4.8681975e+06,1
1.101171e+06,1
1.351441e+06,1
3.456797e+06,1
899588.4,1
4.4906656e+07,1
3.375003e+06,1
2.0146334e+06,1
1.3926342e+06,1
5.38762e+06,1
1.1211159e+06,1
1.2411e+06,1
3.6790442e+06,1
905919.6,1
4.538573e+07,1
3.345192e+06,1
2.5548908e+06,1
8.2568915e+06,1
1.9953615e+06,1
1.6279061e+06,1
6.0474995e+06,1
1.4241554e+06,1
1.1905745e+06,1
4.339121e+06,1
1.0285831e+06,1
980141.8,1
3.2070168e+06,1
760107.0,1
4.028869e+07,1
3.8593542e+06,1
2.8166942e+06,1
2.1925945e+06,1
7.3934315e+06,1
2787.3171,1
1.1545839e+06,1
3.8202332e+06,1
865511.25,1
4.193183e+07,1
4.599204e+06,1
3.372699e+06,1
2.6268998e+06,1
8.47576e+06,1
1.8571664e+06,1
1.1844869e+06,1
4.1140302e+06,1
912988.25,1
4.7554828e+07,1
4.6223095e+06,1
3.352063e+06,1
9.271391e+06,1
2.3166515e+06,1
1.2803555e+06,1
4.3934405e+06,1
990425.44,1
4.4594604e+07,1
1.1663712e+07,1
4.3233605e+06,1
5.8605855e+06,1
2.587323e+06,1
2791.3025,1
2.4123848e+06,1
1.0932654e+06,1
3.1221312e+06,1
6.4541435e+06,1
2.8530078e+06,1
865052.5,1
3.4615004e+07,1
2.904805e+06,1
1.7578008e+06,1
1.1704958e+06,1
4.8347125e+06,1
1.326348e+06,1
3.2499035e+06,1
906259.5,1
4.0481708e+07,1
3.7898895e+06,1
1.7001554e+06,1
1.2354542e+06,1
4.687293e+06,1
1.2546001e+06,1
3.5240115e+06,1
943503.1,1
4.325967e+07,1
5.732412e+06,1
2794.704,1
2.3811142e+06,1
1.7950116e+06,1
6.499856e+06,1
1.3788146e+06,1
1.3837268e+06,1
4.991459e+06,1
1.1598002e+06,1
978423.3,1
3.5012548e+06,1
869115.0,1
903805.8,1
2.9705285e+06,1
728861.44,1
4.379694e+07,1
2.9559138e+06,1
1.9364371e+06,1
1.4632932e+06,1
5.775896e+06,1
1.1056662e+06,1
986065.25,1
3.4717678e+06,1
790189.6,1
4.6080268e+07,1
3.846173e+06,1
2.3430228e+06,1
1.6892704e+06,1
1.4158415e+06,1
4.803397e+06,1
929874.3,1
4.7705548e+07,1
4.4264745e+06,1
2.696952e+06,1
2.006769e+06,1
7.1561135e+06,1
2791.811,1
1.4377514e+06,1
1.1523836e+06,1
4.268486e+06,1
944111.5,1
4.1669092e+07,1
4.365389e+06,1
5.8658025e+06,1
2.1374562e+06,1
4.3072955e+06,1
6.5903215e+06,1
3.3609408e+06,1
1.0025194e+06,1
4.734243e+07,1
4.585852e+06,1
3.1181592e+06,1
7.9724095e+06,1
2.0079152e+06,1
1.7787586e+06,1
4.0890102e+06,1
1.0721416e+06,1
4.6151972e+07,1
4.7005255e+06,1
7.60581e+06,1
2.6069025e+06,1
4.367237e+06,1
2790.0884,1
7.504906e+06,1
3.1188268e+06,1
1.1170076e+06,1
4.6534508e+07,1
4.840962e+06,1
4.444447e+06,1
2.7690292e+06,1
7.7903665e+06,1
2.003491e+06,1
2.3155238e+06,1
1.3188106e+06,1
4.2522345e+06,1
1.7544906e+06,1
1.02457744e+06,1
3.4275818e+06,1
1.4132632e+06,1
836689.4,1
2.638043e+06,1
1.2005875e+06,1
2.348691e+06,1
683659.7,1
4.1536344e+07,1
2.3163722e+06,1
1.7283544e+06,1
1.1154335e+06,1
4.455485e+06,1
909674.4,1
1.1418176e+06,1
2.9125165e+06,1
741957.56,1
4.1671456e+07,1
3.3391685e+06,1
2790.1995,1
1.9153722e+06,1
1.2833549e+06,1
5.07252e+06,1
1.143046e+06,1
3.2870838e+06,1
814012.1,1
4.3424516e+07,1
4.0399998e+06,1
4.961109e+06,1
1.633502e+06,1
3.2802138e+06,1
1.2009132e+06,1
6.5700025e+06,1
2.6170988e+06,1
858919.56,1
4.572659e+07,1
3.9762318e+06,1
2.3436552e+06,1
2.4355948e+06,1
5.7085635e+06,1
1.6505591e+06,1
3.3837862e+06,1
929367.75,1
4.67761e+07,1
2791.9343,1
4.362711e+06,1
3.1338978e+06,1
2.0657938e+06,1
6.666361e+06,1
1.4829579e+06,1
1.4906116e+06,1
3.80976e+06,1
955239.0,1
4.4275492e+07,1
4.3464175e+06,1
6.3540525e+06,1
2.166913e+06,1
3.8750232e+06,1
1.5582901e+06,1
7.068762e+06,1
3.1420628e+06,1
974513.0,1
4.6561644e+07,1
4.3679755e+06,1
3.755257e+06,1
2.270023e+06,1
7.0049805e+06,1
1.6330404e+06,1
1.9612588e+06,1
1.1255855e+06,1
3.7939538e+06,1
1.5319925e+06,1
900636.56,1
3.1361375e+06,1
1.2470809e+06,1
743677.0,1
2.4437952e+06,1
671837.2,1
2790.3706,1
1.2634225e+06,1
2.1684712e+06,1
590877.94,1
3.957969e+07,1
1.9054026e+06,1
1.4706242e+06,1
956095.0,1
4.1420252e+06,1
795080.0,1
1.0151254e+06,1
2.7524112e+06,1
664867.44,1
4.19889e+07,1
2.8712118e+06,1
3.5476012e+06,1
1.0929406e+06,1
2.5745128e+06,1
879301.75,1
6.301297e+06,1
2.1925078e+06,1
720777.94,1
4.0916652e+07,1
3.153185e+06,1
2.2052692e+06,1
1.1956329e+06,1
4.380267e+06,1
950558.1,1
2791.6907,1
1.4203376e+06,1
2.8498262e+06,1
765739.06,1
4.3630052e+07,1
3.338723e+06,1
4.267526e+06,1
1.3120205e+06,1
2.698011e+06,1
1.0252169e+06,1
6.754746e+06,1
2.2345068e+06,1
808649.0,1
3.907526e+07,1
3.519288e+06,1
2.769286e+06,1
1.4185376e+06,1
4.8072235e+06,1
1.092891e+06,1
1.7353258e+06,1
2.978457e+06,1
844438.2,1
4.5244456e+07,1
3.6168892e+06,1
2.5710172e+06,1
1.5038435e+06,1
5.3064115e+06,1
1.1491086e+06,1
2786.7844,1
1.5126869e+06,1
3.4057682e+06,1
873426.7,1
4.5743344e+07,1
3.7337468e+06,1
2.7444925e+06,1
2.0220255e+06,1
1.3662524e+06,1
5.5277045e+06,1
1.365836e+06,1
3.7019112e+06,1
893666.06,1
4.6210464e+07,1
5.134339e+06,1
3.57698e+06,1
1.0545054e+07,1
2.6681382e+06,1
2.1082935e+06,1
7.441144e+06,1
1.6586572e+06,1
1.6561342e+06,1
1.334598e+06,1
5.030685e+06,1
1.1267925e+06,1
1.0910696e+06,1
840238.75,1
3.3785808e+06,1
852140.1,1
2.889915e+06,1
645574.25,1
4.409595e+07,1
8.316441e+06,1
5.159767e+06,1
1.3231644e+07,1
1.9003934e+06,1
2797.325,1
1.0368348e+06,1
811821.6,1
4.088886e+06,1
1.1108922e+06,1
2.8251915e+06,1
646467.3,1
4.0197388e+07,1
3.1586672e+06,1
1.1869462e+06,1
938297.25,1
4.349271e+06,1
3.196293e+06,1
1.0497745e+06,1
726888.9,1
689438.9,1
664536.56,1
651775.3,1
571784.56,1
2.4950102e+06,1
546688.8,1
2.2431412e+06,1
465728.56,1
443376.2,1
3.7234268e+07,1
2.7353328e+06,1
2.283014e+06,1
735070.25,1
2792.424,1
682754.8,1
5.800068e+06,1
1.8793669e+06,1
570394.9,1
3.6526508e+07,1
2.7754082e+06,1
1.6230871e+06,1
957346.06,1
3.7586568e+06,1
1.1144712e+06,1
2.6219868e+06,1
681711.1,1
3.863342e+07,1
3.2828845e+06,1
1.6806028e+06,1
1.1109542e+06,1
4.5552955e+06,1
896544.06,1
1.0451397e+06,1
3.05949e+06,1
734464.8,1
4.4146744e+07,1
2.751043e+06,1
2.0295278e+06,1
7.123404e+06,1
1.60509e+06,1
1.2878388e+06,1
5.219775e+06,1
1.1597982e+06,1
953773.1,1
3.569665e+06,1
830198.2,1
2790.6978,1
832018.25,1
2.7348675e+06,1
638729.06,1
4.3112564e+07,1
3.4508362e+06,1
5.7957345e+06,1
1.8738195e+06,1
3.2329322e+06,1
6.4960845e+06,1
5.199262e+06,1
765551.25,1
4.6194428e+07,1
4.2612795e+06,1
3.4559395e+06,1
7.1485485e+06,1
1.8573314e+06,1
1.5792931e+06,1
1.4619655e+06,1
3.2329838e+06,1
827675.3,1
4.6722056e+07,1
4.3117075e+06,1
3.2538958e+06,1
2.881886e+06,1
2.0920571e+06,1
7.3780915e+06,1
2791.0835,1
1.3892791e+06,1
3.695096e+06,1
884291.06,1
4.6355736e+07,1
4.4991365e+06,1
3.508904e+06,1
2.613219e+06,1
8.335549e+06,1
1.8590941e+06,1
1.3298379e+06,1
5.6704185e+06,1
924076.56,1
4.6768076e+07,1
5.4566535e+06,1
3.731614e+06,1
1.0188811e+07,1
2.4332328e+06,1
2.8476695e+06,1
4.980814e+06,1
1.0076388e+06,1
4.7688536e+07,1
7.2950105e+06,1
4.904151e+06,1
1.2281269e+07,1
2.6559395e+06,1
2790.8684,1
1.4334079e+06,1
4.8143095e+06,1
1.0718746e+06,1
1.0643426e+06,1
935965.0,1
4.0689155e+06,1
3.1332018e+07,1
2.9033452e+06,1
1.9669982e+06,1
1.5647451e+06,1
6.573296e+06,1
1.2710482e+06,1
1.1231778e+06,1
5.3241345e+06,1
989057.6,1
893465.1,1
3.3289138e+06,1
798225.0,1
780378.0,1
2.898614e+06,1
680163.3,1
4.043268e+07,1
2.799845e+06,1
1.7062414e+06,1
1.3227084e+06,1
5.4321745e+06,1
948417.25,1
5.136931e+06,1
786194.3,1
4.404432e+07,1
3.8718448e+06,1
4.485973e+06,1
1.5809156e+06,1
3.3632785e+06,1
1.1582105e+06,1
2791.7954,1
6.185787e+06,1
2.7222878e+06,1
828610.25,1
4.3212244e+07,1
4.0167448e+06,1
2.6751258e+06,1
1.7050232e+06,1
5.8091985e+06,1
1.3978806e+06,1
3.4135388e+06,1
899961.5,1
4.667674e+07,1
4.2895895e+06,1
2.613647e+06,1
2.227068e+06,1
6.527752e+06,1
1.4205485e+06,1
1.3083705e+06,1
5.424803e+06,1
926089.6,1
4.447601e+07,1
4.412232e+06,1
2.9628632e+06,1
2.1548955e+06,1
7.2531585e+06,1
2788.5718,1
1.3587689e+06,1
4.235603e+06,1
999688.9,1
4.7534996e+07,1
4.535829e+06,1
3.1009762e+06,1
2.3236598e+06,1
7.5429695e+06,1
1.664244e+06,1
1.3899276e+06,1
6.5954115e+06,1
1.006823e+06,1
4.5389836e+07,1
7.105113e+06,1
2.7501422e+06,1
4.68164e+06,1
1.8909874e+06,1
2.7442262e+06,1
1.231449e+06,1
3.3191735e+06,1
2.0165292e+06,1
968558.9,1
2.8342358e+06,1
1.4187138e+06,1
794770.9,1
2.3983492e+06,1
716455.6,1
5.5694835e+06,1
2.145604e+06,1
628769.9,1
3.794756e+07,1
2788.4453,1
3.459393e+06,1
1.0430128e+06,1
2.1803665e+06,1
862999.5,1
6.295593e+06,1
1.8651885e+06,1
719087.4,1
4.288484e+07,1
3.018332e+06,1
4.0567608e+06,1
1.162931e+06,1
1.9267911e+06,1
6.886061e+06,1
3.4981828e+06,1
801797.0,1
4.3800456e+07,1
3.5630288e+06,1
2.837556e+06,1
1.3082306e+06,1
3.8970558e+06,1
1.0343583e+06,1
2.372551e+06,1
2.4242545e+06,1
4.779592e+07,1
2793.916,1
3.0206302e+06,1
1.6104926e+06,1
4.8989165e+06,1
1.2108616e+06,1
1.1122104e+06,1
1.031879e+06,1
3.0494938e+06,1
1.5542364e+06,1
841570.44,1
4.548569e+07,1
3.2880562e+06,1
2.434319e+06,1
1.4885989e+06,1
5.416105e+06,1
2.876769e+06,1
3.4472535e+06,1
916469.4,1
4.6204836e+07,1
4.061711e+06,1
2.5866988e+06,1
1.6958244e+06,1
5.715144e+06,1
1.2694594e+06,1
1.3706072e+06,1
3.753345e+06,1
930736.9,1
4.634781e+07,1
2.8656428e+06,1
1.9278079e+06,1
6.3744705e+06,1
2793.468,1
1.3961248e+06,1
1.3413009e+06,1
4.028697e+06,1
984671.3,1
4.740648e+07,1
1.7127172e+07,1
1.1175997e+07,1
2.3821248e+07,1
6.2418785e+06,1
4.8499465e+06,1
1.35194e+07,1
2.183322e+06,1
6.5945915e+06,1
1.5572072e+06,1
1.4170708e+06,1
1.0579906e+06,1
863110.9,1
3.30244e+06,1
832057.0,1
2.8188512e+06,1
693652.5,1
3.518147e+07,1
2.7711932e+06,1
2.7902085e+06,1
982809.75,1
2.6235912e+06,1
5.9478395e+06,1
2.3560892e+06,1
763679.6,1
4.1482092e+07,1
5.2406895e+06,1
2792.6187,1
3.5007188e+06,1
1.0950935e+06,1
2.272533e+06,1
6.602098e+06,1
2.0108962e+06,1
831016.8,1
788453.2,1
3.7153156e+07,1
2.2977912e+06,1
1.1908731e+06,1
3.8144362e+06,1
998061.75,1
1.6546208e+06,1
2.6349232e+06,1
843398.94,1
4.233005e+07,1
2.968658e+06,1
2.0487332e+06,1
1.2237498e+06,1
4.298675e+06,1
1.0212313e+06,1
1.4320528e+06,1
3.0571142e+06,1
857144.06,1
4.35963e+07,1
3.0136418e+06,1
2787.3083,1
1.9189435e+06,1
1.2635334e+06,1
4.661311e+06,1
1.0452577e+06,1
1.2781511e+06,1
3.341126e+06,1
863855.3,1
4.4868764e+07,1
2.1191662e+06,1
1.4476739e+06,1
5.2767635e+06,1
1.148071e+06,1
1.240602e+06,1
3.6733655e+06,1
917890.5,1
4.258486e+07,1
3.6367058e+06,1
6.888382e+06,1
2.3292315e+06,1
4.289461e+06,1
4.595715e+06,1
1.5677386e+06,1
3.4125598e+06,1
2.8500465e+06,1
1.1669881e+06,1
2.7961315e+06,1
2.4392635e+06,1
826093.0,1
2.9510296e+07,1
3.0648702e+07,1
4.0715844e+07,1
3.5008195e+06,1
3.0362195e+06,1
2.0383949e+06,1
6.1884195e+06,1
1.5131852e+06,1
2793.5085,1
2.9521265e+06,1
885683.8,1
1.2636652e+06,1
4.543943e+07,1
4.2164885e+06,1
3.3980382e+06,1
2.4116878e+06,1
7.398152e+06,1
1.1295319e+06,1
1.2750398e+06,1
3.329006e+06,1
846283.75,1
4.3171456e+07,1
4.1874298e+06,1
2.9672698e+06,1
8.64368e+06,1
2.1115522e+06,1
1.3895984e+06,1
3.8566112e+06,1
947849.3,1
4.7483052e+07,1
5.7065445e+06,1
3.8830232e+06,1
9.970008e+06,1
2.4628922e+06,1
2789.9316,1
1.397806e+06,1
4.2887295e+06,1
1.0139835e+06,1
1.0576949e+06,1
893057.3,1
3.6263022e+06,1
3.1063532e+07,1
2.7999042e+06,1
1.4087692e+06,1
1.1379436e+06,1
5.1205695e+06,1
1.0460915e+06,1
3.418169e+06,1
881407.5,1
4.2206376e+07,1
4.0294325e+06,1
1.4932104e+06,1
1.2165654e+06,1
4.854739e+06,1
1.0775126e+06,1
3.6425578e+06,1
926124.7,1
4.357526e+07,1
6.84452e+06,1
2787.8171,1
2.2604858e+06,1
6.7858025e+06,1
1.5490301e+06,1
1.4013318e+06,1
1.24237e+06,1
5.020951e+06,1
1.0671878e+06,1
970578.4,1
3.611203e+06,1
861631.6,1
823100.3,1
3.0722285e+06,1
720331.9,1
3.8318252e+07,1
3.102451e+06,1
1.9260698e+06,1
1.4935016e+06,1
5.7055205e+06,1
1.1185992e+06,1
938315.2,1
3.566948e+06,1
786895.94,1
4.6119668e+07,1
2.6638892e+06,1
1.8996816e+06,1
6.381126e+06,1
1.3228364e+06,1
1.04429906e+06,1
3.8734655e+06,1
866864.4,1
4.673658e+07,1
4.0732298e+06,1
2792.419,1
2.5340152e+06,1
1.9179862e+06,1
6.730313e+06,1
1.1516771e+06,1
4.1245708e+06,1
941431.75,1
4.729132e+07,1
4.378521e+06,1
2.768702e+06,1
2.1092275e+06,1
7.1353285e+06,1
1.511075e+06,1
1.1560811e+06,1
4.273957e+06,1
959267.1,1
4.7300024e+07,1
4.277849e+06,1
2.841458e+06,1
2.200474e+06,1
7.682043e+06,1
1.5855836e+06,1
1.407876e+06,1
1.1111179e+06,1
4.334983e+06,1
932961.5,1
4.728099e+07,1
4.192992e+06,1
2793.1245,1
2.907493e+06,1
2.287861e+06,1
7.8910815e+06,1
1.247222e+06,1
4.5360105e+06,1
1.0073661e+06,1
3.965151e+07,1
4.7494605e+06,1
6.8183945e+06,1
2.560262e+06,1
4.809688e+06,1
1.8320988e+06,1
2.612065e+06,1
1.2045318e+06,1
3.5153235e+06,1
1.8715061e+06,1
944704.8,1
3.0221872e+06,1
824778.56,1
1.2361512e+06,1
2.579495e+06,1
699052.4,1
5.5641435e+06,1
2.3188068e+06,1
614158.6,1
3.7775976e+07,1
1.5531929e+06,1
1.04591056e+06,1
4.1643612e+06,1
856757.7,1
1.0106496e+06,1
2.9146395e+06,1
706702.94,1
4.4146892e+07,1
3.0534378e+06,1
2792.4753,1
1.5216112e+06,1
4.9756115e+06,1
1.0303496e+06,1
1.0890352e+06,1
3.3243258e+06,1
797104.6,1
4.4414924e+07,1
3.6140702e+06,1
1.881311e+06,1
1.3361138e+06,1
5.346427e+06,1
1.0450829e+06,1
1.0522256e+06,1
3.5738855e+06,1
827275.56,1
4.465038e+07,1
3.8037515e+06,1
1.7674412e+06,1
1.4946199e+06,1
1.2218831e+06,1
5.4304755e+06,1
9.857063e+16,1
937384.5,1
935995.0,1
3.711447e+06,1
772904.4,1
4.2047852e+07,1
2789.077,1
4.3767415e+06,1
1.4862601e+06,1
3.5474158e+06,1
1.1247205e+06,1
6.378205e+06,1
2.9550135e+06,1
848338.0,1
4.480697e+07,1
3.8428185e+06,1
2.6713032e+06,1
1.6114239e+06,1
5.5522915e+06,1
1.2036168e+06,1
1.4611179e+06,1
3.5613735e+06,1
881370.6,1
4.6144564e+07,1
2.8877268e+06,1
1.8539251e+06,1
6.1462365e+06,1
1.3381061e+06,1
1.3756331e+06,1
1.0073951e+06,1
3.8152572e+06,1
1.1046804e+06,1
832187.06,1
3.2727958e+06,1
924882.8,1
2.8044228e+06,1
680067.8,1
3.246323e+07,1
2794.4446,1
3.0261145e+06,1
2.1977015e+06,1
8.129999e+06,1
1.526781e+06,1
1.0893089e+06,1
849596.2,1
3.517463e+06,1
845337.44,1
2.8881728e+06,1
675787.8,1
4.091083e+07,1
3.5216078e+06,1
1.250793e+06,1
975842.6,1
4.358375e+06,1
902338.56,1
3.20836e+06,1
750905.9,1
4.3462436e+07,1
1.4760233e+07,1
1.3948336e+06,1
1.0961598e+06,1
4.8065785e+06,1
920809.25,1
2789.0308,1
912495.1,1
3.4364398e+06,1
780392.2,1
4.33458e+07,1
2.8772585e+06,1
1.4573559e+06,1
1.160653e+06,1
5.0852285e+06,1
965430.06,1
933119.6,1
3.6270108e+06,1
808572.5,1
4.3554596e+07,1
1.6618511e+06,1
1.291338e+06,1
5.3227985e+06,1
1.0513424e+06,1
995561.9,1
3.8314808e+06,1
867078.4,1
4.4899868e+07,1
3.252142e+06,1
1.670181e+06,1
1.322442e+06,1
5.5063325e+06,1
1.07515e+06,1
2791.6165,1
1.2299505e+06,1
3.963745e+06,1
878843.94,1
3.0224778e+07,1
2.7279062e+07,1
4.0100184e+07,1
1.5365878e+07,1
1.6277295e+06,1
1.2983648e+06,1
5.243243e+06,1
1.0415009e+06,1
960509.0,1
3.5839058e+06,1
839080.44,1
4.226537e+07,1
3.4107842e+06,1
2.5667592e+06,1
2.128795e+06,1
7.96922e+06,1
1.6116039e+06,1
1.4319934e+06,1
5.991586e+06,1
1.1748492e+06,1
1.0726469e+06,1
4.2181005e+06,1
844540.56,1
3.1887832e+06,1
722451.0,1
4.0224676e+07,1
3.8169255e+06,1
2.665381e+06,1
2.1186998e+06,1
7.24998e+06,1
1.5214605e+06,1
2789.2346,1
991369.4,1
3.737036e+06,1
798217.75,1
4.7022092e+07,1
4.2475175e+06,1
3.0630512e+06,1
2.4237598e+06,1
8.159714e+06,1
1.1337891e+06,1
4.0685105e+06,1
892695.94,1
4.7599944e+07,1
4.2651475e+06,1
3.1748708e+06,1
9.042004e+06,1
2.2321522e+06,1
1.2310411e+06,1
4.3312725e+06,1
971710.2,1
4.0181236e+07,1
9.688889e+06,1
3.7238155e+06,1
5.452505e+06,1
2.486137e+06,1
2791.1885,1
6.8835245e+06,1
3.3612688e+06,1
1.03835456e+06,1
4.7640144e+07,1
7.696222e+06,1
4.947447e+06,1
1.1971581e+07,1
2.679808e+06,1
1.6285438e+06,1
1.1381311e+06,1
4.0885512e+06,1
1.2466791e+06,1
3.2064118e+06,1
893323.75,1
3.785719e+07,1
3.0603942e+06,1
1.6076371e+06,1
1.2074232e+06,1
4.963199e+06,1
1.1988479e+06,1
3.4889742e+06,1
931707.56,1
3.9475524e+07,1
3.8380898e+06,1
4.7976685e+06,1
1.7074496e+06,1
3.646292e+06,1
3.2814688e+06,1
1.207535e+06,1
3.00352e+06,1
1.9006395e+06,1
953142.9,1
2.5138618e+06,1
848967.94,1
2791.5886,1
5.930652e+06,1
2.2105218e+06,1
716850.44,1
4.1454324e+07,1
2.9442285e+06,1
4.8178815e+06,1
1.4364825e+06,1
2.4509635e+06,1
1.087419e+06,1
6.7870385e+06,1
1.9193765e+06,1
784257.44,1
4.0217012e+07,1
3.9231272e+06,1
3.1475922e+06,1
1.683298e+06,1
5.069461e+06,1
1.2184996e+06,1
2.906887e+06,1
1.652909e+06,1
832930.7,1
4.4936508e+07,1
3.9873278e+06,1
5.881746e+06,1
1.8203302e+06,1
2.885286e+06,1
1.3123848e+06,1
2794.5557,1
7.170998e+06,1
2.123337e+06,1
873406.4,1
4.5539456e+07,1
4.1016272e+06,1
3.6469388e+06,1
1.9525531e+06,1
5.730551e+06,1
1.4023386e+06,1
1.996082e+06,1
3.0528015e+06,1
907353.75,1
4.6262656e+07,1
4.2047205e+06,1
3.4353648e+06,1
2.0817338e+06,1
6.6996225e+06,1
1.4936352e+06,1
1.9546758e+06,1
3.5069732e+06,1
929088.8,1
4.6914436e+07,1
4.3487245e+06,1
3.4431278e+06,1
2.3150828e+06,1
7.3927205e+06,1
1.6573461e+06,1
2788.6465,1
1.5608056e+06,1
3.8931668e+06,1
957878.1,1
4.6587464e+07,1
4.5108265e+06,1
3.4984848e+06,1
2.5281212e+06,1
8.110984e+06,1
1.8150694e+06,1
1.3699904e+06,1
1.4403214e+06,1
4.5283995e+06,1
1.2042356e+06,1
922141.0,1
3.7132522e+06,1
974863.6,1
2.9692055e+06,1
715651.44,1
827778.3,1
2.6374825e+06,1
623759.4,1
4.1575212e+07,1
1.4635931e+06,1
1.0755042e+06,1
4.4110665e+06,1
873885.7,1
804543.25,1
3.1283898e+06,1
713412.25,1
1.0036063e+06,1
4.2956908e+07,1
3.064474e+06,1
1.603623e+06,1
1.1855636e+06,1
5.0823195e+06,1
2792.2563,1
958371.2,1
3.448473e+06,1
771230.5,1
4.4949496e+07,1
3.7891818e+06,1
1.9658706e+06,1
1.4292575e+06,1
5.684913e+06,1
1.078856e+06,1
985238.06,1
3.7200888e+06,1
814213.7,1
4.600681e+07,1
3.6746518e+06,1
2.0924628e+06,1
1.5551232e+06,1
5.971198e+06,1
1.0921352e+06,1
3.989179e+06,1
895442.4,1
4.1294784e+07,1
4.1961105e+06,1
2.3462958e+06,1
1.7422734e+06,1
6.503199e+06,1
1.8144688e+06,1
1.146371e+06,1
2787.2976,1
4.2062705e+06,1
945248.1,1
868766.6,1
3.8137304e+07,1
5.227866e+06,1
1.9021605e+06,1
4.04434e+06,1
1.3623258e+06,1
1.1120106e+06,1
1.8803406e+06,1
3.1697418e+06,1
5.9273205e+06,1
2.849672e+06,1
794180.7,1
4.174985e+07,1
3.3272502e+06,1
2.4114998e+06,1
1.6344502e+06,1
6.086295e+06,1
1.4220151e+06,1
982523.94,1
3.584115e+06,1
1.1213256e+06,1
803103.5,1
3.047183e+06,1
922191.9,1
669530.3,1
2.4673765e+06,1
795824.6,1
2.2496272e+06,1
562543.5,1
3.5165904e+07,1
4.713596e+06,1
2791.2708,1
1.1523919e+06,1
855196.44,1
4.119956e+06,1
732530.5,1
2.7685905e+06,1
4.2620144e+07,1
1.4807769e+06,1
1.0755044e+06,1
4.3398225e+06,1
893558.75,1
940105.6,1
3.14924e+06,1
756494.56,1
3.823504e+07,1
2.9827642e+06,1
3.2683175e+06,1
1.1345861e+06,1
2.916155e+06,1
941026.94,1
6.172022e+06,1
2.5355098e+06,1
790195.06,1
4.323575e+07,1
2794.7998,1
2.0818882e+06,1
1.2469204e+06,1
4.5806015e+06,1
1.02176694e+06,1
1.3681464e+06,1
3.0838832e+06,1
846516.8,1
4.3633324e+07,1
3.2364775e+06,1
1.9636165e+06,1
1.3065654e+06,1
4.9452355e+06,1
1.059319e+06,1
1.245678e+06,1
3.4233645e+06,1
866969.2,1
3.9429028e+07,1
3.481863e+06,1
1.9433301e+06,1
1.368442e+06,1
5.336458e+06,1
1.0954149e+06,1
1.1730698e+06,1
3.6708385e+06,1
884602.94,1
4.5247224e+07,1
3.4709745e+06,1
2792.117,1
1.9399346e+06,1
1.418522e+06,1
5.4058925e+06,1
1.1257168e+06,1
1.1271025e+06,1
3.83738e+06,1
895856.25,1
4.0353132e+07,1
3.7751425e+06,1
2.9393532e+06,1
2.389583e+06,1
8.510735e+06,1
1.8774575e+06,1
1.6056625e+06,1
6.327112e+06,1
1.3600995e+06,1
1.1887164e+06,1
4.622637e+06,1
943932.75,1
3.3457172e+06,1
761795.8,1
4.608463e+07,1
3.6665298e+06,1
2.753218e+06,1
8.199355e+06,1
1.9749836e+06,1
1.6845164e+06,1
4.0096138e+06,1
930862.3,1
829966.5,1
4.733892e+07,1
5.6396665e+06,1
3.8653515e+06,1
1.0547397e+07,1
2.3563825e+06,1
2788.076,1
1.2069239e+06,1
4.3446615e+06,1
927347.56,1
4.7013692e+07,1
9.224882e+06,1
5.9434425e+06,1
1.4226676e+07,1
2.6290948e+06,1
1.2352014e+06,1
1.0477569e+06,1
4.493577e+06,1
929933.3,1
870674.56,1
3.478196e+07,1
3.2586678e+06,1
3.153574e+06,1
1.173088e+06,1
3.4563538e+06,1
6.053375e+06,1
3.1063395e+06,1
903832.5,1
4.1807052e+07,1
5.00778e+06,1
2794.6191,1
1.8597651e+06,1
1.249264e+06,1
4.5590385e+06,1
1.3594614e+06,1
3.4904428e+06,1
944574.2,1
4.1976296e+07,1
1.8862064e+07,1
2.8241628e+06,1
3.5584815e+06,1
1.2605795e+06,1
3.12786e+06,1
1.0612091e+06,1
6.491122e+06,1
2.7076005e+06,1
892889.6,1
4.2292228e+07,1
3.0675562e+06,1
2.9892018e+06,1
1.8367606e+06,1
6.2426965e+06,1
2.0543025e+06,1
1.2775112e+06,1
4.605076e+06,1
1.5883796e+06,1
990239.8,1
3.1988908e+06,1
1.2847369e+06,1
2.58524e+06,1
742098.3,1
4.4260428e+07,1
3.3086518e+06,1
2788.6953,1
2.512394e+06,1
6.2764535e+06,1
1.4088571e+06,1
1.2325782e+06,1
1.2696125e+06,1
3.262563e+06,1
808176.25,1
4.615256e+07,1
4.002249e+06,1
2.7645282e+06,1
1.9184795e+06,1
6.6636855e+06,1
1.3664344e+06,1
1.2279698e+06,1
3.6312238e+06,1
852740.9,1
4.593946e+07,1
4.234258e+06,1
2.9248122e+06,1
2.1274402e+06,1
7.182095e+06,1
1.5110826e+06,1
1.2249344e+06,1
3.9542825e+06,1
897962.44,1
4.434254e+07,1
4.389656e+06,1
3.0404608e+06,1
2.2841865e+06,1
7.7085765e+06,1
2793.9658,1
1.6261916e+06,1
1.226724e+06,1
4.1828718e+06,1
933483.1,1
4.2081868e+07,1
4.5419535e+06,1
3.1717068e+06,1
2.4412662e+06,1
8.1818415e+06,1
1.7426662e+06,1
1.2391041e+06,1
4.362693e+06,1
963814.06,1
4.7677212e+07,1
4.475561e+06,1
3.242141e+06,1
2.5449212e+06,1
8.494737e+06,1
1.830686e+06,1
4.61728e+06,1
1.0621662e+06,1
4.917797e+07,1
5.2174505e+06,1
3.7446135e+06,1
9.66451e+06,1
2.5635722e+06,1
2.152022e+06,1
2790.7495,1
1.5900095e+06,1
1.3179476e+06,1
5.1890775e+06,1
1.1025988e+06,1
999251.25,1
4.2410285e+06,1
882809.0,1
812763.1,1
3.3858538e+06,1
974451.5,1
3.061211e+06,1
662252.9,1
3.9307904e+07,1
2.4602415e+06,1
3.2114185e+06,1
1.1376758e+06,1
2.9998472e+06,1
909580.1,1
5.987703e+06,1
2.582368e+06,1
728040.06,1
4.4392496e+07,1
3.3091515e+06,1
2.0781296e+06,1
1.2944849e+06,1
4.7835925e+06,1
998326.8,1
1.1933541e+06,1
3.1776892e+06,1
777491.8,1
4.5208336e+07,1
3.525518e+06,1
2788.008,1
2.0908242e+06,1
1.407493e+06,1
5.2928375e+06,1
1.0727768e+06,1
1.1380176e+06,1
3.5117228e+06,1
819404.94,1
4.4897116e+07,1
3.7131135e+06,1
2.155281e+06,1
1.5181026e+06,1
5.736004e+06,1
1.1443494e+06,1
1.111218e+06,1
4.04449e+06,1
852162.4,1
4.385132e+07,1
3.8938485e+06,1
4.8833135e+06,1
1.6677658e+06,1
3.6294568e+06,1
1.2349955e+06,1
6.5010025e+06,1
2.9382915e+06,1
887111.6,1
4.590245e+07,1
3.9634348e+06,1
2790.9375,1
2.9357172e+06,1
1.7686921e+06,1
6.0650345e+06,1
1.3015778e+06,1
1.564878e+06,1
3.594106e+06,1
914262.6,1
4.5576156e+07,1
4.0868842e+06,1
2.829514e+06,1
1.8685542e+06,1
6.583806e+06,1
1.3632176e+06,1
1.4266548e+06,1
1.0123334e+06,1
3.8575358e+06,1
1.1396008e+06,1
833606.4,1
3.2904495e+06,1
951720.5,1
2.7947565e+06,1
678083.2,1
3.9549416e+07,1
1.1523192e+07,1
7.3753285e+06,1
1.7268528e+07,1
2.2050632e+06,1
1.1380594e+06,1
864434.2,1
4.3372045e+06,1
1.1006052e+06,1
2.899279e+06,1
678387.94,1
4.252941e+07,1
6.7660165e+06,1
2788.9688,1
1.3125416e+06,1
998510.25,1
4.4709625e+06,1
3.281996e+06,1
877544.44,1
757383.4,1
719874.25,1
3.8152536e+07,1
9.504827e+06,1
2.9409825e+06,1
1.0692916e+06,1
2.944195e+06,1
896846.1,1
6.028258e+06,1
2.577724e+06,1
758729.6,1
4.2282236e+07,1
2.9234468e+06,1
1.8936249e+06,1
1.151488e+06,1
4.399779e+06,1
951340.06,1
1.2723651e+06,1
4.76857e+06,1
792632.9,1
4.178746e+07,1
3.1319405e+06,1
2792.7568,1
3.869297e+06,1
3.0191685e+06,1
1.1006665e+06,1
6.6485225e+06,1
2.4955592e+06,1
872277.5,1
4.444199e+07,1
3.5370438e+06,1
2.5203148e+06,1
1.3639214e+06,1
4.6793405e+06,1
1.0932631e+06,1
1.6518211e+06,1
3.0936978e+06,1
883004.44,1
3.829878e+07,1
3.5902518e+06,1
4.5934785e+06,1
3.1001455e+06,1
1.2570155e+06,1
2.5464902e+06,1
6.962601e+06,1
952821.3,1
4.4216736e+07,1
2794.6086,1
3.891879e+06,1
4.0524602e+06,1
2.4686115e+06,1
7.5679265e+06,1
2.763776e+06,1
1.6443525e+06,1
5.4628005e+06,1
2.0870432e+06,1
1.2168311e+06,1
3.7007878e+06,1
1.5765412e+06,1
2.5616215e+06,1
793810.44,1
4.2616652e+07,1
3.9219002e+06,1
3.3453265e+06,1
2.2608912e+06,1
7.1196325e+06,1
1.6370469e+06,1
1.5096409e+06,1
3.5118525e+06,1
857314.0,1
4.579384e+07,1
4.385583e+06,1
3.5777308e+06,1
2.5603548e+06,1
8.014013e+06,1
1.8219929e+06,1
1.6657415e+06,1
3.7456735e+06,1
906716.4,1
4.725681e+07,1
4.743543e+06,1
3.3053488e+06,1
9.032612e+06,1
2790.6675,1
2.2954525e+06,1
1.4290845e+06,1
4.1097642e+06,1
979916.25,1
5.0953172e+07,1
7.5796665e+06,1
5.026269e+06,1
1.2343371e+07,1
2.628001e+06,1
1.4598722e+06,1
4.7396395e+06,1
1.0512018e+06,1
1.0930851e+06,1
922571.75,1
4.0286468e+06,1
2.9434992e+07,1
2.8285492e+06,1
1.4388519e+06,1
1.1643578e+06,1
5.1088325e+06,1
1.0724585e+06,1
3.5160425e+06,1
904242.5,1
3.959096e+07,1
2789.4902,1
3.4590182e+06,1
3.102487e+06,1
1.2278551e+06,1
3.2132928e+06,1
6.32534e+06,1
2.8809788e+06,1
940870.1,1
3.7239356e+07,1
5.926942e+06,1
2.7371612e+06,1
1.7925298e+06,1
6.127624e+06,1
1.804115e+06,1
1.2466349e+06,1
4.687037e+06,1
1.3917725e+06,1
976434.8,1
3.1159898e+06,1
867609.2,1
1.1027468e+06,1
2.6120855e+06,1
727944.75,1
4.3457324e+07,1
2.9096272e+06,1
2.0803696e+06,1
1.4511626e+06,1
5.2728005e+06,1
1.0997028e+06,1
1.1172592e+06,1
4.345593e+06,1
787903.3,1
2790.5273,1
4.1748612e+07,1
3.9865002e+06,1
5.170572e+06,1
3.562809e+06,1
1.4494828e+06,1
1.2611202e+06,1
6.305833e+06,1
2.4999542e+06,1
840000.6,1
4.5800576e+07,1
4.0421538e+06,1
3.1436758e+06,1
1.8980645e+06,1
6.035261e+06,1
1.3610634e+06,1
1.5786905e+06,1
6.1713935e+06,1
881292.8,1
4.639865e+07,1
4.1545118e+06,1
3.0579028e+06,1
2.0258026e+06,1
6.8023445e+06,1
1.4503544e+06,1
2788.3555,1
1.4442034e+06,1
3.7048082e+06,1
915889.06,1
857173.0,1
1.0711386e+06,1
751430.75,1
2.733457e+06,1
671080.8,1
853835.56,1
2.5357382e+06,1
567133.94,1
4.4963424e+07,1
3.198053e+06,1
2.173596e+06,1
6.870487e+06,1
1.4226196e+06,1
2.362063e+06,1
3.3653538e+06,1
728792.4,1
4.6897676e+07,1
4.1761155e+06,1
2.9504408e+06,1
2.194781e+06,1
7.536267e+06,1
1.3201762e+06,1
4.1942122e+06,1
917209.06,1
916686.4,1
779759.2,1
3.341554e+06,1
732321.2,1
632062.94,1
2.605142e+06,1
566888.4,1
542784.5,1
2795.7444,1
568376.44,1
2.2972532e+06,1
474801.12,1
4.0600868e+07,1
1.7558219e+06,1
1.086633e+06,1
853516.7,1
4.224771e+06,1
715027.6,1
5.97899e+06,1
595130.6,1
4.806559e+07,1
3.2526492e+06,1
1.49587e+06,1
1.0955415e+06,1
4.7647025e+06,1
845247.2,1
786209.94,1
3.243912e+06,1
667414.2,1
4.489163e+07,1
1.7739921e+06,1
1.2810032e+06,1
5.3105765e+06,1
973384.44,1
2790.1494,1
882372.7,1
3.8062668e+06,1
753261.5,1
4.5215012e+07,1
3.5447038e+06,1
4.0004532e+06,1
1.3908151e+06,1
3.3579822e+06,1
5.965951e+06,1
2.8550358e+06,1
843577.25,1
4.22857e+07,1
4.06241e+06,1
5.065944e+06,1
1.5614312e+06,1
2.9289472e+06,1
1.1701319e+06,1
6.608592e+06,1
2.998521e+06,1
871966.1,1
4.4316828e+07,1
3.322526e+06,1
1.7581599e+06,1
5.3884865e+06,1
1.2874786e+06,1
2794.788,1
1.8369978e+06,1
3.15983e+06,1
930798.56,1
4.835441e+07,1
4.0340085e+06,1
5.7941415e+06,1
1.8042941e+06,1
3.1122238e+06,1
6.9829825e+06,1
2.4516668e+06,1
995279.3,1
2.3021002e+06,1
884054.7,1
2.0684649e+06,1
1.9813371e+06,1
752363.94,1
1.7804891e+06,1
1.5577389e+06,1
1.5329601e+06,1
3.3945548e+07,1
3.094142e+06,1
1.8723414e+06,1
6.155644e+06,1
1.3980051e+06,1
1.5433391e+06,1
819024.7,1
2.440366e+06,1
1.3243689e+06,1
2.834089e+06,1
653305.6,1
3.9729244e+07,1
3.2940402e+06,1
2789.132,1
1.5715475e+06,1
949975.8,1
3.7808835e+06,1
3.1757745e+06,1
2.5183768e+06,1
734160.25,1
4.1241456e+07,1
5.328019e+06,1
1.5797699e+06,1
1.058412e+06,1
4.0746335e+06,1
1.1515565e+06,1
847946.7,1
2.8968298e+06,1
4.335784e+07,1
1.7241074e+07,1
2.6346338e+06,1
1.5397391e+06,1
1.1110429e+06,1
4.4753625e+06,1
935909.94,1
1.8076728e+06,1
5.498458e+06,1
793875.94,1
4.251705e+07,1
2.828174e+06,1
1.5457282e+06,1
1.1629771e+06,1
4.8068675e+06,1
2790.112,1
1.3121792e+06,1
3.4942445e+06,1
859062.4,1
3.701406e+07,1
3.5229898e+06,1
3.385241e+06,1
1.2850405e+06,1
3.2248632e+06,1
1.0528308e+06,1
6.307082e+06,1
5.154146e+06,1
870782.25,1
4.406336e+07,1
2.3074578e+06,1
1.3889176e+06,1
4.937259e+06,1
1.1229689e+06,1
1.4778938e+06,1
3.3393285e+06,1
917977.44,1
4.5482076e+07,1
3.331378e+06,1
2.88674e+06,1
7.6304695e+06,1
1.8112895e+06,1
1.8931516e+06,1
5.5401015e+06,1
1.295734e+06,1
1.4206425e+06,1
1.0812458e+06,1
3.8403308e+06,1
2788.5337,1
1.0903256e+06,1
2.9637738e+06,1
765344.5,1
4.5104436e+07,1
3.580361e+06,1
2.6290175e+06,1
1.9429566e+06,1
6.6482395e+06,1
1.4084012e+06,1
3.0004765e+06,1
4.0906945e+06,1
825458.4,1
4.681711e+07,1
3.6737512e+06,1
2.6467652e+06,1
7.7223845e+06,1
1.7858752e+06,1
1.3950389e+06,1
3.9407518e+06,1
913425.6,1
5.125919e+07,1
4.465505e+06,1
3.1928522e+06,1
2.605641e+06,1
8.1002975e+06,1
2794.9607,1
1.3018649e+06,1
4.2321295e+06,1
988698.2,1
4.7828428e+07,1
4.6458305e+06,1
3.4792102e+06,1
2.7422072e+06,1
8.816822e+06,1
1.9655634e+06,1
1.3284366e+06,1
4.5734645e+06,1
1.0092406e+06,1
4.706934e+07,1
4.73342e+06,1
3.4615198e+06,1
9.407273e+06,1
2.304805e+06,1
1.360298e+06,1
4.64901e+06,1
1.067381e+06,1
4.2864612e+07,1
7.072716e+06,1
4.7840095e+06,1
1.2166486e+07,1
2.7305355e+06,1
2791.297,1
1.6451416e+06,1
4.9068565e+06,1
1.1219432e+06,1
4.886375e+07,1
2.860764e+07,1
1.1138592e+07,1
1.0714455e+07,1
2.890277e+06,1
4.341871e+06,1
4.0464945e+06,1
1.395823e+06,1
3.0717978e+06,1
1.1508251e+06,1
3.2385695e+06,1
1.5727494e+06,1
917804.4,1
2.7448508e+06,1
820377.7,1
5.206204e+06,1
2.4517775e+06,1
700669.6,1
3.992587e+07,1
2.7996115e+06,1
1.9891356e+06,1
1.3313181e+06,1
4.997094e+06,1
1.02427206e+06,1
1.1442335e+06,1
3.114114e+06,1
768100.2,1
4.5406984e+07,1
3.644121e+06,1
2.2413408e+06,1
1.5360028e+06,1
5.574549e+06,1
1.1343861e+06,1
2790.4802,1
1.122006e+06,1
3.5025012e+06,1
816521.7,1
4.6032784e+07,1
3.8447695e+06,1
2.3480722e+06,1
1.6690625e+06,1
6.120344e+06,1
1.221358e+06,1
2.662518e+06,1
3.7672955e+06,1
854010.7,1
4.65183e+07,1
4.0090712e+06,1
2.5083945e+06,1
1.8362601e+06,1
6.688221e+06,1
1.3252308e+06,1
1.1126269e+06,1
3.9633225e+06,1
881927.0,1
4.591815e+07,1
4.31799e+06,1
5.99959e+06,1
2.1453432e+06,1
4.1351842e+06,1
1.5271002e+06,1
2788.3691,1
6.161487e+06,1
3.0979882e+06,1
925168.6,1
4.7083416e+07,1
4.381414e+06,1
3.5162535e+06,1
2.2953872e+06,1
7.173611e+06,1
1.6371756e+06,1
1.6112338e+06,1
3.8326325e+06,1
955078.2,1
4.4669588e+07,1
4.4652955e+06,1
7.1943545e+06,1
2.431064e+06,1
4.108018e+06,1
1.7396909e+06,1
3.086636e+06,1
1.151409e+06,1
2.875775e+06,1
2.305946e+06,1
907112.6,1
2.4391688e+06,1
1.6638682e+06,1
747335.6,1
2.0414176e+06,1
673362.9,1
5.906511e+06,1
1.8450484e+06,1
592769.2,1
3.986447e+07,1
1.918866e+06,1
2791.969,1
1.7408064e+06,1
966194.06,1
3.8422048e+06,1
799621.6,1
1.2311819e+06,1
2.4992335e+06,1
665382.3,1
4.3567424e+07,1
2.9239412e+06,1
1.8208655e+06,1
1.1111092e+06,1
4.4328195e+06,1
886926.0,1
1.1422679e+06,1
5.265269e+06,1
719399.2,1
4.223398e+07,1
3.3130848e+06,1
3.8888295e+06,1
1.2512225e+06,1
2.7858205e+06,1
975504.25,1
1.4390315e+06,1
5.3873125e+06,1
2.2724305e+06,1
726411.0,1
4.0508704e+07,1
3.207943e+06,1
2791.3723,1
4.79053e+06,1
1.3323824e+06,1
2.369574e+06,1
1.02387875e+06,1
7.09579e+06,1
1.901753e+06,1
784044.8,1
4.4459604e+07,1
3.5699995e+06,1
3.6318525e+06,1
1.8891236e+06,1
6.099924e+06,1
2.311125e+06,1
1.1330669e+06,1
3.411777e+06,1
936022.06,1
2.4636758e+06,1
1.7401445e+06,1
734552.7,1
4.360944e+07,1
3.4892922e+06,1
2.676055e+06,1
1.4975454e+06,1
5.213181e+06,1
1.107534e+06,1
2.8776248e+06,1
3.065532e+06,1
794672.25,1
4.5718304e+07,1
3.6481468e+06,1
2.6406358e+06,1
1.6374454e+06,1
5.7386335e+06,1
2797.2708,1
1.199797e+06,1
1.3812986e+06,1
3.7896078e+06,1
839303.5,1
1.1309596e+06,1
3.052041e+06,1
716802.0,1
971815.4,1
2.6948412e+06,1
619968.56,1
3.1949624e+07,1
2.6462e+06,1
1.8968354e+06,1
7.4943735e+06,1
1.386523e+06,1
1.0827904e+06,1
784786.3,1
3.0416835e+06,1
854710.4,1
2.4470552e+06,1
628498.44,1
3.743639e+07,1
3.1901362e+06,1
2.7930242e+06,1
916112.25,1
2.252499e+06,1
5.994989e+06,1
1.9871776e+06,1
708238.25,1
4.222188e+07,1
7.935949e+06,1
2787.135,1
1.7960292e+06,1
1.0414855e+06,1
3.7751152e+06,1
876511.3,1
1.3472558e+06,1
2.7247662e+06,1
746917.75,1
4.205638e+07,1
1.758934e+06,1
1.1474714e+06,1
4.110803e+06,1
957512.8,1
1.1900415e+06,1
2.878106e+06,1
808316.94,1
4.289205e+07,1
2.9548588e+06,1
1.682987e+06,1
1.1911434e+06,1
4.5559155e+06,1
1.437786e+06,1
3.1451078e+06,1
871900.56,1
4.4954384e+07,1
3.484142e+06,1
2794.149,1
1.7884465e+06,1
1.3094995e+06,1
4.865234e+06,1
1.0692632e+06,1
1.2425894e+06,1
3.3531612e+06,1
881653.4,1
4.4576924e+07,1
1.8929032e+06,1
1.4087725e+06,1
5.1198325e+06,1
1.1362401e+06,1
3.5938535e+06,1
1.0535986e+06,1
921820.94,1
4.527069e+07,1
3.5380878e+06,1
2.694978e+06,1
2.3084015e+06,1
7.8448695e+06,1
1.7518504e+06,1
1.5168779e+06,1
5.8630835e+06,1
1.282335e+06,1
1.1372681e+06,1
4.1505348e+06,1
927104.9,1
3.0946808e+06,1
768133.0,1
4.4884628e+07,1
3.8521395e+06,1
2.8182705e+06,1
2.2385548e+06,1
7.3717505e+06,1
1.6191005e+06,1
2789.0344,1
1.6725075e+06,1
5.840671e+06,1
842049.75,1
4.7038908e+07,1
4.3296075e+06,1
3.2143725e+06,1
2.5482065e+06,1
8.263695e+06,1
1.8119865e+06,1
2.4327048e+06,1
986298.2,1
3.7977508e+06,1
835551.0,1
4.628518e+07,1
1.2386465e+07,1
3.9633875e+06,1
2.9238012e+06,1
9.296795e+06,1
9.857134e+16,1
1.6524428e+06,1
1.0818419e+06,1
4.1042238e+06,1
862448.6,1
5.0422076e+07,1
8.0197055e+06,1
5.262315e+06,1
1.2986212e+07,1
2.496083e+06,1
2792.9087,1
1.1641066e+06,1
992731.0,1
4.1783425e+06,1
884457.8,1
3.83807e+06,1
789851.75,1
3.3330078e+07,1
2.5208268e+06,1
2.1493212e+06,1
1.2131978e+06,1
5.0841505e+06,1
947973.3,1
905887.1,1
3.3935285e+06,1
812602.2,1
3.8217836e+07,1
3.496947e+06,1
1.3413326e+06,1
4.8994035e+06,1
1.0236387e+06,1
6.6969865e+06,1
956069.2,1
865427.2,1
4.3560692e+07,1
7.0500195e+06,1
2789.0828,1
2.1683465e+06,1
1.7362699e+06,1
6.4164575e+06,1
1.3224358e+06,1
1.192489e+06,1
4.9765555e+06,1
1.0040152e+06,1
930751.9,1
3.5251295e+06,1
827135.2,1
773001.1,1
2.9890575e+06,1
690750.56,1
4.287374e+07,1
2.9254628e+06,1
1.8614078e+06,1
1.452081e+06,1
5.483589e+06,1
954035.2,1
3.4542912e+06,1
794487.1,1
4.29707e+07,1
4.1602798e+06,1
2.3894532e+06,1
1.7787054e+06,1
6.1173155e+06,1
1.2687335e+06,1
1.0014473e+06,1
3.972689e+06,1
839806.0,1
4.9933064e+07,1
2788.278,1
2.9258438e+06,1
7.2404865e+06,1
1.6926944e+06,1
1.4513832e+06,1
1.0861149e+06,1
3.8566892e+06,1
906608.75,1
4.4226572e+07,1
4.3181745e+06,1
2.851583e+06,1
2.199418e+06,1
7.3814145e+06,1
1.2043368e+06,1
4.0854392e+06,1
980299.3,1
4.4241084e+07,1
4.6102975e+06,1
6.562048e+06,1
2.45489e+06,1
4.3601585e+06,1
1.752964e+06,1
6.623957e+06,1
3.131814e+06,1
999343.9,1
4.1940748e+07,1
2789.1836,1
4.6626165e+06,1
7.748856e+06,1
2.5778808e+06,1
3.8683958e+06,1
7.335325e+06,1
5.246877e+06,1
1.0611935e+06,1
4.6081376e+07,1
4.7793005e+06,1
4.4483295e+06,1
2.7655198e+06,1
7.3860595e+06,1
1.993497e+06,1
2.3045405e+06,1
3.9843472e+06,1
1.1651644e+06,1
1.7424008e+06,1
996243.2,1
3.0523202e+06,1
1.4082368e+06,1
813441.1,1
2.3084612e+06,1
732495.75,1
1.1700945e+06,1
2.0096072e+06,1
638718.06,1
4.077433e+07,1
2.2427022e+06,1
1.7083808e+06,1
4.1742262e+06,1
949969.06,1
873779.2,1
1.1245301e+06,1
2.5576762e+06,1
708616.6,1
4.3062108e+07,1
2799.441,1
3.2374928e+06,1
4.0244568e+06,1
1.2387755e+06,1
2.447012e+06,1
963767.25,1
6.3463855e+06,1
2.0343435e+06,1
761007.3,1
4.414757e+07,1
3.4241972e+06,1
2.4769062e+06,1
1.3413129e+06,1
4.315301e+06,1
1.03422806e+06,1
1.5156365e+06,1
2.6590468e+06,1
801351.75,1
4.7645564e+07,1
3.6679605e+06,1
4.8171e+06,1
1.4825082e+06,1
2.599969e+06,1
1.1203688e+06,1
6.162814e+06,1
2.0582302e+06,1
842372.75,1
4.4814708e+07,1
2791.2354,1
3.7627108e+06,1
3.0481668e+06,1
1.5856288e+06,1
4.7148865e+06,1
1.1882069e+06,1
1.8185415e+06,1
3.0027928e+06,1
874474.4,1
4.549506e+07,1
3.8831905e+06,1
2.858509e+06,1
1.689786e+06,1
5.5192905e+06,1
1.2543092e+06,1
1.5868574e+06,1
3.2132638e+06,1
902838.8,1
4.0959828e+07,1
4.1190132e+06,1
2.787514e+06,1
1.8003979e+06,1
5.8090975e+06,1
1.3225445e+06,1
1.4363325e+06,1
994397.3,1
3.4556858e+06,1
1.1553262e+06,1
821859.2,1
2.9176035e+06,1
2.4361212e+06,1
2.470066e+06,1
672242.9,1
3.5856172e+07,1
2788.0244,1
3.209576e+06,1
2.2744512e+06,1
7.740779e+06,1
1.5512088e+06,1
1.1204446e+06,1
843023.0,1
3.2339838e+06,1
1.6600216e+06,1
2.5460868e+06,1
667983.9,1
4.650215e+07,1
5.7839185e+06,1
1.3070356e+06,1
986259.56,1
3.9677065e+06,1
926023.5,1
2.87927e+06,1
749850.0,1
712662.4,1
3.643354e+07,1
2.7613238e+06,1
2.9606605e+06,1
1.061861e+06,1
2.6297922e+06,1
890286.2,1
2791.8982,1
6.079459e+06,1
2.2793642e+06,1
754606.0,1
4.481311e+07,1
3.904888e+06,1
1.1784761e+06,1
2.263097e+06,1
975113.6,1
6.2669205e+06,1
1.9181401e+06,1
814828.1,1
4.3131724e+07,1
3.1030632e+06,1
2.46548e+06,1
1.244933e+06,1
4.0043195e+06,1
1.01834844e+06,1
1.7082971e+06,1
2.5111608e+06,1
834707.94,1
4.4381748e+07,1
3.3797515e+06,1
2.3629912e+06,1
1.3736649e+06,1
4.4322675e+06,1
1.0870181e+06,1
2788.3413,1
1.6612349e+06,1
2.9724808e+06,1
864785.2,1
3.9831036e+07,1
2.477737e+06,1
1.5550524e+06,1
5.208359e+06,1
1.1919941e+06,1
1.3881848e+06,1
4.4825395e+06,1
923104.8,1
4.5510996e+07,1
3.7309222e+06,1
3.1893025e+06,1
2.4554152e+06,1
8.1458405e+06,1
2.0831721e+06,1
1.6547036e+06,1
6.030606e+06,1
1.521729e+06,1
1.2230044e+06,1
4.2926345e+06,1
1.0974891e+06,1
2.9876635e+06,1
778718.75,1
4.5043224e+07,1
3.90992e+06,1
3.0310545e+06,1
2.3417055e+06,1
7.45715e+06,1
1.6898851e+06,1
2790.146,1
1.9885851e+06,1
3.5323768e+06,1
846323.44,1
4.6997664e+07,1
4.5345015e+06,1
3.2447898e+06,1
8.918045e+06,1
2.2348852e+06,1
2.0088325e+06,1
3.861473e+06,1
930438.1,1
4.7595652e+07,1
7.2089155e+06,1
4.8475405e+06,1
1.1860519e+07,1
2.5671788e+06,1
1.2611326e+06,1
1.049571e+06,1
4.062441e+06,1
952515.56,1
3.3004165e+06,1
826239.94,1
3.8972656e+07,1
3.0877312e+06,1
2791.1865,1
1.36987e+06,1
1.138525e+06,1
4.6515465e+06,1
1.2324242e+06,1
3.3922578e+06,1
878730.9,1
4.2104156e+07,1
4.1802478e+06,1
1.4569326e+06,1
1.2109408e+06,1
4.7388005e+06,1
1.0466565e+06,1
5.172145e+06,1
920568.56,1
4.389789e+07,1
1.7253646e+07,1
2.7767062e+06,1
1.489219e+06,1
1.2358366e+06,1
4.783798e+06,1
1.0409455e+06,1
1.2135232e+06,1
6.598541e+06,1
878364.56,1
4.2960028e+07,1
2.9490288e+06,1
2.1415365e+06,1
1.7630436e+06,1
6.598056e+06,1
1.3723265e+06,1
1.2356441e+06,1
5.060617e+06,1
1.04440975e+06,1
963730.2,1
3.6329082e+06,1
2797.9355,1
830372.1,1
3.0481078e+06,1
731287.8,1
4.4416732e+07,1
3.2230865e+06,1
2.0696005e+06,1
1.6087438e+06,1
6.034456e+06,1
1.1870046e+06,1
990827.8,1
3.4666472e+06,1
794085.56,1
4.633031e+07,1
3.9811795e+06,1
2.498815e+06,1
1.8967426e+06,1
6.712003e+06,1
1.3499122e+06,1
1.0689546e+06,1
3.7315645e+06,1
848123.75,1
4.671379e+07,1
4.136598e+06,1
2.6624592e+06,1
2.0379392e+06,1
6.9073825e+06,1
1.4476856e+06,1
2788.6494,1
1.0760384e+06,1
3.9062935e+06,1
889030.06,1
4.2744236e+07,1
4.392504e+06,1
2.8599265e+06,1
2.208573e+06,1
7.452564e+06,1
1.5700875e+06,1
1.1195548e+06,1
4.0381828e+06,1
921327.3,1
4.2706236e+07,1
4.528856e+06,1
6.478532e+06,1
2.4205338e+06,1
4.347027e+06,1
1.7259959e+06,1
6.2828335e+06,1
3.096034e+06,1
955534.4,1
4.0994316e+07,1
4.684944e+06,1
7.6399075e+06,1
2.6058238e+06,1
3.901482e+06,1
1.8649116e+06,1
2790.1458,1
7.0078375e+06,1
2.5610152e+06,1
980948.44,1
4.682735e+07,1
5.427594e+06,1
3.3111585e+06,1
8.238898e+06,1
2.3439185e+06,1
2.4301438e+06,1
1.3423646e+06,1
4.0006952e+06,1
1.7650142e+06,1
1.0039756e+06,1
3.1210775e+06,1
1.4173336e+06,1
814008.0,1
2.3402448e+06,1
732057.6,1
1.1744311e+06,1
2.0302585e+06,1
636322.9,1
4.1514816e+07,1
2.3018645e+06,1
1.7531375e+06,1
1.1011905e+06,1
4.1477618e+06,1
882257.44,1
1.1298731e+06,1
2.6763552e+06,1
707032.75,1
4.370024e+07,1
3.3025298e+06,1
1.935577e+06,1
1.2692292e+06,1
4.642739e+06,1
2792.2856,1
976793.8,1
2.711489e+06,1
2.9401315e+06,1
757935.56,1
4.7335e+07,1
3.5434705e+06,1
4.2437055e+06,1
1.4146624e+06,1
2.8306135e+06,1
1.0688852e+06,1
6.015752e+06,1
2.2904605e+06,1
806088.9,1
4.4928252e+07,1
3.6972018e+06,1
2.683507e+06,1
1.5315466e+06,1
5.0173845e+06,1
1.1460022e+06,1
1.5239262e+06,1
3.4707395e+06,1
846419.75,1
4.551311e+07,1
3.812992e+06,1
2.575264e+06,1
1.6296974e+06,1
5.578764e+06,1
1.2120551e+06,1
2789.7935,1
1.9436369e+06,1
3.2889828e+06,1
875860.1,1
4.606085e+07,1
3.9620138e+06,1
2.6064782e+06,1
1.7704658e+06,1
5.929062e+06,1
1.299276e+06,1
1.6107679e+06,1
3.5778335e+06,1
906961.8,1
4.5651108e+07,1
4.1095355e+06,1
2.6525925e+06,1
1.8867996e+06,1
6.4467405e+06,1
1.3739639e+06,1
1.2623866e+06,1
1.0111618e+06,1
3.758093e+06,1
1.00150975e+06,1
831290.0,1
3.1832892e+06,1
2.0814846e+06,1
2.7101222e+06,1
676850.06,1
3.8486416e+07,1
5.293145e+06,1
3.5900238e+06,1
1.0488329e+07,1
1.8619635e+06,1
2789.3083,1
1.050132e+06,1
856729.06,1
3.7186158e+06,1
799080.4,1
706958.6,1
671957.94,1
3.4465468e+07,1
4.0074268e+07,1
1.9688712e+07,1
1.3226219e+07,1
5.575486e+06,1
2.681684e+06,1
912603.0,1
2.4609988e+06,1
769128.0,1
1.2680619e+06,1
2.1482418e+06,1
657983.5,1
4.0315012e+07,1
2.5985758e+06,1
1.5961756e+06,1
998588.56,1
3.9182015e+06,1
834613.6,1
1.0926035e+06,1
2.6189365e+06,1
706243.7,1
4.31828e+07,1
2.8301712e+06,1
2790.1917,1
1.6060632e+06,1
1.0920998e+06,1
4.337296e+06,1
899738.9,1
1.04666144e+06,1
2.951095e+06,1
752077.5,1
4.38646e+07,1
2.9722538e+06,1
1.6257292e+06,1
1.1673442e+06,1
4.4839335e+06,1
953923.56,1
3.2479402e+06,1
968536.2,1
789088.1,1
4.4385664e+07,1
3.132473e+06,1
1.6754166e+06,1
1.2420866e+06,1
4.9431935e+06,1
1.00431125e+06,1
1.0123067e+06,1
3.3816582e+06,1
819347.5,1
4.2139572e+07,1
3.382873e+06,1
2791.1047,1
1.7854512e+06,1
1.3388402e+06,1
5.179522e+06,1
1.0620386e+06,1
1.0227607e+06,1
3.5643252e+06,1
849959.56,1
4.5285084e+07,1
3.1346648e+06,1
2.5655888e+06,1
8.1563525e+06,1
1.8519546e+06,1
1.5919142e+06,1
6.0255135e+06,1
1.3039879e+06,1
1.1578781e+06,1
4.281501e+06,1
998758.0,1
877353.06,1
3.1422852e+06,1
731325.44,1
4.550876e+07,1
3.6426848e+06,1
2.6200468e+06,1
2.0754832e+06,1
7.232415e+06,1
1.0696471e+06,1
3.6576428e+06,1
836589.6,1
4.4152404e+07,1
4.4169065e+06,1
6.766223e+06,1
2.4566355e+06,1
4.1140202e+06,1
1.7385932e+06,1
2794.4548,1
6.504238e+06,1
2.7704648e+06,1
7.0385656e+07,1
5.7482475e+06,1
3.7425135e+06,1
8.86968e+06,1
2.5010158e+06,1
1.6274929e+06,1
3.6717235e+06,1
5.9431748e+07,1
7.4665015e+06,1
4.784409e+06,1
1.0590227e+07,1
2.8908452e+06,1
1.6282276e+06,1
4.196373e+06,1
7.176016e+07,1
1.2115604e+07,1
7.512137e+06,1
1.5565985e+07,1
3.1423678e+06,1
2792.3704,1
1.5839894e+06,1
1.2475831e+06,1
4.4129145e+06,1
1.1895519e+06,1
3.2971512e+06,1
3.2236104e+07,1
4.192652e+06,1
3.3044888e+06,1
1.353247e+06,1
3.0618022e+06,1
6.476023e+06,1
2.7174055e+06,1
4.035298e+07,1
4.8798865e+06,1
2.4484052e+06,1
5.295677e+06,1
3.1014445e+06,1
3.9540942e+06,1
1.3620116e+06,1
2.4499235e+06,1
2.481889e+06,1
1.0638942e+06,1
2.0048608e+06,1
943903.1,1
6.410593e+06,1
1.7254782e+06,1
6.5400708e+07,1
3.4364952e+06,1
2790.2908,1
2.8982575e+06,1
1.6275598e+06,1
4.544628e+06,1
1.2219346e+06,1
1.6982662e+06,1
2.5409675e+06,1
4.7932372e+07,1
4.7251755e+06,1
5.839417e+06,1
1.916143e+06,1
2.7188988e+06,1
1.3731245e+06,1
7.128575e+06,1
1.985842e+06,1
6.4578664e+07,1
5.041096e+06,1
3.8639952e+06,1
2.105176e+06,1
5.5987375e+06,1
2.1132165e+06,1
2.906718e+06,1
6.578143e+07,1
5.4949845e+06,1
3.852655e+06,1
2.341992e+06,1
6.392962e+06,1
2790.8442,1
1.6541844e+06,1
1.8319534e+06,1
3.3008112e+06,1
6.6277944e+07,1
5.5602925e+06,1
4.0008685e+06,1
2.6885498e+06,1
7.257525e+06,1
1.8072778e+06,1
3.8026762e+06,1
4.0475012e+07,1
5.8549075e+06,1
7.8749275e+06,1
2.9776808e+06,1
4.2808975e+06,1
2.0900258e+06,1
3.01732e+06,1
7.2425215e+06,1
7.0668536e+07,1
5.729139e+06,1
4.8496435e+06,1
3.0851872e+06,1
7.7737225e+06,1
2792.0088,1
2.5081482e+06,1
1.5118975e+06,1
4.0405008e+06,1
1.8421576e+06,1
1.1486951e+06,1
3.2006175e+06,1
1.4740898e+06,1
926867.6,1
2.442684e+06,1
829708.7,1
1.2114079e+06,1
2.1347408e+06,1
3.330275e+07,1
2.4648148e+06,1
1.4650942e+06,1
3.4204445e+06,1
2.179163e+06,1
6.520073e+06,1
1.8660896e+06,1
6.3076304e+07,1
7.6607535e+06,1
3.4541578e+06,1
2.5273912e+06,1
1.36526e+06,1
4.1975705e+06,1
1.0761441e+06,1
1.6189076e+06,1
2.5003032e+06,1
6.351635e+07,1
2788.33,1
2.8083502e+06,1
1.6507864e+06,1
4.7588435e+06,1
1.6961051e+06,1
1.1570225e+06,1
3.3158752e+06,1
1.00792344e+06,1
1.3079991e+06,1
2.6016752e+06,1
3.6751756e+07,1
3.6389322e+06,1
2.898424e+06,1
4.4572665e+06,1
1.493399e+06,1
2.6451202e+06,1
6.7639785e+06,1
2.15036e+06,1
6.439374e+07,1
4.887437e+06,1
3.2844422e+06,1
1.8338724e+06,1
5.0038075e+06,1
1.3327681e+06,1
2.0357436e+06,1
3.6400145e+06,1
6.0414132e+07,1
4.958412e+06,1
2791.767,1
3.1903995e+06,1
1.9779431e+06,1
5.71508e+06,1
1.4362115e+06,1
1.597316e+06,1
3.278281e+06,1
4.6464396e+07,1
5.2674085e+06,1
6.7222615e+06,1
2.3239798e+06,1
3.5408298e+06,1
1.6426452e+06,1
2.7936658e+06,1
1.1629024e+06,1
2.4923448e+06,1
2.1808135e+06,1
936815.6,1
2.0880556e+06,1
1.6153345e+06,1
770904.6,1
1.741227e+06,1
5.9246565e+06,1
2.3208818e+06,1
637428.7,1
5.0338016e+07,1
1.8042974e+06,1
1.668746e+06,1
957004.56,1
3.180545e+06,1
815939.6,1
1.2420582e+06,1
2.881093e+06,1
6.420351e+07,1
2.9816802e+06,1
2790.892,1
1.7409255e+06,1
1.0991139e+06,1
3.9715062e+06,1
912550.7,1
1.1764382e+06,1
3.3111265e+06,1
5.7395516e+07,1
3.4225508e+06,1
1.813373e+06,1
1.231267e+06,1
4.4194665e+06,1
1.0041015e+06,1
1.1480711e+06,1
2.944499e+06,1
3.974678e+07,1
3.679076e+06,1
3.7592552e+06,1
1.3388454e+06,1
2.7851548e+06,1
1.0810955e+06,1
7.1387325e+06,1
3.096473e+06,1
6.6769816e+07,1
2794.3596,1
3.8418855e+06,1
2.4784072e+06,1
1.4342124e+06,1
4.3463555e+06,1
1.1482718e+06,1
1.5894214e+06,1
2.9225012e+06,1
5.4417104e+07,1
4.0834292e+06,1
2.4162958e+06,1
1.5408626e+06,1
5.02055e+06,1
1.2162634e+06,1
1.7118008e+06,1
3.9975995e+06,1
4.4511228e+07,1
4.4178765e+06,1
4.9899635e+06,1
1.7055776e+06,1
3.1619512e+06,1
1.308451e+06,1
3.376216e+06,1
6.79933e+06,1
5.9924496e+07,1
2790.7258,1
6.041217e+06,1
3.8757708e+06,1
9.342717e+06,1
3.4359848e+06,1
2.2771435e+06,1
6.52117e+06,1
1.805698e+06,1
2.2592645e+06,1
1.4504464e+06,1
4.242199e+06,1
1.5532822e+06,1
2.6716402e+06,1
6.519082e+07,1
7.9477285e+06,1
4.926709e+06,1
1.0922893e+07,1
2.6386688e+06,1
1.5232249e+06,1
1.02116456e+06,1
3.348545e+06,1
882831.75,1
1.372119e+06,1
3.1682758e+06,1
4.0026696e+07,1
3.7950385e+06,1
4.09031e+06,1
1.3339894e+06,1
2.485075e+06,1
2793.759,1
1.0490666e+06,1
6.4950075e+06,1
2.7876435e+06,1
5.3790644e+07,1
4.0706262e+06,1
2.648054e+06,1
1.4775112e+06,1
4.473938e+06,1
1.1461754e+06,1
1.6078896e+06,1
2.6778225e+06,1
6.88722e+07,1
4.679163e+06,1
2.9874288e+06,1
1.8642166e+06,1
5.6601315e+06,1
1.3566441e+06,1
1.7739611e+06,1
3.9838015e+06,1
3.9073256e+07,1
4.9272115e+06,1
5.90756e+06,1
2.040221e+06,1
3.3115632e+06,1
2790.5574,1
1.470276e+06,1
2.2985912e+06,1
990296.6,1
2.2201145e+06,1
865040.25,1
5.732055e+06,1
2.6163562e+06,1
4.025539e+07,1
3.601406e+06,1
6.9381485e+06,1
2.037221e+06,1
2.658991e+06,1
4.5746555e+06,1
1.3113498e+06,1
1.9664366e+06,1
2.95022e+06,1
966478.06,1
1.5371012e+06,1
6.4703955e+06,1
1.9894291e+06,1
5.8587224e+07,1
4.336996e+06,1
3.8993998e+06,1
2.2331738e+06,1
5.9246175e+06,1
1.5441029e+06,1
2790.8877,1
1.680929e+06,1
793111.9,1
2.0795425e+06,1
692655.44,1
1.2498631e+06,1
580573.0,1
1.3911624e+06,1
507163.28,1
461947.25,1
893996.94,1
1.0325537e+06,1
363626.84,1
2787.4558,1
672940.56,1
297353.47,1
745364.06,1
252860.64,1
468995.6,1
203457.62,1
520865.1,1
171354.33,1
152328.48,1
301114.5,1
353313.12,1
113877.28,1
281382.5,1
238124.92,1
198317.81,1
78428.48,1
168100.94,1
67834.23,1
2790.9705,1
135120.83,1
54881.688,1
120286.83,1
46985.27,1
90493.82,1
38087.645,1
84288.68,1
32560.533,1
59769.293,1
60442.074,1
24893.994,1
2789.651,1
41089.46,1
21787.639,1
40554.973,1
16998.062,1
26869.943,1
14919.927,1
27156.096,1
11983.965,1
17921.367,1
10579.478,1
18339.957,1
8784.773,1
2792.4597,1
8611.456,1
11621.087,1
12653.472,1
6735.6445,1
10684.131,1
6929.38,1
11361.828,1
15995.365,1
15061.076,1
17843.457,1
10574.269,1
9344.537,1
10449.189,1
5834.9814,1
7567.2817,1
6703.22,1
7579.5,1
4441.2017,1
2796.0322,1
6115.713,1
5535.798,1
6170.976,1
4001.0264,1
5240.442,1
4808.3457,1
5234.237,1
3675.2974,1
4588.3315,1
4260.953,1
4530.5273,1
3428.807,1
4112.25,1
3860.8462,1
4018.2341,1
2788.9307,1
3244.0127,1
3773.295,1
3576.024,1
3656.0688,1
3106.301,1
3536.4746,1
3376.8894,1
3405.8254,1
3004.2146,1
3560.1348,1
3210.37,1
3331.8408,1
10480.651,1
11551.887,1
11851.511,1
6643.2065,1
6333.46,1
6164.8696,1
3940.782,1
2788.9734,1
4692.3096,1
4515.073,1
4447.5967,1
3009.8975,1
4054.3333,1
3968.793,1
3934.967,1
2931.6602,1
3784.7683,1
3703.7188,1
3668.1772,1
2882.179,1
2792.453,1
3569.0657,1
3486.8203,1
3448.3547,1
2841.327,1
3400.4045,1
3317.365,1
3276.3462,1
2810.9976,1
3274.7612,1
3191.743,1
3148.7832,1
2786.5166,1
2792.614,1
3185.1926,1
3102.5754,1
3058.2114,1
2766.4414,1
3165.612,1
2944.7954,1
2872.6335,1
10146.92,1
11269.475,1
11499.212,1
6391.9175,1
6086.412,1
5899.6646,1
3785.892,1
4499.6157,1
4328.253,1
4246.611,1
2889.799,1
3908.8235,1
3828.6077,1
3784.5605,1
2836.4326,1
2788.916,1
3676.1052,1
3600.4736,1
3557.2048,1
2807.883,1
3488.5776,1
3411.7815,1
3367.7048,1
2786.0002,1
3340.6592,1
3262.7183,1
3217.9275,1
2767.4092,1
2789.6206,1
3230.627,1
3151.9202,1
3106.6465,1
2752.9658,1
3152.5024,1
3073.3809,1
3027.8235,1
2742.694,1
3123.3333,1
2914.3901,1
2824.3035,1
10114.284,1
11239.738,1
11463.568,1
6364.5093,1
6058.4365,1
5871.7075,1
3789.5452,1
2788.673,1
4477.401,1
4306.1943,1
4224.538,1
2876.3843,1
1.30349e+06,1
2244.7292,1
4434.9453,1
4296.1963,1
4161.629,1
1.1713635e+07,1
3275.6846,1
3728.0315,1
3628.63,1
3580.413,1
2969.2515,1
2797.5288,1
3494.5676,1
3422.112,1
3381.9583,1
2893.0928,1
3346.7285,1
3273.7563,1
3232.3423,1
2845.2502,1
3237.6802,1
3162.9927,1
3120.247,1
2806.8215,1
3159.5261,1
3083.3923,1
3039.672,1
2791.712,1
2777.4985,1
3115.7124,1
2902.359,1
2805.9712,1
10102.177,1
11231.503,1
11457.912,1
6359.316,1
6055.0864,1
5869.7173,1
3813.0789,1
4475.098,1
4304.466,1
4224.4214,1
2898.8638,1
3891.5017,1
3812.2498,1
3769.2437,1
2842.231,1
2788.8389,1
3664.0295,1
3589.6138,1
3546.9941,1
2810.9543,1
3480.0125,1
3404.2952,1
3360.5344,1
2773.705,1
3336.3655,1
3258.5293,1
3213.743,1
2765.5286,1
2793.039,1
3226.927,1
3148.9993,1
3103.9014,1
2743.946,1
3150.753,1
3071.7207,1
3026.151,1
2740.8945,1
3118.8455,1
2910.5771,1
2817.2507,1
10106.318,1
11232.902,1
11457.081,1
6360.7954,1
6054.7227,1
5868.0083,1
3778.3745,1
4474.8057,1
4303.247,1
4222.0522,1
2876.6765,1
2787.6555,1
3890.3635,1
3810.3826,1
3766.5022,1
2813.9602,1
3663.986,1
3587.854,1
3544.2866,1
2799.3755,1
3478.564,1
3402.1572,1
3357.8914,1
2768.2188,1
2789.451,1
3334.5461,1
3256.452,1
3211.337,1
2762.5474,1
3225.3262,1
3147.0984,1
3101.747,1
2748.3179,1
3148.6174,1
3069.8523,1
3024.238,1
2738.6665,1
2791.5288,1
3117.4275,1
2909.498,1
2816.7324,1
10113.155,1
11238.844,1
11460.459,1
6360.9106,1
6055.1143,1
5868.295,1
3693.7515,1
4477.3853,1
4304.765,1
4222.416,1
2872.361,1
3890.4343,1
3810.0713,1
3765.8335,1
2823.7947,1
2792.8528,1
3662.1484,1
3586.8135,1
3543.35,1
2797.9648,1
3478.0706,1
3401.6338,1
3357.3035,1
2768.9133,1
3334.0183,1
3255.986,1
3210.8704,1
2761.3037,1
2791.5437,1
3225.086,1
3146.7876,1
3101.3962,1
2737.6592,1
3149.6257,1
3070.109,1
3024.275,1
565712.56,1
2930.5513,1
2999.423,1
2876.5664,1
2796.3813,1
10030.108,1
11132.225,1
11354.93,1
6264.9517,1
5971.1787,1
5796.051,1
3698.4473,1
4431.1094,1
4266.5596,1
4189.4326,1
2834.5955,1
4161.049,1
4061.334,1
3945.8982,1
2901.43,1
2791.8823,1
4791.212,1
4498.919,1
4310.6284,1
3804.4934,1
3763.272,1
3731.181,1
3945.353,1
3678.807,1
3608.2605,1
3566.586,1
3414.5027,1
2789.5122,1
3525.4172,1
3449.4521,1
3405.0583,1
3147.3457,1
3386.5835,1
3309.291,1
3263.821,1
2987.5476,1
3275.1843,1
3196.7373,1
3150.5837,1
2889.251,1
3204.6606,1
2985.6497,1
2883.586,1
10124.968,1
11254.314,1
11480.775,1
2792.0457,1
6345.6064,1
6036.131,1
3913.3445,1
4527.597,1
4248.2534,1
4256.927,1
3008.509,1
3934.805,1
3729.0315,1
3807.989,1
2909.747,1
3708.5312,1
3484.2783,1
3587.5554,1
2856.467,1
2792.545,1
3520.5725,1
3307.5247,1
3397.483,1
2818.622,1
3368.6292,1
3182.0977,1
3244.0688,1
2790.0632,1
3253.189,1
3095.2642,1
3127.8015,1
2768.0964,1
2790.3574,1
3169.8352,1
3036.267,1
3043.838,1
2753.0645,1
3134.2617,1
2893.3303,1
2829.2734,1
10138.718,1
11235.713,1
11467.1045,1
6366.65,1
6059.2637,1
5874.7393,1
3799.365,1
4479.8735,1
4297.3955,1
4226.955,1
2885.5322,1
2790.2856,1
3896.029,1
3798.344,1
3771.673,1
2832.6077,1
3668.3206,1
3594.0376,1
2941.2346,1
3520.15,1
7244.664,1
3388.5369,1
2817.516,1
2789.2634,1
3362.1426,1
3281.928,1
5364.37,1
2785.8086,1
3247.2178,1
4332.8853,1
3119.6587,1
2766.7283,1
3165.243,1
3744.159,1
3037.818,1
2752.248,1
3132.8213,1
3523.7412,1
2828.1274,1
10116.46,1
12312.377,1
11466.597,1
6369.543,1
7161.858,1
5874.4097,1
3791.7854,1
2794.698,1
4482.5835,1
5080.288,1
4228.317,1
2881.5134,1
3896.6846,1
4344.8184,1
3771.342,1
2830.0828,1
3667.7507,1
3938.18,1
3548.136,1
2802.8203,1
2788.8313,1
3482.5635,1
3623.6184,1
3361.044,1
2781.3203,1
3336.476,1
3391.791,1
3213.4094,1
2764.8997,1
3227.5269,1
3228.6155,1
3103.4067,1
2750.6147,1
2792.1707,1
3150.2693,1
3118.1602,1
3025.468,1
2739.927,1
3117.1675,1
2954.6025,1
2815.82,1
10149.204,1
11362.978,1
11466.387,1
6362.151,1
6160.8037,1
5873.133,1
3770.9834,1
4475.8438,1
4379.554,1
4223.132,1
2874.3796,1
3890.5586,1
3863.7837,1
3766.4211,1
2791.3145,1
2824.6006,1
3662.415,1
3623.0442,1
3543.8296,1
2798.8271,1
3478.408,1
3425.0366,1
3357.7769,1
2778.0952,1
3333.239,1
3270.0247,1
3210.8228,1
2761.795,1
2792.4019,1
3225.116,1
3155.4714,1
3101.4849,1
2748.7197,1
3148.3965,1
3074.7837,1
3024.0796,1
2737.5894,1
3148.9438,1
2946.3699,1
2848.8286,1
10145.125,1
11281.733,1
11491.451,1
6360.1885,1
6066.087,1
5867.5293,1
3782.8127,1
2787.7478,1
4474.707,1
4311.9185,1
2986.9966,1
3924.3928,1
3843.424,1
7779.484,1
2856.9053,1
3684.8838,1
3611.7625,1
5908.7544,1
2818.0122,1
2791.9673,1
3495.9062,1
3420.7148,1
4727.487,1
2794.2642,1
3346.6555,1
3269.5298,1
4010.414,1
2773.234,1
3235.527,1
3157.24,1
3564.5798,1
2757.596,1
2794.18,1
3156.3855,1
3077.39,1
3290.9812,1
2745.2961,1
3122.5078,1
2914.4333,1
3065.1973,1
10119.238,1
11247.083,1
11950.011,1
6366.3037,1
6061.6196,1
6379.5127,1
3821.772,1
4477.0425,1
4306.8945,1
4584.406,1
2878.278,1
3892.88,1
3813.137,1
4018.9016,1
2827.2888,1
2788.1235,1
3664.4856,1
3589.5427,1
3711.1924,1
2800.8523,1
3480.039,1
3403.8079,1
3464.0728,1
2779.6228,1
3334.6885,1
3256.8271,1
3276.2048,1
2762.832,1
2789.858,1
3226.0347,1
3147.7954,1
3140.8167,1
2738.6194,1
3150.3865,1
3070.878,1
3047.6763,1
2739.0864,1
3118.7683,1
2911.14,1
2840.7642,1
10110.007,1
11236.69,1
11509.954,1
6362.6714,1
6056.2,1
5922.635,1
3774.8662,1
2795.1067,1
4475.957,1
4304.2295,1
4260.808,1
2874.407,1
3890.6577,1
3837.4978,1
3766.2678,1
2812.3613,1
2165.0198,1
7044.9204,1
6333.5225,1
5521.667,1
3726.1177,1
3632.1384,1
3507.7717,1
3460.283,1
2791.777,1
3106.509,1
3400.3447,1
3319.927,1
3280.579,1
2967.0913,1
3276.3867,1
3197.4595,1
3155.3518,1
2893.9404,1
3189.0874,1
3109.662,1
3065.5693,1
2838.735,1
2791.0007,1
3142.8877,1
2928.5044,1
2832.7168,1
10123.612,1
11251.856,1
11482.687,1
6379.1206,1
6073.5566,1
5893.164,1
3863.4949,1
4491.092,1
4319.264,1
4243.1772,1
2933.4766,1
3904.39,1
3827.8174,1
2999.4167,1
2787.3008,1
8025.537,1
3627.295,1
3583.1614,1
2862.957,1
5996.96,1
3433.1128,1
3388.109,1
2819.6008,1
3360.368,1
2963.073,1
2797.6875,1
8357.609,1
6235.6597,1
3178.77,1
2847.7227,1
6048.196,1
4792.5044,1
3081.1562,1
2800.2468,1
5710.395,1
4393.487,1
2849.2034,1
14121.916,1
13638.531,1
11501.162,1
10277.53,1
8419.793,1
5904.2856,1
3823.9731,1
7098.4893,1
5910.6055,1
4250.703,1
2905.933,1
2792.5254,1
5621.529,1
4893.4673,1
3789.1602,1
2849.7786,1
4763.994,1
4288.8525,1
3561.733,1
2818.319,1
4159.2627,1
3842.1606,1
3371.7532,1
2793.4302,1
2788.0005,1
3745.1257,1
3525.2268,1
3221.5303,1
2773.4058,1
3470.7588,1
3309.2256,1
3109.6545,1
2757.5645,1
3293.687,1
3166.553,1
3030.2017,1
2745.4744,1
2794.0903,1
3251.8357,1
2999.489,1
2820.3604,1
10377.098,1
11419.884,1
11466.608,1
6641.611,1
6247.484,1
5872.39,1
3768.896,1
4677.124,1
1.0234401e+17,1
1.0234401e+17,1
1.0234401e+17,1
1.0234401e+17,1
3.0352866e+33,1
3.0352866e+33,1
3.0352866e+33,1
3.0352866e+33,1
1.6535841e+33,1
1.6535849e+33,1
1.6535849e+33,1
1.6535849e+33,1
8.410543e+32,1
8.410543e+32,1
8.410543e+32,1
8.410543e+32,1
4.3242607e+32,1
4.3242607e+32,1
4.3242607e+32,1
4.3242607e+32,1
2.2539998e+32,1
2.396174e+32,1
2.396174e+32,1
2.396174e+32,1
1.538174e+32,1
1.538174e+32,1
1.538174e+32,1
1.0521739e+32,1
1.0521739e+32,1
1.0521739e+32,1
1.2942608e+32,1
7.0434784e+31,1
7.0434784e+31,1
7.0434784e+31,1
7.3280354e+31,1
4.570652e+31,1
4.570652e+31,1
4.570652e+31,1
4.1760785e+31,1
2.8950347e+31,1
2.8950347e+31,1
2.8950347e+31,1
2.3785132e+31,1
1.792313e+31,1
1.792313e+31,1
1.792313e+31,1
1.356739e+31,1
1.0897043e+31,1
1.0897043e+31,1
1.0897043e+31,1
7.722086e+30,1
6.96426e+30,1
6.96426e+30,1
6.96426e+30,1
4.7207828e+30,1
4.6000005e+30,1
4.6000005e+30,1
4.6000005e+30,1
3.008348e+30,1
2.9440003e+30,1
2.9440003e+30,1
2.9440003e+30,1
1.8790435e+30,1
1.9305216e+30,1
1.9305216e+30,1
1.9305216e+30,1
1.3586956e+30,1
1.3586956e+30,1
1.3586956e+30,1
9.955654e+29,1
9.955654e+29,1
9.955654e+29,1
1.1903478e+30,1
7.191646e+29,1
7.191583e+29,1
7.191519e+29,1
7.522227e+29,1
4.963858e+29,1
4.9638056e+29,1
4.9637667e+29,1
4.622697e+29,1
3.3138485e+29,1
3.3138274e+29,1
3.3137847e+29,1
2.7956156e+29,1
2.1480683e+29,1
2.1480602e+29,1
2.1480341e+29,1
1.6690772e+29,1
1.4605272e+29,1
1.4605057e+29,1
1.4605201e+29,1
1.0707821e+29,1
9.932203e+28,1
9.932087e+28,1
9.932144e+28,1
6.9535354e+28,1
4.3218564e+28,1
1.0234412e+17,1
6.331104e+28,1
6.331104e+28,1
6.331056e+28,1
2.9022293e+28,1
4.6950693e+33,1
4.0008163e+28,1
4.0007794e+28,1
4.0007794e+28,1
1.9148246e+28,1
1.0234412e+17,1
1.3233202e+28,1
2.475137e+28,1
2.475137e+28,1
2.475137e+28,1
9.090647e+27,1
1.5049777e+28,1
1.5049777e+28,1
1.5049777e+28,1
6.043165e+27,1
9.0239105e+27,1
9.0239105e+27,1
9.023733e+27,1
3.9014273e+27,1
5.350931e+27,1
5.350931e+27,1
5.350917e+27,1
2.4570274e+27,1
1.0234416e+17,1
3.145416e+27,1
3.1454054e+27,1
3.145416e+27,1
1.5165417e+27,1
1.8364416e+27,1
1.8364416e+27,1
1.8364336e+27,1
9.203388e+26,1
1.12567965e+27,1
1.12567965e+27,1
1.12567965e+27,1
7.593425e+26,1
7.593425e+26,1
7.593425e+26,1
5.4656957e+26,1
5.4656526e+26,1
5.4656957e+26,1
4.09847e+26,1
4.0984327e+26,1
4.0984327e+26,1
5.7975556e+26,1
3.056087e+26,1
3.056087e+26,1
3.0560544e+26,1
2.366129e+26,1
2.366129e+26,1
2.366129e+26,1
1.877382e+26,1
1.8774076e+26,1
1.8774076e+26,1
3.717581e+26,1
1.440679e+26,1
1.4406567e+26,1
1.440679e+26,1
2.3282984e+26,1
1.0631643e+26,1
1.0631451e+26,1
1.0631451e+26,1
1.4295079e+26,1
7.5517613e+25,1
7.5518097e+25,1
7.5517936e+25,1
8.637334e+25,1
5.175007e+25,1
5.1749933e+25,1
5.17498e+25,1
5.1523186e+25,1
3.4325397e+25,1
3.4325286e+25,1
3.4325176e+25,1
3.0445795e+25,1
2.2124213e+25,1
2.2124126e+25,1
2.2124126e+25,1
1.7848674e+25,1
1.3915827e+25,1
1.3915757e+25,1
1.3915617e+25,1
1.0399319e+25,1
9.002901e+24,1
9.002901e+24,1
9.002845e+24,1
6.297454e+24,1
6.2974083e+24,1
6.297361e+24,1
4.623109e+24,1
4.623109e+24,1
4.6230685e+24,1
6.3623005e+24,1
3.2891816e+24,1
3.289215e+24,1
3.2891816e+24,1
3.834892e+24,1
2.2573615e+24,1
2.2573615e+24,1
2.2573333e+24,1
2.2834677e+24,1
1.4992405e+24,1
1.4992405e+24,1
1.4992405e+24,1
1.06618556e+24,1
1.06618556e+24,1
1.0661662e+24,1
1.3416842e+24,1
7.324586e+23,1
7.3244426e+23,1
7.3244426e+23,1
7.857031e+23,1
4.8692725e+23,1
4.8691817e+23,1
4.8691817e+23,1
4.5756594e+23,1
3.144611e+23,1
3.144548e+23,1
3.144527e+23,1
2.6522887e+23,1
1.9811187e+23,1
1.981069e+23,1
1.9810857e+23,1
1.5318832e+23,1
1.2832949e+23,1
1.2832749e+23,1
1.2832749e+23,1
8.983997e+22,1
8.983885e+22,1
8.983885e+22,1
6.599399e+22,1
6.599351e+22,1
6.5993033e+22,1
9.315299e+22,1
4.6981178e+22,1
4.6980768e+22,1
4.6979966e+22,1
5.5877575e+22,1
3.2258325e+22,1
3.2258991e+22,1
3.2258658e+22,1
3.312425e+22,1
1.9791521e+22,1
2.1435551e+22,1
2.1435279e+22,1
2.1435006e+22,1
1.2971056e+22,1
1.3837668e+22,1
1.3837448e+22,1
1.3837448e+22,1
8.27755e+21,1
8.714967e+21,1
8.714967e+21,1
8.7147935e+21,1
5.1595095e+21,1
5.376925e+21,1
5.3768425e+21,1
5.3768155e+21,1
3.1585883e+21,1
3.2620048e+21,1
3.261962e+21,1
3.261952e+21,1
1.9036044e+21,1
2.054859e+21,1
2.0548333e+21,1
1.412084e+21,1
1.412063e+21,1
2.054825e+21,1
1.412063e+21,1
1.0233749e+21,1
1.02336294e+21,1
1.02336294e+21,1
1.193796e+21,1
7.1944526e+20,1
7.194402e+20,1
7.194402e+20,1
7.336969e+20,1
4.8834776e+20,1
4.8835187e+20,1
4.8834776e+20,1
4.4388368e+20,1
3.2119127e+20,1
3.2119127e+20,1
3.2119127e+20,1
2.6508226e+20,1
2.0551964e+20,1
2.0551964e+20,1
2.0551964e+20,1
1.5668959e+20,1
1.2847941e+20,1
1.2847941e+20,1
1.2847941e+20,1
9.1878165e+19,1
7.878613e+19,1
7.878587e+19,1
7.878557e+19,1
5.354084e+19,1
4.7562648e+19,1
4.756253e+19,1
4.7562384e+19,1
3.1051253e+19,1
2.98544e+19,1
2.9854237e+19,1
2.985413e+19,1
2.0467473e+19,1
2.046736e+19,1
2.0467253e+19,1
1.4807876e+19,1
1.4808015e+19,1
1.4807941e+19,1
1.8935077e+19,1
1.0393413e+19,1
1.0393492e+19,1
1.039345e+19,1
1.1383215e+19,1
7.044415e+18,1
7.044392e+18,1
7.0443703e+18,1
6.760962e+18,1
4.627149e+18,1
4.627125e+18,1
4.627136e+18,1
3.9811452e+18,1
2.9573834e+18,1
2.957366e+18,1
2.9573405e+18,1
2.3260196e+18,1
1.8469793e+18,1
1.8469708e+18,1
1.8469577e+18,1
1.3524289e+18,1
1.13164046e+18,1
1.1316362e+18,1
1.13162994e+18,1
7.825107e+17,1
6.826826e+17,1
6.826875e+17,1
6.826856e+17,1
4.5159873e+17,1
4.2835344e+17,1
4.283559e+17,1
4.2835485e+17,1
2.9360108e+17,1
2.9360056e+17,1
2.9359946e+17,1
2.1238454e+17,1
2.1238417e+17,1
2.1238234e+17,1
2.7445624e+17,1
1.4904787e+17,1
1.4904767e+17,1
1.4904658e+17,1
1.6457354e+17,1
1.010083e+17,1
1.010081e+17,1
1.0100735e+17,1
9.759047e+16,1
6.6340825e+16,1
6.6340554e+16,1
6.6340164e+16,1
5.7368845e+16,1
4.2399664e+16,1
4.239929e+16,1
4.2399097e+16,1
3.3496448e+16,1
2.647881e+16,1
2.6479094e+16,1
2.6478911e+16,1
1.9454815e+16,1
1.622353e+16,1
1.6223371e+16,1
1.6223226e+16,1
1.125352e+16,1
9.787336e+15,1
9.787235e+15,1
9.787164e+15,1
6.4897364e+15,1
6.140265e+15,1
6.140215e+15,1
4.2082323e+15,1
4.2082036e+15,1
6.140161e+15,1
4.2081743e+15,1
3.043939e+15,1
3.04391e+15,1
3.0438914e+15,1
3.9409637e+15,1
2.1359586e+15,1
2.1359366e+15,1
2.1359259e+15,1
2.3619045e+15,1
1.4474479e+15,1
1.4474663e+15,1
1.447454e+15,1
1.4000163e+15,1
9.506077e+14,1
9.505981e+14,1
9.505949e+14,1
8.227135e+14,1
6.0748387e+14,1
6.0747736e+14,1
6.07479e+14,1
4.802123e+14,1
3.793563e+14,1
3.7935956e+14,1
3.7935715e+14,1
2.788498e+14,1
2.3241204e+14,1
2.324109e+14,1
2.3241048e+14,1
1.6127369e+14,1
1.4019889e+14,1
1.4019961e+14,1
1.4019908e+14,1
9.298684e+13,1
8.794397e+13,1
8.7943155e+13,1
8.794325e+13,1
6.0266734e+13,1
6.0266327e+13,1
6.02662e+13,1
4.358801e+13,1
4.358834e+13,1
4.358809e+13,1
5.6469534e+13,1
3.0585406e+13,1
3.0585599e+13,1
3.0585452e+13,1
3.3835666e+13,1
2.072497e+13,1
2.0724876e+13,1
2.072482e+13,1
2.005253e+13,1
1.3610006e+13,1
1.3609953e+13,1
1.3609795e+13,1
1.1775899e+13,1
8.6970865e+12,1
8.697061e+12,1
8.6969675e+12,1
6.8735614e+12,1
5.430913e+12,1
5.430972e+12,1
5.430959e+12,1
3.9914066e+12,1
3.3271697e+12,1
3.3271267e+12,1
3.3271492e+12,1
2.3084317e+12,1
2.0070252e+12,1
2.0069992e+12,1
2.0070096e+12,1
1.3310287e+12,1
1.2589182e+12,1
1.2589105e+12,1
1.2589053e+12,1
8.627229e+11,1
8.6271545e+11,1
8.627184e+11,1
6.2398785e+11,1
6.239852e+11,1
6.239805e+11,1
8.081861e+11,1
4.378509e+11,1
4.378493e+11,1
4.3784585e+11,1
4.84272e+11,1
2.9670084e+11,1
2.9669995e+11,1
2.966974e+11,1
2.870197e+11,1
1.9485252e+11,1
1.9485201e+11,1
1.9485065e+11,1
1.6855132e+11,1
1.2451847e+11,1
1.24519416e+11,1
1.2451916e+11,1
9.839074e+10,1
7.775517e+10,1
7.77547e+10,1
7.775504e+10,1
5.7133597e+10,1
4.763506e+10,1
4.763528e+10,1
4.7635223e+10,1
3.3044302e+10,1
2.873501e+10,1
2.8734634e+10,1
2.8734468e+10,1
1.905394e+10,1
1.8026537e+10,1
1.8026213e+10,1
1.8026295e+10,1
1.2356952e+10,1
1.2357135e+10,1
1.2356997e+10,1
8.93927e+09,1
8.939128e+09,1
8.939098e+09,1
1.1569995e+10,1
6.2732626e+09,1
6.27318e+09,1
6.273163e+09,1
6.9338004e+09,1
4.251351e+09,1
4.2512684e+09,1
4.2512412e+09,1
4.1074166e+09,1
2.7921964e+09,1
2.7921518e+09,1
2.7921326e+09,1
2.4139174e+09,1
1.7844343e+09,1
1.7844116e+09,1
1.7844018e+09,1
1.4083181e+09,1
1.1143674e+09,1
1.1143835e+09,1
1.1143721e+09,1
8.179303e+08,1
6.8278285e+08,1
6.827773e+08,1
6.827749e+08,1
4.728303e+08,1
4.119069e+08,1
4.118983e+08,1
4.1189552e+08,1
2.7272086e+08,1
2.5848059e+08,1
2.5847315e+08,1
2.5847442e+08,1
1.7755466e+08,1
1.7755221e+08,1
1.7755165e+08,1
1.2859274e+08,1
1.28590264e+08,1
1.28589576e+08,1
1.6576238e+08,1
9.027212e+07,1
9.027349e+07,1
9.0272136e+07,1
9.9347224e+07,1
6.1212136e+07,1
6.121108e+07,1
6.121119e+07,1
5.8859024e+07,1
139856.88,1
144070.81,1
143455.81,1
143009.66,1
1.3883875e+10,1
1.3886604e+10,1
1.3885268e+10,1
1.0255586e+10,1
6.6492575e+09,1
3.7876805e+09,1
1.0234483e+17,1
2.1195191e+09,1
4.1270026e+09,1
4.1270164e+09,1
4.1269396e+09,1
2.1454723e+09,1
2.1454898e+09,1
2.1454747e+09,1
1.1752922e+09,1
1.1699212e+09,1
1.1699145e+09,1
1.1699267e+09,1
7.133635e+08,1
6.391966e+08,1
6.3919917e+08,1
6.3919674e+08,1
4.2608653e+08,1
3.5179168e+08,1
3.5178854e+08,1
3.517895e+08,1
2.5152403e+08,1
1.02344844e+17,1
1.5032347e+34,1
1.1694391e+34,1
8.1992606e+33,1
1.1993834e+06,1
5.619365e+33,1
4.034487e+33,1
3.029817e+33,1
2.3498087e+33,1
1.8442698e+33,1
1.486974e+33,1
1.22142615e+33,1
1.02288695e+33,1
7.7971615e+32,1
6.395212e+32,1
5.376456e+32,1
4.6246894e+32,1
4.0177924e+32,1
3.5205123e+32,1
3.1309949e+32,1
2.8019216e+32,1
2.5216572e+32,1
2.2837073e+32,1
2.072659e+32,1
1.8926397e+32,1
1.2165327e+12,1
1.7273442e+32,1
1.5822933e+32,1
1.4565376e+32,1
1.34548695e+32,1
1.2452058e+32,1
1.1561615e+32,1
1.0761557e+32,1
1.0049407e+32,1
9.386399e+31,1
8.816762e+31,1
8.273459e+31,1
7.787561e+31,1
7.3230967e+31,1
6.8976597e+31,1
6.512533e+31,1
6.150524e+31,1
5.8319017e+31,1
5.528043e+31,1
5.242465e+31,1
4.978322e+31,1
4.7469792e+31,1
4.517704e+31,1
4.318844e+31,1
4.1248317e+31,1
7.240591e+11,1
3.9315423e+31,1
3.762326e+31,1
3.6005991e+31,1
3.4503732e+31,1
3.303023e+31,1
3.1665452e+31,1
3.0500512e+31,1
2.9222356e+31,1
2.8107438e+31,1
2.7041794e+31,1
2.6127827e+31,1
2.5127098e+31,1
1.02344844e+17,1
1.5032347e+34,1
1.170327e+34,1
8.214217e+33,1
2.1785134e+08,1
2.1785155e+08,1
2.1785186e+08,1
4.6475915e+33,1
3.133035e+33,1
1.4872854e+08,1
1.4872917e+08,1
1.4872886e+08,1
1.0789199e+08,1
1.0789281e+08,1
1.0789304e+08,1
2.1351587e+33,1
1.597515e+33,1
8.124017e+07,1
8.1240664e+07,1
8.124052e+07,1
1.6367669e+08,1
5.8502788e+07,1
5.8503316e+07,1
5.8503172e+07,1
1.0139127e+08,1
4.0570972e+07,1
4.0571204e+07,1
4.057101e+07,1
6.175656e+07,1
2.7198478e+07,1
2.7198584e+07,1
2.7198686e+07,1
3.7072804e+07,1
1.769399e+07,1
1.7694044e+07,1
1.7694106e+07,1
2.200273e+07,1
1.1216531e+07,1
1.1216619e+07,1
1.1216589e+07,1
1.2941834e+07,1
6.957662e+06,1
6.957721e+06,1
6.9577045e+06,1
7.556198e+06,1
4.239838e+06,1
4.239785e+06,1
4.3914735e+06,1
3.9387038e+06,1
2.7080748e+06,1
2.707962e+06,1
2.704406e+06,1
1.9392884e+06,1
1.9395622e+06,1
1.9052972e+06,1
1.4342824e+06,1
1.4341211e+06,1
2.7190522e+06,1
1.277663e+06,1
1.01038506e+06,1
1.0103261e+06,1
1.6352164e+06,1
834996.44,1
688876.5,1
688843.06,1
972695.3,1
532084.6,1
455414.72,1
455379.7,1
573804.25,1
332055.66,1
293206.06,1
293169.44,1
336553.75,1
1.0234401e+17,1
1.0234401e+17,1
1.0234401e+17,1
1.0234401e+17,1
3.0352866e+33,1
3.0352866e+33,1
3.0352866e+33,1
3.0352866e+33,1
1.6535841e+33,1
1.6535849e+33,1
1.6535849e+33,1
1.6535849e+33,1
8.410543e+32,1
8.410543e+32,1
8.410543e+32,1
8.410543e+32,1
4.3242607e+32,1
4.3242607e+32,1
4.3242607e+32,1
4.3242607e+32,1
2.2539998e+32,1
2.396174e+32,1
2.396174e+32,1
2.396174e+32,1
1.538174e+32,1
1.538174e+32,1
1.538174e+32,1
1.0521739e+32,1
1.0521739e+32,1
1.0521739e+32,1
1.2942608e+32,1
7.0434784e+31,1
7.0434784e+31,1
7.0434784e+31,1
7.3280354e+31,1
4.570652e+31,1
4.570652e+31,1
4.570652e+31,1
4.1760785e+31,1
2.8950347e+31,1
2.8950347e+31,1
2.8950347e+31,1
2.3785132e+31,1
1.792313e+31,1
1.792313e+31,1
1.792313e+31,1
1.356739e+31,1
1.0897043e+31,1
1.0897043e+31,1
1.0897043e+31,1
7.722086e+30,1
6.96426e+30,1
6.96426e+30,1
6.96426e+30,1
4.7207828e+30,1
4.6000005e+30,1
4.6000005e+30,1
4.6000005e+30,1
3.008348e+30,1
2.9440003e+30,1
2.9440003e+30,1
2.9440003e+30,1
1.8790435e+30,1
1.9305216e+30,1
1.9305216e+30,1
1.9305216e+30,1
1.3586956e+30,1
1.3586956e+30,1
1.3586956e+30,1
9.955654e+29,1
9.955654e+29,1
9.955654e+29,1
1.1903478e+30,1
7.191646e+29,1
7.191583e+29,1
7.191519e+29,1
7.522227e+29,1
4.963858e+29,1
4.9638056e+29,1
4.9637667e+29,1
4.622697e+29,1
3.3138485e+29,1
3.3138274e+29,1
3.3137847e+29,1
2.7956156e+29,1
2.1480683e+29,1
2.1480602e+29,1
2.1480341e+29,1
1.6690772e+29,1
1.4605272e+29,1
1.4605057e+29,1
1.4605201e+29,1
1.0707821e+29,1
9.932203e+28,1
9.932087e+28,1
9.932144e+28,1
6.9535354e+28,1
4.3218564e+28,1
1.0234412e+17,1
6.331104e+28,1
6.331104e+28,1
6.331056e+28,1
2.9022293e+28,1
4.6950693e+33,1
4.0008163e+28,1
4.0007794e+28,1
4.0007794e+28,1
1.9148246e+28,1
1.0234412e+17,1
1.3233202e+28,1
2.475137e+28,1
2.475137e+28,1
2.475137e+28,1
9.090647e+27,1
1.5049777e+28,1
1.5049777e+28,1
1.5049777e+28,1
6.043165e+27,1
9.0239105e+27,1
9.0239105e+27,1
9.023733e+27,1
3.9014273e+27,1
5.350931e+27,1
5.350931e+27,1
5.350917e+27,1
2.4570274e+27,1
1.0234416e+17,1
3.145416e+27,1
3.1454054e+27,1
3.145416e+27,1
1.5165417e+27,1
1.8364416e+27,1
1.8364416e+27,1
1.8364336e+27,1
9.203388e+26,1
1.12567965e+27,1
1.12567965e+27,1
1.12567965e+27,1
7.593425e+26,1
7.593425e+26,1
7.593425e+26,1
5.4656957e+26,1
5.4656526e+26,1
5.4656957e+26,1
4.09847e+26,1
4.0984327e+26,1
4.0984327e+26,1
5.7975556e+26,1
3.056087e+26,1
3.056087e+26,1
3.0560544e+26,1
2.366129e+26,1
2.366129e+26,1
2.366129e+26,1
1.877382e+26,1
1.8774076e+26,1
1.8774076e+26,1
3.717581e+26,1
1.440679e+26,1
1.4406567e+26,1
1.440679e+26,1
2.3282984e+26,1
1.0631643e+26,1
1.0631451e+26,1
1.0631451e+26,1
1.4295079e+26,1
7.5517613e+25,1
7.5518097e+25,1
7.5517936e+25,1
8.637334e+25,1
5.175007e+25,1
5.1749933e+25,1
5.17498e+25,1
5.1523186e+25,1
3.4325397e+25,1
3.4325286e+25,1
3.4325176e+25,1
3.0445795e+25,1
2.2124213e+25,1
2.2124126e+25,1
2.2124126e+25,1
1.7848674e+25,1
1.3915827e+25,1
1.3915757e+25,1
1.3915617e+25,1
1.0399319e+25,1
9.002901e+24,1
9.002901e+24,1
9.002845e+24,1
6.297454e+24,1
6.2974083e+24,1
6.297361e+24,1
4.623109e+24,1
4.623109e+24,1
4.6230685e+24,1
6.3623005e+24,1
3.2891816e+24,1
3.289215e+24,1
3.2891816e+24,1
3.834892e+24,1
2.2573615e+24,1
2.2573615e+24,1
2.2573333e+24,1
2.2834677e+24,1
1.4992405e+24,1
1.4992405e+24,1
1.4992405e+24,1
1.06618556e+24,1
1.06618556e+24,1
1.0661662e+24,1
1.3416842e+24,1
7.324586e+23,1
7.3244426e+23,1
7.3244426e+23,1
7.857031e+23,1
4.8692725e+23,1
4.8691817e+23,1
4.8691817e+23,1
4.5756594e+23,1
3.144611e+23,1
3.144548e+23,1
3.144527e+23,1
2.6522887e+23,1
1.9811187e+23,1
1.981069e+23,1
1.9810857e+23,1
1.5318832e+23,1
1.2832949e+23,1
1.2832749e+23,1
1.2832749e+23,1
8.983997e+22,1
8.983885e+22,1
8.983885e+22,1
6.599399e+22,1
6.599351e+22,1
6.5993033e+22,1
9.315299e+22,1
4.6981178e+22,1
4.6980768e+22,1
4.6979966e+22,1
5.5877575e+22,1
3.2258325e+22,1
3.2258991e+22,1
3.2258658e+22,1
3.312425e+22,1
1.9791521e+22,1
2.1435551e+22,1
2.1435279e+22,1
2.1435006e+22,1
1.2971056e+22,1
1.3837668e+22,1
1.3837448e+22,1
1.3837448e+22,1
8.27755e+21,1
8.714967e+21,1
8.714967e+21,1
8.7147935e+21,1
5.1595095e+21,1
5.376925e+21,1
5.3768425e+21,1
5.3768155e+21,1
3.1585883e+21,1
3.2620048e+21,1
3.261962e+21,1
3.261952e+21,1
1.9036044e+21,1
2.054859e+21,1
2.0548333e+21,1
1.412084e+21,1
1.412063e+21,1
2.054825e+21,1
1.412063e+21,1
1.0233749e+21,1
1.02336294e+21,1
1.02336294e+21,1
1.193796e+21,1
7.1944526e+20,1
7.194402e+20,1
7.194402e+20,1
7.336969e+20,1
4.8834776e+20,1
4.8835187e+20,1
4.8834776e+20,1
4.4388368e+20,1
3.2119127e+20,1
3.2119127e+20,1
3.2119127e+20,1
2.6508226e+20,1
2.0551964e+20,1
2.0551964e+20,1
2.0551964e+20,1
1.5668959e+20,1
1.2847941e+20,1
1.2847941e+20,1
1.2847941e+20,1
9.1878165e+19,1
7.878613e+19,1
7.878587e+19,1
7.878557e+19,1
5.354084e+19,1
4.7562648e+19,1
4.756253e+19,1
4.7562384e+19,1
3.1051253e+19,1
2.98544e+19,1
2.9854237e+19,1
2.985413e+19,1
2.0467473e+19,1
2.046736e+19,1
2.0467253e+19,1
1.4807876e+19,1
1.4808015e+19,1
1.4807941e+19,1
1.8935077e+19,1
1.0393413e+19,1
1.0393492e+19,1
1.039345e+19,1
1.1383215e+19,1
7.044415e+18,1
7.044392e+18,1
7.0443703e+18,1
6.760962e+18,1
4.627149e+18,1
4.627125e+18,1
4.627136e+18,1
3.9811452e+18,1
2.9573834e+18,1
2.957366e+18,1
2.9573405e+18,1
2.3260196e+18,1
1.8469793e+18,1
1.8469708e+18,1
1.8469577e+18,1
1.3524289e+18,1
1.13164046e+18,1
1.1316362e+18,1
1.13162994e+18,1
7.825107e+17,1
6.826826e+17,1
6.826875e+17,1
6.826856e+17,1
4.5159873e+17,1
4.2835344e+17,1
4.283559e+17,1
4.2835485e+17,1
2.9360108e+17,1
2.9360056e+17,1
2.9359946e+17,1
2.1238454e+17,1
2.1238417e+17,1
2.1238234e+17,1
2.7445624e+17,1
1.4904787e+17,1
1.4904767e+17,1
1.4904658e+17,1
1.6457354e+17,1
1.010083e+17,1
1.010081e+17,1
1.0100735e+17,1
9.759047e+16,1
6.6340825e+16,1
6.6340554e+16,1
6.6340164e+16,1
5.7368845e+16,1
4.2399664e+16,1
4.239929e+16,1
4.2399097e+16,1
3.3496448e+16,1
2.647881e+16,1
2.6479094e+16,1
2.6478911e+16,1
1.9454815e+16,1
1.622353e+16,1
1.6223371e+16,1
1.6223226e+16,1
1.125352e+16,1
9.787336e+15,1
9.787235e+15,1
9.787164e+15,1
6.4897364e+15,1
6.140265e+15,1
6.140215e+15,1
4.2082323e+15,1
4.2082036e+15,1
6.140161e+15,1
4.2081743e+15,1
3.043939e+15,1
3.04391e+15,1
3.0438914e+15,1
3.9409637e+15,1
2.1359586e+15,1
2.1359366e+15,1
2.1359259e+15,1
2.3619045e+15,1
1.4474479e+15,1
1.4474663e+15,1
1.447454e+15,1
1.4000163e+15,1
9.506077e+14,1
9.505981e+14,1
9.505949e+14,1
8.227135e+14,1
6.0748387e+14,1
6.0747736e+14,1
6.07479e+14,1
4.802123e+14,1
3.793563e+14,1
3.7935956e+14,1
3.7935715e+14,1
2.788498e+14,1
2.3241204e+14,1
2.324109e+14,1
2.3241048e+14,1
1.6127369e+14,1
1.4019889e+14,1
1.4019961e+14,1
1.4019908e+14,1
9.298684e+13,1
8.794397e+13,1
8.7943155e+13,1
8.794325e+13,1
6.0266734e+13,1
6.0266327e+13,1
6.02662e+13,1
4.358801e+13,1
4.358834e+13,1
4.358809e+13,1
5.6469534e+13,1
3.0585406e+13,1
3.0585599e+13,1
3.0585452e+13,1
3.3835666e+13,1
2.072497e+13,1
2.0724876e+13,1
2.072482e+13,1
2.005253e+13,1
1.3610006e+13,1
1.3609953e+13,1
1.3609795e+13,1
1.1775899e+13,1
8.6970865e+12,1
8.697061e+12,1
8.6969675e+12,1
6.8735614e+12,1
5.430913e+12,1
5.430972e+12,1
5.430959e+12,1
3.9914066e+12,1
3.3271697e+12,1
3.3271267e+12,1
3.3271492e+12,1
2.3084317e+12,1
2.0070252e+12,1
2.0069992e+12,1
2.0070096e+12,1
1.3310287e+12,1
1.2589182e+12,1
1.2589105e+12,1
1.2589053e+12,1
8.627229e+11,1
8.6271545e+11,1
8.627184e+11,1
6.2398785e+11,1
6.239852e+11,1
6.239805e+11,1
8.081861e+11,1
4.378509e+11,1
4.378493e+11,1
4.3784585e+11,1
4.84272e+11,1
2.9670084e+11,1
2.9669995e+11,1
2.966974e+11,1
2.870197e+11,1
1.9485252e+11,1
1.9485201e+11,1
1.9485065e+11,1
1.6855132e+11,1
1.2451847e+11,1
1.24519416e+11,1
1.2451916e+11,1
9.839074e+10,1
7.775517e+10,1
7.77547e+10,1
7.775504e+10,1
5.7133597e+10,1
4.763506e+10,1
4.763528e+10,1
4.7635223e+10,1
3.3044302e+10,1
2.873501e+10,1
2.8734634e+10,1
2.8734468e+10,1
1.905394e+10,1
1.8026537e+10,1
1.8026213e+10,1
1.8026295e+10,1
1.2356952e+10,1
1.2357135e+10,1
1.2356997e+10,1
8.93927e+09,1
8.939128e+09,1
8.939098e+09,1
1.1569995e+10,1
6.2732626e+09,1
6.27318e+09,1
6.273163e+09,1
6.9338004e+09,1
4.251351e+09,1
4.2512684e+09,1
4.2512412e+09,1
4.1074166e+09,1
2.7921964e+09,1
2.7921518e+09,1
2.7921326e+09,1
2.4139174e+09,1
1.7844343e+09,1
1.7844116e+09,1
1.7844018e+09,1
1.4083181e+09,1
1.1143674e+09,1
1.1143835e+09,1
1.1143721e+09,1
8.179303e+08,1
6.8278285e+08,1
6.827773e+08,1
6.827749e+08,1
4.728303e+08,1
4.119069e+08,1
4.118983e+08,1
4.1189552e+08,1
2.7272086e+08,1
2.5848059e+08,1
2.5847315e+08,1
2.5847442e+08,1
1.7755466e+08,1
1.7755221e+08,1
1.7755165e+08,1
1.2859274e+08,1
1.28590264e+08,1
1.28589576e+08,1
1.6576238e+08,1
9.027212e+07,1
9.027349e+07,1
9.0272136e+07,1
9.9347224e+07,1
6.1212136e+07,1
6.121108e+07,1
6.121119e+07,1
5.8859024e+07,1
139856.88,1
144070.81,1
143455.81,1
143009.66,1
1.3883875e+10,1
1.3886604e+10,1
1.3885268e+10,1
1.0255586e+10,1
6.6492575e+09,1
3.7876805e+09,1
1.0234483e+17,1
2.1195191e+09,1
4.1270026e+09,1
4.1270164e+09,1
4.1269396e+09,1
2.1454723e+09,1
2.1454898e+09,1
2.1454747e+09,1
1.1752922e+09,1
1.1699212e+09,1
1.1699145e+09,1
1.1699267e+09,1
7.133635e+08,1
6.391966e+08,1
6.3919917e+08,1
6.3919674e+08,1
4.2608653e+08,1
3.5179168e+08,1
3.5178854e+08,1
3.517895e+08,1
2.5152403e+08,1
1.02344844e+17,1
1.5032347e+34,1
1.1694391e+34,1
8.1992606e+33,1
1.1993834e+06,1
5.619365e+33,1
4.034487e+33,1
3.029817e+33,1
2.3498087e+33,1
1.8442698e+33,1
1.486974e+33,1
1.22142615e+33,1
1.02288695e+33,1
7.7971615e+32,1
6.395212e+32,1
5.376456e+32,1
4.6246894e+32,1
4.0177924e+32,1
3.5205123e+32,1
3.1309949e+32,1
2.8019216e+32,1
2.5216572e+32,1
2.2837073e+32,1
2.072659e+32,1
1.8926397e+32,1
1.2165327e+12,1
1.7273442e+32,1
1.5822933e+32,1
1.4565376e+32,1
1.34548695e+32,1
1.2452058e+32,1
1.1561615e+32,1
1.0761557e+32,1
1.0049407e+32,1
9.386399e+31,1
8.816762e+31,1
8.273459e+31,1
7.787561e+31,1
7.3230967e+31,1
6.8976597e+31,1
6.512533e+31,1
6.150524e+31,1
5.8319017e+31,1
5.528043e+31,1
5.242465e+31,1
4.978322e+31,1
4.7469792e+31,1
4.517704e+31,1
4.318844e+31,1
4.1248317e+31,1
7.240591e+11,1
3.9315423e+31,1
3.762326e+31,1
3.6005991e+31,1
3.4503732e+31,1
3.303023e+31,1
3.1665452e+31,1
3.0500512e+31,1
2.9222356e+31,1
2.8107438e+31,1
2.7041794e+31,1
2.6127827e+31,1
2.5127098e+31,1
1.02344844e+17,1
1.5032347e+34,1
1.170327e+34,1
8.214217e+33,1
2.1785134e+08,1
2.1785155e+08,1
2.1785186e+08,1
4.6475915e+33,1
3.133035e+33,1
1.4872854e+08,1
1.4872917e+08,1
1.4872886e+08,1
1.0789199e+08,1
1.0789281e+08,1
1.0789304e+08,1
2.1351587e+33,1
1.597515e+33,1
8.124017e+07,1
8.1240664e+07,1
8.124052e+07,1
1.6367669e+08,1
5.8502788e+07,1
5.8503316e+07,1
5.8503172e+07,1
1.0139127e+08,1
4.0570972e+07,1
4.0571204e+07,1
4.057101e+07,1
6.175656e+07,1
2.7198478e+07,1
2.7198584e+07,1
2.7198686e+07,1
3.7072804e+07,1
1.769399e+07,1
1.7694044e+07,1
1.7694106e+07,1
2.200273e+07,1
1.1216531e+07,1
1.1216619e+07,1
1.1216589e+07,1
1.2941834e+07,1
6.957662e+06,1
6.957721e+06,1
6.9577045e+06,1
7.556198e+06,1
4.239838e+06,1
4.239785e+06,1
4.3914735e+06,1
3.9387038e+06,1
2.7080748e+06,1
2.707962e+06,1
2.704406e+06,1
1.9392884e+06,1
1.9395622e+06,1
1.9052972e+06,1
1.4342824e+06,1
1.4341211e+06,1
2.7190522e+06,1
1.277663e+06,1
1.01038506e+06,1
1.0103261e+06,1
1.6352164e+06,1
834996.44,1
688876.5,1
688843.06,1
972695.3,1
532084.6,1
455414.72,1
455379.7,1
573804.25,1
332055.66,1
293206.06,1
293169.44,1
336553.75,1
1.0234401e+17,1
1.0234401e+17,1
1.0234401e+17,1
1.0234401e+17,1
3.0352866e+33,1
3.0352866e+33,1
3.0352866e+33,1
3.0352866e+33,1
1.6535841e+33,1
1.6535849e+33,1
1.6535849e+33,1
1.6535849e+33,1
8.410543e+32,1
8.410543e+32,1
8.410543e+32,1
8.410543e+32,1
4.3242607e+32,1
4.3242607e+32,1
4.3242607e+32,1
4.3242607e+32,1
2.2539998e+32,1
2.396174e+32,1
2.396174e+32,1
2.396174e+32,1
1.538174e+32,1
1.538174e+32,1
1.538174e+32,1
1.0521739e+32,1
1.0521739e+32,1
1.0521739e+32,1
1.2942608e+32,1
7.0434784e+31,1
7.0434784e+31,1
7.0434784e+31,1
4441.9023,1
4225.313,1
2877.5227,1
4033.2925,1
3812.9177,1
2958.6606,1
3793.9246,1
8152.6196,1
3571.3154,1
2788.8677,1
2834.3987,1
3564.1462,1
6032.2393,1
3378.6123,1
2790.949,1
3391.2312,1
4736.8647,1
3226.99,1
2778.4153,1
3262.9502,1
3998.5625,1
3113.7798,1
2789.705,1
2747.8813,1
3640.367,1
3094.1702,1
3033.683,1
2748.281,1
3139.6077,1
3350.3896,1
2823.2195,1
10222.224,1
12080.075,1
11456.277,1
6393.635,1
6867.994,1
5867.596,1
3772.1023,1
4503.127,1
4883.174,1
4226.197,1
2878.391,1
2792.2148,1
3910.6855,1
4212.8115,1
3769.274,1
2814.3591,1
3678.203,1
3590.4526,1
3810.0798,1
2801.3508,1
3488.1052,1
3571.466,1
3359.6648,1
2781.2195,1
2791.7354,1
3339.56,1
3360.2954,1
3212.2156,1
2763.5413,1
566130.7,1
3068.9653,1
3532.826,1
2963.3687,1
5891.394,1
5787.3228,1
3157.0125,1
2920.638,1
24313.707,1
4831.261,1
24201.59,1
3792.0515,1
8820.884,1
3341.433,1
8620.011,1
14855.324,1
11129.2705,1
16399.826,1
10622.682,1
6499.2354,1
10237.811,1
2788.9854,1
7167.8604,1
4731.3936,1
6931.5845,1
3840.8237,1
5838.096,1
4200.239,1
5719.7974,1
3425.312,1
4015.9377,1
4993.0596,1
4948.207,1
3197.734,1
2791.8228,1
4453.292,1
3704.146,1
4332.1133,1
3044.4407,1
3991.8613,1
3495.7502,1
3867.554,1
2940.4927,1
3660.45,1
3328.1924,1
3534.3486,1
2869.8337,1
2790.5015,1
3431.7878,1
3201.562,1
3304.7388,1
2820.925,1
3344.2612,1
2996.9546,1
3025.3171,1
10417.423,1
11311.655,1
11771.674,1
6660.9097,1
6112.4375,1
6168.833,1
3840.2893,1
4707.5693,1
4359.0127,1
4454.139,1
2926.6375,1
2791.8582,1
4068.4639,1
3862.226,1
3944.0076,1
2861.8926,1
3792.6956,1
3632.3748,1
3673.579,1
2824.8328,1
3570.075,1
3438.7542,1
3448.874,1
2796.6677,1
3395.862,1
3284.093,1
3272.9106,1
2790.453,1
2775.0105,1
3266.9832,1
3167.9023,1
3142.9478,1
2750.5857,1
3176.854,1
3085.1396,1
3051.4922,1
2746.3096,1
3140.8132,1
2920.1904,1
2838.4937,1
10120.116,1
11272.84,1
11496.218,1
6368.2017,1
6089.348,1
5902.6206,1
3825.0154,1
2792.5327,1
1.3039755e+06,1
2449.5571,1
4827.808,1
4716.4297,1
4571.961,1
9.857279e+16,1
3037.1296,1
3966.2383,1
3849.5747,1
3815.193,1
2965.1794,1
3687.963,1
3606.9639,1
3577.228,1
2898.1013,1
2791.3599,1
3498.5334,1
3420.4446,1
3385.8496,1
2845.3145,1
3351.132,1
3272.7422,1
3234.105,1
2815.0818,1
3239.2153,1
3161.2605,1
3120.1384,1
2773.512,1
2793.4983,1
3161.2363,1
3082.1858,1
3039.122,1
2763.1555,1
3117.499,1
2903.9966,1
2809.9211,1
10117.016,1
11240.213,1
11464.154,1
6363.927,1
6060.202,1
5870.1846,1
3775.7922,1
4478.6655,1
4305.542,1
4227.0386,1
2889.9792,1
3893.4666,1
3812.49,1
3770.8948,1
2825.425,1
2790.1016,1
3666.3381,1
3589.846,1
3547.9937,1
2806.3818,1
3480.7554,1
3404.0986,1
3361.0085,1
2783.3965,1
3335.1663,1
3257.6494,1
3213.5112,1
2763.5574,1
2791.9543,1
3226.9133,1
3148.6895,1
3103.8503,1
2752.146,1
3149.639,1
3070.9846,1
3025.717,1
2739.992,1
3117.3403,1
2908.9475,1
2816.0833,1
10109.77,1
11236.335,1
11460.907,1
6362.0527,1
6055.353,1
5867.9395,1
3820.4277,1
2789.1423,1
4473.628,1
4303.072,1
4221.5938,1
2876.7556,1
3890.356,1
3810.2026,1
3766.1516,1
2826.229,1
3662.264,1
3586.9197,1
3543.551,1
2790.443,1
2790.323,1
3479.1804,1
3402.1218,1
3357.703,1
2777.5688,1
3333.2788,1
3255.7449,1
3210.8171,1
2753.9922,1
3225.9766,1
3147.2004,1
3101.703,1
2748.8691,1
3039.8384,1
3.3642636e+07,1
6.1838885e+06,1
2.853185e+06,1
1.7638004e+06,1
4.7746385e+06,1
2793.1672,1
557618.1,1
371773.9,1
1.7588639e+06,1
248533.14,1
215852.66,1
1.2490846e+06,1
164696.62,1
147788.2,1
724156.9,1
124227.97,1
104721.24,1
94486.086,1
484263.3,1
80761.055,1
73273.31,1
66495.36,1
337105.5,1
56488.707,1
60372.906,1
2785.4377,1
49233.81,1
44612.645,1
233520.95,1
38259.105,1
34655.4,1
31320.725,1
159706.52,1
26804.357,1
24360.594,1
21983.62,1
106766.59,1
18875.83,1
2797.5671,1
17261.225,1
15594.302,1
70079.62,1
13493.17,1
12475.983,1
11315.349,1
45494.69,1
9900.424,1
9884.173,1
36679.516,1
8887.531,1
15637.185,1
36640.445,1
16099.056,1
10627.266,1
9989.805,1
23089.713,1
7439.7817,1
7719.0483,1
7277.0723,1
16643.795,1
5608.231,1
2791.578,1
6323.0195,1
6023.6597,1
12465.837,1
4857.3813,1
5461.9414,1
5214.2085,1
9480.184,1
4295.576,1
4798.96,1
4590.039,1
7324.8833,1
3876.2087,1
2788.3313,1
4298.597,1
4120.4136,1
5821.1074,1
3563.9092,1
3930.672,1
3776.7258,1
4803.0664,1
3337.2524,1
3664.939,1
3529.6194,1
4128.7925,1
3170.318,1
2790.1208,1
3552.9973,1
3341.6672,1
4137.4614,1
10499.302,1
11597.18,1
12446.075,1
6669.439,1
6340.9473,1
6589.104,1
4062.3735,1
4721.9824,1
4531.106,1
4758.9106,1
3093.1394,1
4085.761,1
3988.902,1
4157.167,1
2995.8723,1
2795.3777,1
3814.8035,1
3725.5503,1
3822.793,1
2931.3115,1
3596.0908,1
3508.326,1
3554.1848,1
2880.2898,1
3423.4858,1
3336.8801,1
3347.9111,1
2839.778,1
2788.4119,1
3294.0183,1
3208.6006,1
3196.9714,1
2808.2693,1
3200.8032,1
3116.488,1
3090.6177,1
2783.7642,1
3164.196,1
2956.6626,1
2932.4832,1
10157.07,1
11278.987,1
11546.576,1
6389.0947,1
6081.563,1
5929.4023,1
3786.021,1
4502.308,1
4328.3047,1
4270.669,1
2897.9302,1
2788.24,1
3911.8845,1
3829.7283,1
3802.3418,1
2843.0867,1
3679.2236,1
3602.264,1
3569.979,1
2812.7935,1
3491.4133,1
3413.632,1
3376.4565,1
2788.4443,1
2792.497,1
3343.356,1
3264.7322,1
3224.1755,1
2770.5315,1
3232.8438,1
3153.766,1
3111.0369,1
2755.147,1
3154.3613,1
3074.945,1
3030.8423,1
2743.6465,1
3121.0515,1
2912.8435,1
2827.934,1
10206.064,1
11304.277,1
2794.5361,1
6526.6147,1
6174.316,1
5981.261,1
3789.4656,1
4230.8335,1
4336.748,1
4253.773,1
2906.5298,1
3681.5093,1
3832.184,1
3788.6362,1
2844.6316,1
3463.7563,1
3605.831,1
3559.5068,1
2814.4163,1
2789.4297,1
3315.4534,1
3415.2808,1
3370.6802,1
2790.3901,1
3212.255,1
3265.9546,1
3220.5674,1
2771.3237,1
3141.4849,1
3154.7812,1
3108.9707,1
2757.046,1
2794.5076,1
3093.7036,1
3075.7883,1
3029.2515,1
2744.0603,1
3081.2039,1
2912.936,1
2820.4365,1
10071.806,1
11244.969,1
11467.884,1
6340.6797,1
6056.3745,1
5869.826,1
3775.3455,1
4449.035,1
4305.153,1
4224.467,1
2876.9827,1
2787.0825,1
3862.1782,1
3811.5112,1
3767.7834,1
2826.336,1
3636.0596,1
3588.1677,1
3544.8074,1
2799.9302,1
3456.4285,1
3402.8284,1
3358.51,1
2779.246,1
2794.0327,1
3316.5005,1
3256.4653,1
3211.464,1
2762.9878,1
3213.2197,1
3147.3992,1
3101.9763,1
2749.3403,1
3140.4414,1
3070.0557,1
3024.3777,1
2738.9543,1
3115.3108,1
2912.815,1
2819.824,1
10102.152,1
11232.969,1
11455.4795,1
6358.3086,1
6054.9546,1
5867.961,1
3717.4863,1
2787.3896,1
4473.3237,1
4304.1846,1
4222.452,1
2873.0537,1
3886.8003,1
3809.9548,1
3765.9116,1
2823.9448,1
3659.0647,1
3586.9958,1
3543.5723,1
2798.1506,1
566079.0,1
2789.0376,1
2717.88,1
3789.2246,1
3593.1365,1
3491.818,1
2858.9731,1
3376.856,1
3295.1663,1
3250.4944,1
2847.8726,1
3697.6956,1
3542.2883,1
3416.0127,1
2679.2593,1
4513.6714,1
4252.588,1
4050.635,1
3179.863,1
2790.9722,1
3628.2258,1
3523.5723,1
3472.9624,1
3036.1775,1
3367.3813,1
3113.3862,1
2982.8438,1
10119.817,1
11263.373,1
11501.247,1
6331.03,1
6032.943,1
5852.0903,1
3930.7183,1
4520.189,1
4355.172,1
3124.906,1
7849.504,1
3927.1453,1
3884.481,1
2796.354,1
2983.7405,1
6131.8643,1
3718.389,1
3675.2407,1
2916.2917,1
4996.732,1
3529.4592,1
3014.0972,1
4308.871,1
3397.679,1
6943.6836,1
2866.903,1
2794.0117,1
3826.7456,1
3260.7852,1
5220.8403,1
2830.5427,1
3519.2659,1
3157.6294,1
4206.9907,1
2792.2002,1
4128.2876,1
2965.1594,1
3113.8853,1
10632.151,1
11277.294,1
13022.852,1
6365.059,1
7602.697,1
3805.877,1
2791.624,1
4745.188,1
4354.3877,1
5346.6396,1
2931.2688,1
4004.0684,1
3854.1917,1
4547.907,1
2870.3613,1
3674.2947,1
3626.188,1
4065.4958,1
2835.2048,1
2787.8755,1
3450.2454,1
3434.9404,1
3693.9402,1
2806.1091,1
3297.3926,1
3282.4514,1
3422.7266,1
2783.5024,1
3194.928,1
3279.8008,1
2904.6343,1
2792.108,1
3167.6833,1
5754.4478,1
3133.2346,1
2788.0452,1
3135.002,1
6922.2783,1
2898.8567,1
10167.349,1
16701.17,1
11619.709,1
6439.0396,1
6219.1094,1
10352.777,1
3796.927,1
4524.5796,1
6687.934,1
4342.594,1
2894.7908,1
3918.4116,1
5356.927,1
3854.091,1
2841.2014,1
2790.8103,1
3676.575,1
4574.968,1
3605.1099,1
2811.8464,1
3484.8171,1
4013.933,1
3399.1401,1
2788.4634,1
3336.149,1
3626.508,1
3238.3984,1
2769.1328,1
2787.58,1
3226.7634,1
3367.8794,1
3119.499,1
2754.7524,1
3149.6326,1
3200.1191,1
3035.781,1
2743.663,1
3121.13,1
3032.0415,1
2827.3591,1
10118.321,1
11480.557,1
11478.398,1
6369.979,1
6310.8545,1
5886.9756,1
3775.916,1
2791.6472,1
4481.0176,1
4487.3813,1
4235.397,1
2875.0254,1
3893.7695,1
3940.7446,1
3776.0884,1
2826.1648,1
3663.9539,1
3674.8413,1
3550.612,1
2791.2778,1
3479.9329,1
3458.876,1
3362.567,1
2796.5166,1
2779.079,1
3368.6443,1
3255.8816,1
3213.947,1
2752.422,1
3226.3672,1
3168.804,1
3103.7058,1
2748.5747,1
3148.6345,1
3082.6409,1
3025.389,1
2728.105,1
2789.0286,1
3116.3005,1
2921.3154,1
2817.6133,1
10114.087,1
11266.191,1
11463.311,1
6362.3506,1
6083.531,1
5870.335,1
3818.5337,1
4474.7256,1
4323.4443,1
4223.049,1
2866.2605,1
3891.4717,1
3824.9912,1
3767.0864,1
2825.2903,1
2790.636,1
3662.311,1
3596.8274,1
3544.1443,1
2778.7708,1
3481.096,1
3403.4133,1
3364.579,1
2777.7737,1
3333.3896,1
3259.7793,1
3211.048,1
2752.8872,1
2788.1477,1
3226.14,1
3149.7173,1
3101.901,1
2748.6902,1
3148.5212,1
3071.2085,1
3024.2192,1
2727.7085,1
3117.665,1
2911.9976,1
2818.1155,1
10106.998,1
11236.738,1
11457.7705,1
6360.5317,1
6057.813,1
5867.8296,1
3821.4624,1
4474.093,1
4304.5806,1
4221.108,1
2864.788,1
2794.474,1
3891.379,1
3811.8706,1
3766.2683,1
2825.6128,1
3662.2327,1
3587.8708,1
3543.2212,1
2787.1584,1
3479.5352,1
3402.953,1
3357.6567,1
2778.259,1
2789.988,1
3333.1963,1
3256.1265,1
3210.6902,1
2751.6057,1
3226.2866,1
3147.6448,1
3101.8,1
2748.495,1
3148.5547,1
3069.9465,1
3024.1648,1
2728.522,1
2789.5312,1
3116.496,1
2909.452,1
2816.8813,1
10118.378,1
11242.885,1
11461.144,1
6361.3896,1
6052.8604,1
5865.376,1
3519.213,1
4503.4204,1
4649.0415,1
4429.6245,1
4323.5063,1
3809.9722,1
3772.0376,1
3739.0852,1
6405.151,1
3643.0115,1
3570.9119,1
3528.5498,1
2793.4924,1
4832.734,1
3466.4155,1
3390.044,1
3345.9565,1
3911.6733,1
3323.7073,1
3246.3164,1
3201.647,1
3411.77,1
3217.5232,1
3139.4182,1
3094.2585,1
2793.434,1
3120.4019,1
3142.4207,1
3063.7449,1
3018.3022,1
2950.0813,1
3116.8215,1
2910.174,1
2817.899,1
10103.041,1
11228.612,1
11451.634,1
6357.213,1
6050.8857,1
5863.8286,1
4012.4016,1
4472.8755,1
4300.5,1
4219.0493,1
3017.204,1
2788.375,1
3888.2285,1
3807.5723,1
3763.5645,1
2909.6294,1
3660.7478,1
3585.3352,1
3541.9368,1
2849.08,1
3476.8398,1
3400.3708,1
3356.081,1
2805.7712,1
2790.4165,1
3332.1128,1
3254.5168,1
3209.5547,1
2777.5898,1
3224.2231,1
3145.998,1
3100.65,1
2759.3684,1
3147.5422,1
3068.786,1
3023.1875,1
2743.728,1
1.3036788e+06,1
2794.7925,1
5.208018e+06,1
4714.0825,1
3926.0112,1
3537.6348,1
10583.312,1
11273.2,1
11339.453,1
6268.6016,1
6017.102,1
5867.288,1
3310.2585,1
2790.8518,1
4528.857,1
4345.9233,1
4258.063,1
3081.3784,1
3898.5955,1
3821.0117,1
3780.9316,1
2975.057,1
3669.375,1
3598.2202,1
3558.322,1
2909.0383,1
2793.8518,1
3486.4043,1
3413.4922,1
3371.8806,1
2856.0232,1
3341.195,1
3266.3687,1
3223.3809,1
2813.8445,1
3232.5256,1
3156.283,1
3112.3472,1
2782.9346,1
2789.2075,1
3154.8943,1
3077.629,1
3033.0461,1
2760.6096,1
3117.0408,1
2905.939,1
2810.9324,1
10103.857,1
11231.991,1
11457.288,1
6360.1304,1
6054.846,1
5868.3257,1
3803.4326,1
4474.944,1
4304.0635,1
4222.696,1
2858.5593,1
2788.9082,1
3898.346,1
3814.139,1
3769.0967,1
2834.5032,1
3664.144,1
3589.0522,1
3545.8794,1
2806.7207,1
3479.575,1
3403.5168,1
3359.4658,1
2782.4924,1
5998.968,1
3538.9568,1
3388.3174,1
3319.7905,1
2795.7556,1
3269.1057,1
3300.713,1
3218.271,1
3170.7065,1
3057.8462,1
3204.4304,1
3124.935,1
3078.0635,1
2949.8489,1
3152.0933,1
2935.1946,1
2834.379,1
10130.439,1
11257.514,1
11480.924,1
6384.89,1
6079.4595,1
5893.6577,1
3940.3904,1
2791.5383,1
4496.9004,1
4326.07,1
4244.537,1
2990.9392,1
3909.3862,1
3829.3276,1
3785.1775,1
2907.173,1
3678.5186,1
3603.2395,1
3559.6829,1
2855.7244,1
2789.7893,1
3491.7827,1
3415.3772,1
3371.0146,1
2817.8809,1
3344.0354,1
3266.4407,1
3221.341,1
2787.2532,1
3233.8547,1
3155.448,1
3109.8496,1
2766.1592,1
2789.74,1
3155.2188,1
3076.7124,1
3030.9883,1
2756.9683,1
3126.9426,1
2919.1777,1
2825.0815,1
10113.065,1
11235.511,1
11455.836,1
6363.2163,1
6057.875,1
5871.534,1
3801.0298,1
4478.3394,1
4307.534,1
4225.888,1
2884.4785,1
566067.9,1
2579.9172,1
4280.4087,1
4078.8398,1
3957.1255,1
2901.6313,1
3712.5417,1
3625.1018,1
3580.4502,1
2895.059,1
3261.2617,1
3030.8755,1
2938.4272,1
2342.889,1
4792.563,1
4822.0557,1
4685.654,1
3256.6147,1
3873.5786,1
3728.8164,1
3666.7595,1
3096.4014,1
73183.6,1
3589.992,1
3514.9287,1
3472.18,1
3006.582,1
3448.5679,1
3373.3694,1
3328.6555,1
2949.2744,1
3308.399,1
3067.7163,1
2948.5247,1
10156.196,1
11292.042,1
11522.432,1
6366.5977,1
6065.0493,1
5882.027,1
3879.916,1
86046.555,1
4520.5923,1
4352.313,1
4273.1553,1
2967.0625,1
3960.3342,1
3881.4236,1
3838.4702,1
2912.194,1
3739.9712,1
3665.7559,1
3622.81,1
2869.7837,1
22172.732,1
3552.599,1
3476.6626,1
3432.294,1
2833.6506,1
3397.4424,1
3320.0286,1
3274.7139,1
2803.6934,1
3277.0144,1
3198.5554,1
3152.6565,1
2780.7065,1
3188.3691,1
3109.3047,1
3063.14,1
6515.664,1
2762.3025,1
3144.5044,1
2932.2202,1
2835.8877,1
10120.587,1
11247.934,1
11471.788,1
6358.3325,1
6052.5654,1
5866.29,1
3779.8723,1
4481.2007,1
4308.7876,1
4228.0527,1
2886.4932,1
3899.0808,1
3818.6125,1
3774.9717,1
2835.2395,1
3475.6821,1
3671.8828,1
3596.481,1
3553.0464,1
2806.334,1
3487.229,1
3410.6946,1
3366.3364,1
2784.1775,1
3340.7139,1
3263.13,1
3218.1008,1
2764.161,1
2915.4036,1
3231.3394,1
3152.9468,1
3107.4658,1
2752.2058,1
3153.029,1
3074.17,1
3028.4585,1
2741.0432,1
3120.4526,1
2911.895,1
2818.7239,1
10123.555,1
11247.965,1
11463.247,1
6367.187,1
6061.87,1
5874.647,1
3786.19,1
4476.4097,1
4304.997,1
4223.7983,1
2875.817,1
2811.0986,1
3891.76,1
3811.4673,1
2956.941,1
8019.493,1
3617.1316,1
3570.8005,1
2833.5674,1
5991.498,1
3424.6404,1
3378.342,1
2799.3386,1
2794.364,1
4749.1357,1
3273.228,1
3226.627,1
2777.743,1
4041.0098,1
3160.178,1
3113.4624,1
2760.4812,1
3617.604,1
3079.8335,1
3033.1543,1
2748.057,1
2792.5183,1
3542.147,1
2918.4958,1
2824.1038,1
10885.103,1
11253.0,1
11466.55,1
7149.8423,1
6061.893,1
5874.6147,1
3777.3093,1
5034.623,1
4308.8857,1
4227.1353,1
2878.596,1
4279.732,1
3814.412,1
3770.1057,1
2819.5007,1
2790.6182,1
3921.2043,1
3590.7153,1
3546.8945,1
2800.7253,1
3642.7173,1
3404.5793,1
3360.0137,1
2772.3188,1
3435.6404,1
3258.1453,1
3212.836,1
2764.0105,1
2794.0566,1
3286.6013,1
3148.3362,1
3102.7878,1
2738.1477,1
3186.5068,1
3071.3674,1
3025.3784,1
2739.4094,1
3117.978,1
2910.1487,1
5843.104,1
11420.395,1
11131.051,1
4637.698,1
5728.0737,1
5567.221,1
3612.2803,1
3664.8694,1
4201.344,1
4134.7095,1
2803.585,1
2791.9849,1
3832.1155,1
3754.4263,1
2905.7922,1
6750.932,1
3570.98,1
3524.6736,1
2796.214,1
5134.7036,1
3386.7773,1
3340.9456,1
2768.9011,1
2788.358,1
4196.3496,1
3242.96,1
3196.966,1
2753.791,1
3694.397,1
3136.4106,1
3090.3284,1
2742.376,1
3404.2563,1
3061.2732,1
3015.1619,1
2732.386,1
3397.5312,1
2911.6902,1
2819.6626,1
10781.6,1
11234.569,1
11455.452,1
7100.093,1
6050.175,1
5863.324,1
2792.8047,1
3779.3267,1
4982.0996,1
4301.0176,1
4218.754,1
2872.3755,1
4227.6973,1
3807.799,1
3763.2793,1
2822.51,1
3874.799,1
3585.196,1
3541.5063,1
2797.0996,1
2790.2239,1
3605.981,1
3400.049,1
3355.5554,1
2776.79,1
3407.3462,1
3254.12,1
3209.0403,1
2760.5173,1
3267.1655,1
3145.464,1
3099.9985,1
2747.7327,1
2792.2058,1
3171.8333,1
3068.5647,1
3022.901,1
2737.7117,1
3144.575,1
2912.263,1
2819.4053,1
10173.897,1
11233.762,1
11456.096,1
6434.7026,1
6054.55,1
5867.4517,1
3771.9946,1
4527.6416,1
4303.648,1
4221.6523,1
2873.8604,1
2787.7148,1
3926.2207,1
3809.9226,1
3765.6492,1
2824.1018,1
3685.6438,1
3587.1216,1
3543.632,1
2798.432,1
3492.4272,1
3401.6345,1
3357.2625,1
2777.7117,1
2790.2756,1
3341.4429,1
3255.4895,1
3210.5105,1
2761.1384,1
3229.805,1
3146.6704,1
3101.297,1
2748.4705,1
3150.9834,1
3069.4048,1
3023.76,1
2737.8318,1
3123.055,1
2912.7002,1
2819.6753,1
10115.008,1
11232.833,1
11455.1,1
6369.5537,1
6054.148,1
5867.486,1
3818.3237,1
2796.975,1
4480.4624,1
4303.1523,1
4222.1885,1
2875.654,1
3894.425,1
3809.826,1
3765.8152,1
2813.3655,1
3666.376,1
3587.4832,1
3543.8596,1
2798.8044,1
2791.662,1
3479.9731,1
3401.739,1
3357.4333,1
2768.2354,1
3335.2292,1
3256.0247,1
3210.8794,1
2761.2668,1
3225.734,1
3146.8118,1
3101.429,1
2738.4424,1
2787.453,1
3149.896,1
3070.0796,1
3024.2532,1
2737.4185,1
3116.1697,1
2908.1306,1
2815.6301,1
10115.496,1
11242.275,1
11463.205,1
6362.663,1
6055.03,1
5867.7793,1
3775.1052,1
4475.6123,1
4303.0605,1
4221.038,1
2873.4346,1
3890.6199,1
3809.7112,1
3765.4204,1
2794.1272,1
2824.865,1
3662.343,1
3586.6687,1
3543.1875,1
2797.8486,1
3478.2456,1
3401.545,1
3357.1755,1
2777.8843,1
3332.9756,1
3255.3406,1
3210.349,1
2761.6772,1
2790.3372,1
3224.8772,1
3146.5513,1
3101.1653,1
2748.5454,1
3148.2173,1
3069.4053,1
3023.7786,1
2738.3032,1
3116.492,1
2908.721,1
2816.1443,1
10111.138,1
11237.802,1
11461.751,1
6361.6865,1
6055.2866,1
5868.1924,1
3817.3752,1
2786.5916,1
4473.691,1
4301.884,1
4221.315,1
2873.7878,1
3890.034,1
3809.5747,1
3765.3374,1
2823.747,1
3662.0208,1
3586.6165,1
3543.245,1
2799.1265,1
2791.9375,1
3477.8398,1
3401.2742,1
3356.978,1
2777.85,1
3332.7842,1
3255.2402,1
3210.2815,1
2761.3962,1
3224.8005,1
3146.5522,1
3101.1853,1
2748.5405,1
2793.2576,1
3148.17,1
3069.3806,1
3023.7676,1
2738.2217,1
3116.9177,1
2909.316,1
2816.8057,1
10110.094,1
11237.282,1
11460.404,1
6360.8975,1
6054.6694,1
5867.642,1
3767.7188,1
4475.0073,1
4302.722,1
4221.3623,1
2874.1582,1
3889.8484,1
3809.2676,1
3765.276,1
2823.0437,1
2795.3254,1
3662.0889,1
3586.637,1
3543.2378,1
2798.0159,1
3477.964,1
3401.4656,1
3357.1816,1
2770.101,1
3333.7676,1
3255.798,1
3210.719,1
2760.8457,1
2790.198,1
3225.0244,1
3146.7085,1
3101.3206,1
2748.517,1
3148.2559,1
3069.4805,1
3023.8557,1
2738.436,1
566089.44,1
2977.1187,1
2938.5867,1
2854.473,1
2797.7974,1
9989.629,1
11119.3545,1
11384.413,1
6339.181,1
6071.9873,1
5912.4814,1
4364.749,1
4229.3506,1
4164.828,1
2789.5989,1
3074.4116,1
3161.9253,1
3005.316,1
2976.4395,1
5968.295,1
6001.6963,1
5913.9136,1
5320.843,1
4292.181,1
4133.5986,1
4066.5159,1
3049.219,1
3890.1619,1
3813.192,1
3770.329,1
2787.8877,1
2934.163,1
3677.9092,1
3602.4753,1
3558.474,1
2877.8237,1
3498.1184,1
3420.8342,1
3375.4048,1
2837.6445,1
3353.5168,1
3274.9175,1
3228.6504,1
2806.4736,1
2790.6611,1
3259.9653,1
3038.01,1
2934.087,1
10198.234,1
11328.698,1
11555.762,1
6416.974,1
6112.226,1
5926.3574,1
3830.862,1
4539.5786,1
4368.443,1
4287.9062,1
2912.8945,1
3957.8726,1
3877.9368,1
3834.341,1
2853.8948,1
2794.9326,1
3725.6475,1
3650.5383,1
3607.2856,1
2812.4539,1
3533.375,1
3456.4158,1
3411.923,1
2795.7673,1
3376.2634,1
3298.7087,1
3253.5706,1
2775.0247,1
2789.828,1
3257.547,1
3179.1978,1
3133.627,1
2758.9277,1
3171.8743,1
3093.0728,1
3047.1921,1
2746.6785,1
3136.1294,1
2926.6587,1
2832.3953,1
10121.879,1
11247.925,1
11470.545,1
6367.235,1
6061.1494,1
5874.3433,1
3500.9111,1
4490.1953,1
4315.4536,1
4232.6953,1
2873.182,1
2791.6497,1
3899.1606,1
3818.6555,1
2956.7715,1
8033.369,1
3623.5703,1
3577.261,1
2833.8438,1
6003.2324,1
3430.1135,1
3383.8118,1
2799.8743,1
2790.5066,1
4758.001,1
3277.4653,1
3230.85,1
2777.8035,1
4047.1643,1
3163.488,1
3116.7642,1
2761.2214,1
1.303942e+06,1
2929.6252,1
9.85742e+16,1
3838.2568,1
3223.219,1
3142.2668,1
2848.805,1
2791.3691,1
3541.6218,1
2917.1917,1
2809.637,1
10123.127,1
11238.874,1
7157.2314,1
6141.557,1
5955.727,1
3900.511,1
4666.852,1
4336.372,1
4255.1855,1
2968.509,1
3967.1877,1
3837.5916,1
3795.786,1
2898.1934,1
3645.4485,1
3612.5398,1
3570.6394,1
2794.4453,1
2856.844,1
3429.0747,1
3423.9272,1
3380.5088,1
2821.203,1
3282.6924,1
3274.5168,1
3230.103,1
2793.129,1
3185.1882,1
3162.5354,1
3117.4167,1
2787.8855,1
2772.992,1
3120.9668,1
3081.8928,1
3036.3687,1
2754.14,1
3109.3047,1
2911.6492,1
2816.1682,1
10134.121,1
11236.548,1
11461.419,1
6417.2847,1
6058.007,1
5871.601,1
3800.059,1
4505.446,1
4306.957,1
4225.5156,1
2885.3032,1
2791.7622,1
3902.6182,1
3813.3347,1
3769.3286,1
2832.2043,1
3663.6868,1
3590.02,1
3546.6824,1
2804.9783,1
3474.3315,1
3404.221,1
3359.9775,1
2782.1326,1
2789.112,1
3327.9382,1
3257.6987,1
3212.7974,1
2764.8518,1
3220.4211,1
3148.4382,1
3103.0747,1
2750.0554,1
3144.9907,1
3070.9397,1
3025.3047,1
2739.858,1
3117.2097,1
2910.517,1
2817.3242,1
10124.889,1
11246.972,1
11459.394,1
6366.1055,1
6054.646,1
5867.273,1
3777.8333,1
2788.8347,1
4478.504,1
4303.489,1
4222.2812,1
2874.8804,1
3891.565,1
3810.0945,1
3766.145,1
2812.8098,1
2165.3704,1
7044.558,1
6307.312,1
5513.3906,1
2797.4185,1
3449.8972,1
3390.606,1
3350.7366,1
2776.4358,1
3329.9663,1
3253.4695,1
3208.5903,1
2763.3574,1
3223.3374,1
3144.412,1
3099.8318,1
2737.7986,1
2791.8367,1
3147.9006,1
3068.8826,1
3023.072,1
2738.4763,1
3115.7275,1
2908.39,1
2815.9438,1
10109.953,1
11237.022,1
11460.427,1
6357.542,1
6050.95,1
5864.3066,1
3782.1016,1
4473.9756,1
4301.8555,1
4220.551,1
2876.543,1
2791.5713,1
3889.299,1
3808.8086,1
3764.7803,1
2825.55,1
3661.4421,1
3586.104,1
3542.6836,1
2798.959,1
3477.4922,1
3401.1453,1
3356.8525,1
2778.3591,1
3332.4666,1
3255.0679,1
3210.1052,1
2786.6292,1
2761.6875,1
3224.5154,1
3146.3462,1
3100.9722,1
2747.7793,1
3148.0308,1
3069.2957,1
3023.6614,1
2738.7517,1
3117.5935,1
2910.0151,1
2817.2778,1
10113.627,1
11238.468,1
11459.305,1
6360.4395,1
6054.437,1
5867.5435,1
3818.5364,1
2793.692,1
4473.5083,1
4302.3115,1
4221.191,1
2867.162,1
3890.6128,1
3809.8435,1
3765.6824,1
2824.526,1
3661.9734,1
3586.502,1
3543.1206,1
2787.6968,1
2791.262,1
3479.1533,1
3401.9644,1
3357.4414,1
2777.937,1
3333.0022,1
3255.5212,1
3210.5903,1
2751.9377,1
3226.06,1
3147.1416,1
3101.5586,1
2748.5073,1
2787.5063,1
3148.3926,1
3069.6257,1
3023.988,1
2727.534,1
3116.5442,1
2909.2761,1
2816.5254,1
10135.19,1
11254.3955,1
11461.183,1
6361.484,1
6056.6987,1
5871.622,1
3821.002,1
4474.209,1
4303.0894,1
4222.271,1
2876.0293,1
3890.0938,1
3809.9265,1
3766.4019,1
2825.8691,1
2796.8386,1
3662.0134,1
3586.7117,1
3543.4072,1
2798.9666,1
3477.9993,1
3401.5989,1
3357.3027,1
2778.2612,1
3332.9255,1
3255.493,1
3210.5723,1
2761.29,1
2788.7173,1
3224.944,1
3146.6921,1
3101.3386,1
2748.6562,1
3148.241,1
3069.4912,1
3023.8909,1
2738.376,1
3119.0833,1
2911.5078,1
2818.647,1
10106.299,1
11232.719,1
11456.635,1
6360.3496,1
6054.2163,1
5866.72,1
3782.5078,1
2793.2615,1
4474.7734,1
4302.614,1
4221.705,1
2874.3381,1
3890.1042,1
3809.6064,1
3765.763,1
2824.5278,1
3662.2263,1
3586.8362,1
3543.4475,1
2798.3792,1
2788.8562,1
3478.2107,1
3401.7964,1
3357.4932,1
2777.9595,1
3333.0457,1
3255.573,1
3210.6174,1
2762.0054,1
3224.93,1
3146.7412,1
3101.376,1
2748.565,1
3148.2651,1
3069.527,1
3023.9062,1
2791.2886,1
2738.5366,1
3117.8887,1
2910.21,1
2817.4307,1
10112.993,1
11238.465,1
11460.186,1
6360.947,1
6054.888,1
5868.3066,1
3817.0938,1
4473.9946,1
4302.8706,1
4221.249,1
2863.2283,1
3891.4517,1
3810.3467,1
3765.9224,1
2824.4062,1
2791.8167,1
3662.209,1
3586.7812,1
3543.2922,1
2779.4944,1
3480.6711,1
3402.6545,1
3357.9019,1
2777.6006,1
3333.286,1
3255.6892,1
3210.7017,1
2754.177,1
2787.942,1
3225.9028,1
3147.1484,1
3101.6345,1
2749.2517,1
3148.3904,1
3069.6055,1
3023.9753,1
2725.7827,1
3114.7139,1
2907.6475,1
2815.4084,1
10114.213,1
11240.392,1
11462.775,1
6361.426,1
6055.455,1
5868.908,1
3820.7195,1
4473.8735,1
4302.02,1
4220.896,1
2864.049,1
2793.652,1
2203.2866,1
7252.064,1
6521.0405,1
5730.2144,1
3634.3252,1
3575.35,1
3536.3337,1
2811.0803,1
3474.104,1
3398.734,1
3354.7822,1
2780.5862,1
2794.9568,1
3331.0208,1
3253.637,1
3208.7524,1
2762.9558,1
566025.25,1
2645.963,1
3568.026,1
3363.0361,1
3255.2388,1
2846.9326,1
3201.424,1
3115.078,1
3069.1057,1
2835.4502,1
2790.6028,1
3121.43,1
2901.556,1
2799.3577,1
10095.981,1
11228.362,1
11457.6,1
6364.48,1
6060.963,1
5877.197,1
3860.4155,1
5118.2837,1
4964.6406,1
4877.47,1
3337.2378,1
5319.764,1
5051.401,1
4891.7783,1
3286.511,1
4304.9106,1
4216.083,1
4173.1226,1
3122.1206,1
2786.6514,1
4035.9453,1
3966.2163,1
3926.1519,1
3046.5886,1
3808.2734,1
3735.5552,1
3692.6724,1
2980.078,1
3604.771,1
3529.214,1
3484.3103,1
2917.6152,1
2794.944,1
3436.7717,1
3359.178,1
3313.0422,1
2867.6938,1
3306.5676,1
3227.632,1
3180.842,1
2826.241,1
3230.799,1
3009.6387,1
2904.19,1
10253.941,1
11351.145,1
11537.516,1
6424.3984,1
6118.904,1
5941.7827,1
3843.267,1
4534.9697,1
4364.178,1
4284.7803,1
2921.8066,1
2790.1843,1
3947.9248,1
3868.2173,1
3825.318,1
2861.7678,1
3714.196,1
3639.1387,1
3596.3513,1
2826.9329,1
3521.691,1
3445.3992,1
3401.3884,1
2799.7898,1
2787.748,1
3367.3447,1
3289.7908,1
3244.9226,1
2777.7334,1
3250.8696,1
3172.5671,1
3127.1536,1
2760.7012,1
3167.2292,1
3088.3105,1
3042.561,1
2747.3489,1
3131.7244,1
2922.3538,1
2828.31,1
10118.607,1
11245.632,1
11470.083,1
6368.3604,1
6062.0146,1
5874.615,1
2790.3225,1
3825.2612,1
4481.266,1
4310.0493,1
4228.473,1
2868.2273,1
3898.7292,1
3817.4084,1
3773.4448,1
2828.8167,1
3668.7407,1
3593.2803,1
3549.8916,1
2791.1794,1
2794.735,1
3484.7754,1
3407.5793,1
3363.0674,1
2780.4834,1
3337.3037,1
3259.721,1
3214.7231,1
2754.1833,1
3229.1848,1
3150.2913,1
3104.7122,1
2749.9822,1
2790.7576,1
3150.6956,1
3071.8547,1
3026.1836,1
2729.4275,1
3119.223,1
2911.9172,1
2819.1926,1
10108.613,1
11235.381,1
11459.46,1
6362.1733,1
6055.917,1
5869.2217,1
3821.561,1
4475.4014,1
4303.993,1
4222.554,1
2876.8584,1
2791.289,1
3891.2827,1
3811.0789,1
3766.911,1
2825.9634,1
3663.0354,1
3587.6353,1
3544.138,1
2799.2078,1
3478.7888,1
3402.4897,1
3358.221,1
2779.9504,1
2791.1252,1
3333.3657,1
3255.7979,1
3210.8062,1
2761.5664,1
3225.2727,1
3147.0085,1
3101.6196,1
2748.847,1
3148.4966,1
3069.695,1
3024.0608,1
2736.3276,1
3117.5583,1
2909.9377,1
2817.261,1
10111.621,1
11238.607,1
11459.751,1
6360.552,1
6054.318,1
5866.2065,1
3785.4143,1
2791.68,1
4474.729,1
4303.2017,1
4221.594,1
2876.4158,1
3889.7764,1
3809.4558,1
3765.2695,1
2814.549,1
3663.1133,1
3587.0327,1
3543.303,1
2798.4333,1
2787.8823,1
3478.194,1
3401.7517,1
3357.3694,1
2770.5596,1
3333.7974,1
3255.7146,1
3210.5435,1
2761.4941,1
3225.0015,1
3146.7139,1
3101.3699,1
2737.638,1
2790.8293,1
3149.6199,1
3070.08,1
3024.2217,1
2738.3486,1
3116.7375,1
2909.032,1
2816.3965,1
10110.667,1
11237.482,1
11461.44,1
6361.3447,1
6055.184,1
5868.188,1
3787.4348,1
4474.5303,1
4302.4033,1
4221.054,1
2874.2842,1
3889.9805,1
3809.579,1
3765.5842,1
2792.1921,1
2824.6577,1
3661.966,1
3586.5032,1
3543.044,1
2797.825,1
3478.0593,1
3401.5454,1
3357.219,1
2778.3271,1
3332.8252,1
3255.289,1
3210.3145,1
2761.5056,1
2795.5703,1
3224.8274,1
3146.575,1
3101.198,1
2748.531,1
3148.1904,1
3069.4504,1
3023.8372,1
2738.041,1
3117.6826,1
2910.0415,1
2817.363,1
10108.992,1
11235.593,1
11459.43,1
6361.7603,1
6055.2686,1
5868.3687,1
3773.4226,1
2787.6921,1
4475.158,1
4303.4277,1
4221.5405,1
2874.3174,1
3890.1414,1
3809.8203,1
3765.6018,1
2807.7847,1
3664.193,1
3587.5195,1
3543.686,1
2798.026,1
2793.5632,1
3478.2686,1
3401.7627,1
3357.413,1
2768.614,1
3334.0898,1
3255.9307,1
3210.7974,1
2760.3333,1
5927.1763,1
3435.4758,1
3283.1548,1
3213.436,1
3240.4932,1
2788.6948,1
3227.6523,1
3143.2935,1
3094.758,1
3037.633,1
3161.4873,1
2942.0261,1
2839.314,1
10132.989,1
11262.404,1
11488.536,1
6392.675,1
6087.1924,1
5901.066,1
3982.3757,1
4503.9507,1
4332.722,1
4251.0547,1
3031.412,1
3915.5103,1
3835.5605,1
3791.453,1
2920.8357,1
2790.7358,1
3686.139,1
3609.3115,1
3565.2358,1
2876.979,1
3496.2312,1
3419.5881,1
3374.9622,1
2821.3984,1
3348.8574,1
3270.4834,1
3225.0046,1
2798.5098,1
2793.594,1
3236.6948,1
3158.1802,1
3112.495,1
2764.3945,1
3158.5078,1
3078.931,1
3032.8555,1
2754.4995,1
3122.1594,1
2912.9167,1
2818.9856,1
10116.75,1
11244.204,1
11465.751,1
6364.8477,1
6059.345,1
5872.03,1
3803.7048,1
4478.0796,1
4306.7505,1
4225.3813,1
2790.1128,1
2887.61,1
3893.113,1
3812.751,1
3768.7556,1
2833.653,1
3664.578,1
3589.1763,1
3545.6978,1
2804.9023,1
3480.0674,1
3403.63,1
3359.2627,1
2782.2083,1
2792.5278,1
3334.6187,1
3257.092,1
3212.069,1
2764.5498,1
1.3039766e+06,1
3025.9104,1
9.857493e+16,1
2984.5354,1
3888.151,1
3654.737,1
3495.4426,1
3120.7754,1
3286.8103,1
3185.8862,1
3136.1711,1
3072.3481,1
2793.4,1
3153.1558,1
2922.097,1
2811.025,1
10120.153,1
11253.172,1
11480.067,1
6388.295,1
6088.537,1
5906.5864,1
3940.989,1
4505.652,1
4338.501,1
4260.7046,1
3041.4907,1
3919.612,1
3842.9375,1
3801.7578,1
2967.2522,1
2787.5044,1
3689.5532,1
3616.9731,1
3575.519,1
2894.7183,1
3504.7388,1
3428.918,1
3385.5317,1
2860.2834,1
3354.2693,1
3278.146,1
3233.995,1
2820.8948,1
2791.0068,1
3242.5115,1
3165.2283,1
3120.3462,1
2789.4248,1
3162.5676,1
3084.448,1
3039.0972,1
2766.3655,1
3122.93,1
2911.5208,1
2816.1401,1
10112.472,1
11240.221,1
11464.491,1
6363.181,1
6054.944,1
5868.617,1
3797.1892,1
4478.925,1
4306.3184,1
4225.3066,1
2892.6345,1
2794.3645,1
3893.7974,1
3813.2324,1
3769.5198,1
2837.9565,1
3665.5447,1
3590.1848,1
3546.9707,1
2808.5808,1
3481.1614,1
3404.8196,1
3360.693,1
2785.2888,1
2787.7622,1
3335.4941,1
3258.0044,1
3213.1401,1
2766.0872,1
3227.0356,1
3148.8794,1
3103.5818,1
2752.3335,1
3149.9368,1
3071.159,1
3025.566,1
2740.365,1
2789.5977,1
3117.827,1
2909.5835,1
2816.5903,1
10120.703,1
11243.91,1
11461.201,1
6361.011,1
6054.799,1
5867.901,1
3776.6199,1
4475.4067,1
4303.6426,1
4222.1772,1
2875.856,1
3890.4048,1
3809.9954,1
3765.9998,1
2825.4897,1
3662.392,1
3586.9863,1
3543.586,1
2793.3635,1
2799.296,1
565984.44,1
2502.0715,1
3896.9873,1
3694.908,1
3569.1123,1
2874.0364,1
3392.5762,1
3301.4028,1
3254.558,1
2866.5754,1
2659.422,1
2562.389,1
2559.191,1
9176.816,1
9094.738,1
8837.608,1
3291.5718,1
2794.3938,1
4219.0366,1
4019.2212,1
3933.4448,1
3004.701,1
3611.6184,1
3362.9617,1
3239.966,1
10450.435,1
11592.559,1
11833.202,1
6629.875,1
6332.266,1
6151.9453,1
3882.2014,1
4758.4756,1
4590.457,1
4512.5835,1
2981.8328,1
2788.181,1
4168.008,1
4091.2515,1
4049.6892,1
2918.132,1
3914.6284,1
3841.5134,1
3799.2715,1
2860.432,1
3692.6672,1
3616.2095,1
3571.831,1
2840.8975,1
2792.168,1
3501.0808,1
3424.019,1
3378.745,1
2811.0386,1
3351.3188,1
3273.098,1
3227.153,1
2787.474,1
3239.8708,1
3160.9048,1
3114.6128,1
2768.887,1
3184.443,1
2970.1997,1
2872.0356,1
10169.068,1
11294.906,1
11515.653,1
6399.109,1
6093.638,1
5908.107,1
3794.1223,1
2788.637,1
4513.249,1
4342.105,1
4261.1694,1
2888.6423,1
3926.35,1
3846.2937,1
3802.4763,1
2825.5112,1
3695.1038,1
3619.1091,1
3575.557,1
2807.938,1
2793.4875,1
3504.1096,1
3427.6782,1
3383.3494,1
2773.7405,1
3354.4863,1
3276.123,1
3230.8452,1
2767.6907,1
3239.9316,1
3161.6492,1
3116.1763,1
2743.698,1
2789.3145,1
3160.1323,1
3080.6316,1
3034.7117,1
2742.4048,1
3124.44,1
2916.0242,1
2822.7893,1
10117.829,1
11244.503,1
11468.387,1
6362.2314,1
6056.593,1
5870.2256,1
3788.2576,1
4478.4443,1
4307.1045,1
4225.7896,1
2865.4548,1
2796.644,1
3895.2905,1
3814.4043,1
3770.2195,1
2825.5547,1
3665.8806,1
3590.5513,1
3547.1372,1
2790.4832,1
3482.1091,1
3405.0906,1
3360.6284,1
2778.8044,1
3335.368,1
3257.8608,1
3212.8708,1
2784.8003,1
2749.3823,1
3228.2297,1
3149.0488,1
3103.3923,1
2749.037,1
3149.689,1
3070.9158,1
2874.6726,1
3398.3694,1
2785.9062,1
2730.9648,1
46763.26,1
11245.779,1
11490.056,1
14909.529,1
6094.979,1
5906.1978,1
3850.9153,1
2793.5305,1
5801.16,1
4324.3525,1
4242.099,1
2896.0593,1
4649.428,1
3826.879,1
3781.9028,1
2840.5671,1
4114.592,1
3600.512,1
3556.0972,1
2811.165,1
2791.3733,1
3737.8848,1
3412.3494,1
3367.141,1
2787.8892,1
3478.4692,1
3263.7195,1
3217.9983,1
2768.7112,1
3305.4575,1
3153.0112,1
3106.957,1
2754.5017,1
2792.0344,1
3192.7441,1
3074.3374,1
3028.2412,1
2744.5164,1
3122.5227,1
2965.687,1
2820.7053,1
10251.777,1
11246.151,1
11463.289,1
6519.194,1
6055.983,1
5868.551,1
3790.6655,1
4585.681,1
4305.45,1
4223.768,1
2876.4114,1
3964.604,1
3811.5679,1
3767.3035,1
2825.3284,1
2791.1426,1
3709.2136,1
3588.3486,1
3544.7317,1
2799.766,1
3506.271,1
3402.8928,1
3358.4353,1
2779.06,1
3349.252,1
3256.4277,1
3211.4038,1
2762.3982,1
2790.2117,1
3234.1064,1
3147.3823,1
3101.9114,1
2749.1892,1
3153.3862,1
3070.0417,1
3024.3518,1
2738.8723,1
3122.4014,1
2908.7114,1
2816.0312,1
10133.093,1
11242.816,1
11463.511,1
6379.5737,1
6055.6616,1
5869.004,1
3786.5544,1
2787.6807,1
4487.268,1
4303.257,1
4222.025,1
2874.1902,1
3898.649,1
3809.8718,1
3765.8567,1
2824.6047,1
228679.8,1
5.037869e+07,1
3.4437562e+06,1
2.8510065e+06,1
468087.44,1
324215.62,1
261615.9,1
2795.455,1
788339.1,1
129614.86,1
116564.414,1
109268.68,1
475110.12,1
86251.62,1
77704.51,1
72511.95,1
317775.8,1
57522.125,1
51664.26,1
48283.914,1
209010.44,1
38255.945,1
34324.168,1
2794.3909,1
32211.703,1
155226.4,1
28468.129,1
26634.014,1
125936.9,1
30854.9,1
29383.842,1
87028.31,1
21134.973,1
19772.635,1
17147.385,1
62996.023,1
15378.973,1
14371.997,1
12659.278,1
45021.18,1
11783.813,1
11023.119,1
9852.963,1
1.3292442e+06,1
4.8116732e+07,1
2791.6433,1
4.637514e+06,1
4.4656385e+06,1
965684.56,1
653255.8,1
496380.03,1
1.078954e+06,1
174091.02,1
155253.83,1
145370.66,1
614424.5,1
113644.86,1
102430.13,1
95535.92,1
3.773577e+06,1
4.9412776e+07,1
4.7986335e+06,1
2786.4888,1
5.1409985e+06,1
1.1081405e+06,1
796098.9,1
638687.9,1
1.6025271e+06,1
306733.44,1
274497.28,1
255923.64,1
1.1118811e+06,1
216917.08,1
200996.0,1
889598.7,1
175931.62,1
162459.06,1
671920.0,1
133887.39,1
124071.72,1
115899.54,1
110332.78,1
502352.72,1
93423.3,1
86271.06,1
80736.91,1
2788.9595,1
367106.44,1
67590.61,1
62019.496,1
57995.617,1
260555.17,1
48031.016,1
43840.195,1
40954.46,1
2.7208385e+06,1
5.9941084e+07,1
5.4988935e+06,1
6.2811695e+06,1
1.6228008e+06,1
1.1388282e+06,1
863674.8,1
2794.6106,1
1.5020584e+06,1
254122.83,1
224375.9,1
209272.98,1
851830.6,1
161690.22,1
145641.17,1
135778.72,1
581119.44,1
106993.68,1
95958.59,1
89412.07,1
2787.9448,1
436338.97,1
76845.56,1
71339.555,1
345072.3,1
67772.55,1
63128.207,1
247440.38,1
49591.508,1
46036.37,1
42128.09,1
2.8688478e+06,1
5.9466588e+07,1
3.6463804e+07,1
1.584405e+07,1
1.1065606e+07,1
2.1997108e+06,1
2.8319062e+06,1
300790.16,1
250305.12,1
228763.97,1
2793.7102,1
837748.3,1
168059.11,1
152548.78,1
4.8165065e+06,1
5.2786308e+07,1
3.7930315e+06,1
3.0157112e+06,1
535481.8,1
454653.78,1
416506.75,1
6.1899085e+06,1
4.6722636e+07,1
5.0650725e+06,1
5.5749185e+06,1
1.3444369e+06,1
1.036191e+06,1
2792.7576,1
2.3265232e+06,1
564601.8,1
509063.6,1
475565.72,1
1.5994719e+06,1
374737.0,1
336801.1,1
313114.22,1
1.250045e+06,1
266826.62,1
247119.5,1
1.0041672e+06,1
212921.98,1
195896.67,1
787595.9,1
161501.58,1
149316.9,1
139863.33,1
601316.1,1
116939.1,1
107428.086,1
100400.32,1
2791.1204,1
443848.34,1
83079.945,1
75819.914,1
70764.664,1
316448.66,1
57925.348,1
52591.465,1
49039.16,1
218499.8,1
39884.535,1
36096.562,1
33709.277,1
2789.1848,1
146756.02,1
27392.484,1
24769.69,1
23222.402,1
96455.414,1
18979.33,1
17192.783,1
16214.792,1
62487.41,1
13427.109,1
12218.988,1
11605.575,1
11551.43,1
47323.734,1
10356.296,1
44300.914,1
17479.398,1
17169.984,1
29658.238,1
10877.242,1
10320.814,1
2789.5774,1
8176.9307,1
21314.838,1
7920.9365,1
7543.1787,1
6140.3315,1
15717.291,1
6481.59,1
6202.3613,1
5237.3193,1
11753.696,1
5536.497,1
5311.483,1
4564.9937,1
2792.2004,1
8898.858,1
4814.5317,1
4632.706,1
4065.9897,1
7262.042,1
7117.0674,1
4418.6855,1
4252.763,1
4208.5947,1
5645.776,1
3967.9275,1
3846.6323,1
3743.9202,1
2788.9583,1
4734.361,1
3670.344,1
3568.1294,1
3443.0635,1
4771.04,1
3432.9934,1
3320.1116,1
11391.073,1
11673.547,1
11869.206,1
7305.4556,1
6412.9404,1
6203.749,1
4289.768,1
5185.7485,1
4589.3135,1
4489.415,1
3232.7988,1
566230.25,1
2795.4246,1
2773.562,1
4850.7783,1
4391.0293,1
4246.0703,1
3939.1326,1
3693.6602,1
3649.132,1
3050.8503,1
3699.7493,1
3494.9985,1
3444.5198,1
2931.0503,1
4634.6943,1
4390.833,1
4295.955,1
3596.617,1
2790.0684,1
4717.415,1
4262.755,1
4081.8718,1
3726.6162,1
3585.7576,1
3544.1353,1
4724.719,1
3573.0913,1
3433.4216,1
3383.685,1
3863.5881,1
3369.1084,1
3220.4712,1
3022.5808,1
10280.155,1
11346.05,1
11571.506,1
6452.2085,1
6099.9243,1
5913.8154,1
4766.3496,1
2791.2556,1
4586.424,1
4380.5054,1
4299.099,1
3455.445,1
4011.007,1
3905.3442,1
3860.56,1
3186.783,1
3778.843,1
3685.5435,1
3641.0864,1
3026.4827,1
2794.1611,1
3568.9717,1
3503.1875,1
3446.044,1
2922.3333,1
3416.6492,1
3330.6025,1
3284.4326,1
2854.3838,1
3289.6062,1
3205.6638,1
3159.1836,1
2807.5195,1
2785.826,1
3196.505,1
3113.834,1
3067.2383,1
2779.2437,1
3163.7036,1
2943.8604,1
2848.1582,1
10134.012,1
11251.885,1
11471.166,1
6371.091,1
6060.702,1
5874.249,1
3824.4395,1
4489.2373,1
4314.497,1
4232.654,1
2907.8396,1
3905.1423,1
3822.1326,1
3777.8254,1
2845.8025,1
2794.3105,1
3676.4702,1
3599.2332,1
3555.627,1
2813.261,1
3490.5642,1
3412.9048,1
3368.433,1
2788.1917,1
3343.0308,1
3264.7017,1
3219.581,1
2769.1328,1
2792.2236,1
3232.5342,1
3153.7073,1
3108.1804,1
2753.3237,1
3153.9011,1
3074.7473,1
3028.9902,1
2741.7275,1
3122.223,1
2913.0894,1
2820.1008,1
10112.152,1
11238.781,1
11463.23,1
6361.9097,1
6055.4673,1
5868.496,1
3781.184,1
2788.471,1
471368.9,1
5.3021396e+07,1
8.180774e+06,1
1.0865881e+07,1
3.1797165e+06,1
1.9197424e+06,1
1.6995896e+06,1
202543.86,1
163558.0,1
148530.19,1
116945.3,1
657499.0,1
94921.37,1
88776.83,1
2790.5823,1
462002.53,1
71131.55,1
64193.61,1
59865.305,1
1.355979e+06,1
51909.207,1
1.5749117e+08,1
306542.2,1
39106.758,1
35696.758,1
33557.395,1
2.4826615e+06,1
6.1073084e+07,1
1.5979588e+07,1
5.3072575e+06,1
3.5746172e+06,1
2.2177985e+06,1
2797.3374,1
2.3020515e+06,1
314923.2,1
263344.88,1
241284.98,1
212148.92,1
1.2034596e+06,1
178778.77,1
992026.7,1
157613.81,1
145657.11,1
727356.8,1
119626.336,1
110893.555,1
103554.05,1
553800.44,1
87058.59,1
80241.28,1
74889.305,1
408581.5,1
62703.164,1
57441.645,1
53562.426,1
2786.8508,1
49033.645,1
286620.88,1
40501.844,1
37743.715,1
201016.31,1
31137.215,1
28304.674,1
26428.898,1
134981.28,1
21812.17,1
19820.902,1
2.0102898e+06,1
5.2137812e+07,1
3.436613e+06,1
2794.3467,1
2.7289575e+06,1
351123.0,1
284876.8,1
257083.97,1
1.080033e+06,1
179556.55,1
160538.16,1
149472.33,1
808598.25,1
127451.81,1
118022.875,1
650771.7,1
105959.47,1
97916.47,1
470148.8,1
78666.305,1
72772.34,1
67273.484,1
352024.28,1
2790.8733,1
57100.87,1
3.2472805e+06,1
5.0658076e+07,1
5.559999e+06,1
5.6828505e+06,1
1.3628384e+06,1
944998.5,1
720206.25,1
1.541443e+06,1
265186.7,1
236943.6,1
218739.14,1
5.2926425e+06,1
5.555055e+07,1
3.5841375e+06,1
4.1345295e+06,1
770470.5,1
621763.06,1
548926.25,1
2790.0598,1
1.9226572e+06,1
381064.03,1
344517.03,1
320401.97,1
1.3743851e+06,1
254276.81,1
228801.39,1
212041.44,1
983588.56,1
166799.78,1
149337.36,1
138324.98,1
2785.7603,1
750760.9,1
118123.516,1
109319.2,1
106731.35,1
595603.44,1
91745.78,1
79875.625,1
72133.97,1
401488.38,1
60617.87,1
55625.15,1
50928.0,1
280846.97,1
42395.89,1
38828.77,1
35621.625,1
2.708222e+06,1
4.3158056e+07,1
3.4872008e+06,1
2791.6724,1
3.4597032e+06,1
558264.56,1
414854.06,1
350027.06,1
5.7692905e+06,1
5.632839e+07,1
5.5891555e+06,1
2.6904175e+06,1
6.059752e+06,1
1.272762e+06,1
1.0189462e+06,1
528055.94,1
2.3831258e+06,1
411246.03,1
383527.97,1
345475.44,1
1.5254326e+06,1
264661.25,1
234434.02,1
212071.45,1
196670.2,1
1.1148609e+06,1
164635.12,1
157079.72,1
874138.7,1
132638.16,1
625786.5,1
106532.484,1
93742.32,1
464312.22,1
79341.586,1
72891.23,1
64933.016,1
73856.586,1
328834.9,1
54921.883,1
49567.305,1
44710.24,1
225851.53,1
37180.973,1
34145.047,1
30627.604,1
28250.604,1
148101.05,1
23365.19,1
21116.838,1
87649.22,1
19529.627,1
96800.89,1
16215.29,1
14792.406,1
63611.152,1
12635.333,1
11395.925,1
10673.096,1
40800.16,1
9175.758,1
8543.114,1
7989.1655,1
22647.473,1
8266.998,1
7757.8623,1
30759.84,1
31938.158,1
15219.871,1
15162.521,1
21045.879,1
9242.424,1
8833.872,1
6477.1816,1
15048.124,1
6692.2314,1
6445.47,1
4891.6685,1
11297.662,1
5574.532,1
5408.759,1
4332.488,1
8722.522,1
4873.7007,1
4741.658,1
6605.946,1
3917.0112,1
4511.1455,1
6690.252,1
4224.9653,1
3602.1426,1
5571.7686,1
3930.9446,1
3837.4485,1
3371.0596,1
4692.4697,1
3637.1152,1
3554.8816,1
3198.3525,1
3488.4736,1
4108.366,1
3427.3462,1
3353.324,1
3071.1548,1
692078.75,1
4.984249e+07,1
2.7872495e+06,1
1.5534668e+06,1
4.3742685e+06,1
766945.9,1
2.7983265e+06,1
475691.38,1
396010.12,1
1.4122872e+06,1
276498.75,1
240653.52,1
4.8026045e+06,1
5.9075104e+07,1
5.0281645e+06,1
7.652301e+06,1
2.119745e+06,1
1.5953728e+06,1
1.2478892e+06,1
2913.8855,1
2.0296884e+06,1
358960.12,1
317477.84,1
296496.0,1
1.2610342e+06,1
232972.77,1
212126.62,1
198651.75,1
5.4433285e+06,1
5.6548468e+07,1
3.0094715e+06,1
3.7604342e+06,1
645748.75,1
536909.8,1
485191.1,1
2821.0386,1
1.8276402e+06,1
353309.44,1
320276.2,1
299387.75,1
266017.12,1
1.2963816e+06,1
214863.25,1
200072.86,1
5.0801735e+06,1
5.6175772e+07,1
5.768204e+06,1
7.588096e+06,1
1.9378865e+06,1
1.4177716e+06,1
3.0502688e+06,1
615469.56,1
524661.6,1
2.2473888e+06,1
418330.56,1
379014.7,1
1.5532495e+06,1
310284.75,1
285515.03,1
267980.06,1
2794.168,1
237374.95,1
216588.64,1
202727.05,1
1.0708494e+06,1
165458.5,1
150653.75,1
140478.83,1
765056.0,1
113636.91,1
102833.67,1
95660.79,1
2791.0586,1
530613.2,1
76618.02,1
69016.65,1
64219.906,1
356703.03,1
51132.484,1
45935.906,1
42836.78,1
2.7801672e+06,1
3.6159628e+07,1
4.7313185e+06,1
4.2383805e+06,1
817470.6,1
585223.6,1
2789.1123,1
1.5371898e+06,1
258445.36,1
229877.55,1
214590.27,1
1.0928236e+06,1
180595.14,1
166825.28,1
879310.56,1
145881.56,1
134253.38,1
643243.44,1
109021.93,1
100678.93,1
94506.81,1
484261.34,1
78390.97,1
71985.53,1
67230.35,1
2795.3005,1
352778.6,1
55753.11,1
50914.957,1
47518.55,1
248623.83,1
39146.953,1
35608.695,1
33224.95,1
169980.11,1
27310.393,1
24799.346,1
23181.107,1
113272.87,1
19140.918,1
17396.033,1
2787.0076,1
16345.345,1
74091.53,1
13641.123,1
12926.763,1
48749.05,1
10721.302,1
12398.462,1
9294.634,1
571731.1,1
36401.906,1
8144.8936,1
11826.165,1
35678.617,1
15212.569,1
20535.361,1
7950.225,1
23716.188,1
9427.284,1
13478.256,1
2791.7305,1
16863.424,1
6727.4727,1
8827.152,1
5144.638,1
12609.941,1
5636.9814,1
6968.032,1
4516.1196,1
11508.106,1
8677.073,1
10854.77,1
4876.271,1
5889.2344,1
5030.5645,1
6128.6636,1
10054.336,1
6548.808,1
4992.184,1
2794.1716,1
7765.845,1
4757.5,1
5224.9263,1
4520.066,1
6345.1577,1
4339.523,1
4632.3853,1
4134.4614,1
5348.074,1
4009.995,1
4167.802,1
3829.4229,1
2788.1252,1
4620.1377,1
3737.1855,1
3807.3452,1
3556.2158,1
4489.6543,1
3406.3352,1
3402.39,1
11126.427,1
11606.571,1
12023.961,1
7081.2046,1
6557.3984,1
6121.5146,1
4334.4062,1
5052.574,1
4548.6206,1
4627.98,1
3290.981,1
4346.4976,1
4030.0293,1
4100.2373,1
3149.3044,1
2793.561,1
4014.6978,1
3776.1582,1
3808.4746,1
3042.626,1
3745.173,1
3559.0198,1
3561.9739,1
2959.7063,1
3467.1975,1
3446.0576,1
3364.6467,1
2895.5103,1
2787.8848,1
3370.329,1
3245.1765,1
3215.2852,1
2846.6096,1
3253.7783,1
3157.775,1
3094.4521,1
2803.1394,1
3275.6794,1
3001.6477,1
2917.2212,1
10228.333,1
11307.813,1
11556.4795,1
6427.104,1
6085.726,1
5925.208,1
3874.9573,1
2793.866,1
4528.442,1
4331.2783,1
4268.3057,1
2910.7786,1
3935.0872,1
3835.7153,1
3804.573,1
2857.8179,1
3697.5652,1
3619.5227,1
2951.3826,1
2791.6602,1
3546.0068,1
3458.2542,1
7305.654,1
2832.6294,1
3379.4766,1
5487.822,1
3249.216,1
2789.7227,1
3260.686,1
4383.5234,1
3130.4666,1
2775.3472,1
3174.5535,1
3093.1108,1
3729.128,1
2790.2424,1
2758.614,1
3174.9023,1
3571.0393,1
2864.3562,1
10160.087,1
12355.064,1
11508.473,1
6377.101,1
7157.3237,1
5873.1216,1
3801.9307,1
4487.9546,1
5082.843,1
4231.242,1
2885.2063,1
3900.8796,1
4348.853,1
3774.031,1
2832.7935,1
2793.9192,1
3670.755,1
3942.125,1
3549.9607,1
2805.0977,1
3484.9236,1
3627.4597,1
3362.7,1
2783.335,1
3338.2244,1
3394.8147,1
3214.5723,1
2765.5918,1
2791.6826,1
3228.9282,1
3231.101,1
3104.488,1
2729.2136,1
10317.466,1
3438.5066,1
3224.057,1
3148.5193,1
3305.2998,1
3168.5447,1
2993.403,1
2843.189,1
10181.117,1
11399.44,1
11504.077,1
6392.274,1
6191.247,1
5904.397,1
4119.9106,1
4513.5537,1
4416.638,1
4260.2695,1
3121.4836,1
2790.1067,1
3923.601,1
3896.723,1
3799.1516,1
2993.6926,1
3692.12,1
3651.8843,1
3571.9756,1
2923.774,1
3502.1372,1
3448.5076,1
3380.5764,1
2852.2217,1
2790.4854,1
3353.9224,1
3289.666,1
3229.5945,1
2818.4382,1
3240.821,1
3170.942,1
3116.3608,1
2778.454,1
3161.677,1
3087.2573,1
3035.9246,1
2763.288,1
3124.815,1
2920.068,1
2820.5679,1
10114.188,1
11241.453,1
11476.542,1
6366.4136,1
6072.2925,1
5873.321,1
3802.2136,1
4479.076,1
4316.0703,1
4225.975,1
2893.5889,1
3893.8352,1
3819.733,1
3769.402,1
2837.8584,1
72514.09,1
3665.389,1
3594.1855,1
3546.5056,1
2807.7563,1
3480.8413,1
3407.0867,1
3359.9722,1
2784.6836,1
3335.201,1
3259.3772,1
3212.6948,1
2765.9822,1
3226.7495,1
3148.4407,1
3104.0789,1
84776.74,1
2744.0,1
3150.5679,1
3071.8647,1
3025.424,1
2740.288,1
3121.158,1
2913.9888,1
2820.153,1
10105.798,1
11230.776,1
11454.589,1
6361.182,1
6050.95,1
5862.5366,1
3784.581,1
4473.57,1
4303.027,1
4221.9126,1
2875.0693,1
22022.488,1
3890.6787,1
3810.4304,1
3765.6365,1
2815.2866,1
3663.8894,1
3587.8164,1
3543.6733,1
2799.0718,1
3478.4106,1
3402.228,1
3357.9233,1
2763.2493,1
470675.66,1
4.9350184e+07,1
6496.9897,1
4.867923e+06,1
4.675681e+06,1
986556.8,1
662592.06,1
1.1764225e+06,1
173688.28,1
153006.77,1
143241.78,1
686294.6,1
108884.03,1
97149.43,1
90592.445,1
513159.78,1
77662.57,1
72014.72,1
410883.2,1
67921.336,1
63116.13,1
288798.53,1
49314.094,1
45678.234,1
3469.686,1
41807.094,1
212969.73,1
35565.387,1
32806.65,1
2.7583755e+06,1
4.9735468e+07,1
2.7475734e+07,1
2.241862e+06,1
2.6374918e+06,1
350872.2,1
278821.62,1
248098.95,1
1.0466934e+06,1
170432.95,1
154822.14,1
145152.17,1
2915.2063,1
735118.9,1
116453.84,1
105328.75,1
98340.71,1
516517.66,1
78419.08,1
70602.914,1
65923.89,1
351170.97,1
52266.22,1
46927.55,1
43925.1,1
2809.593,1
232435.17,1
34804.062,1
31231.613,1
29366.86,1
27925.447,1
26044.242,1
167501.66,1
29640.77,1
29000.846,1
137962.27,1
94400.234,1
19703.305,1
18450.367,1
15917.895,1
68276.484,1
14335.21,1
13414.325,1
11766.629,1
2794.8027,1
48567.203,1
11042.415,1
10347.934,1
9220.873,1
9366.806,1
33437.566,1
8189.4946,1
7345.742,1
23675.082,1
7012.908,1
6609.526,1
5990.343,1
2790.8206,1
16467.926,1
5785.476,1
5480.611,1
5027.535,1
11635.628,1
4920.9233,1
4688.8706,1
4339.839,1
8479.376,1
4320.0034,1
4140.395,1
3878.8118,1
7831.2124,1
4022.3408,1
3895.895,1
11101.109,1
14807.388,1
12302.65,1
8900.025,1
6775.969,1
6536.851,1
4453.8955,1
2792.6787,1
6341.939,1
4868.701,1
4743.7153,1
3404.0718,1
5230.368,1
4247.254,1
4166.7627,1
3222.1372,1
2574.4473,1
7991.6123,1
6647.482,1
5823.6934,1
4034.7612,1
1.3044482e+06,1
8.32786e+07,1
2795.029,1
4168.2676,1
3678.416,1
3609.0762,1
3202.533,1
3778.9517,1
3452.306,1
3396.466,1
3085.5508,1
3533.4995,1
3300.197,1
3246.3877,1
2981.051,1
2791.6687,1
3365.1833,1
3189.4177,1
3136.6648,1
2911.9783,1
3212.7068,1
3175.6123,1
2897.8948,1
10320.865,1
11315.038,1
11535.28,1
6524.5146,1
6123.2964,1
5934.201,1
3904.497,1
4534.2563,1
4427.3496,1
4276.874,1
2971.3328,1
3985.9592,1
3856.7363,1
3810.6682,1
2897.8347,1
2789.4453,1
3733.765,1
3624.8372,1
3579.5867,1
2853.121,1
3530.9058,1
3432.0222,1
3386.1206,1
2818.1445,1
3371.5913,1
3279.3416,1
3233.0244,1
2790.8196,1
2791.6128,1
3253.0652,1
3165.2817,1
3118.7847,1
2769.9321,1
3168.769,1
3083.903,1
3037.3723,1
2753.9062,1
3146.139,1
2919.6138,1
2826.196,1
10135.638,1
11248.511,1
11470.381,1
6378.968,1
6063.3926,1
5876.2734,1
3792.54,1
2787.1194,1
4488.6416,1
4309.899,1
4227.6055,1
2884.455,1
3900.5298,1
3815.126,1
3770.6233,1
2823.5188,1
3670.859,1
3591.3997,1
3547.503,1
2794.499,1
2794.4473,1
3485.087,1
3405.5715,1
3360.92,1
2782.5176,1
3337.3547,1
3258.2534,1
3213.0835,1
2764.7502,1
565937.8,1
2455.0173,1
3673.8223,1
3473.5073,1
3342.568,1
2873.3564,1
9.857646e+16,1
9.857646e+16,1
9.857646e+16,1
9.857646e+16,1
9.857646e+16,1
3.6027218e+33,1
3.6027218e+33,1
3.6027218e+33,1
2.2627913e+33,1
2.2627913e+33,1
2.2627913e+33,1
1.4473913e+33,1
1.4473913e+33,1
1.4473913e+33,1
3.5919044e+33,1
8.7605225e+32,1
8.7605225e+32,1
8.7605225e+32,1
1.8047122e+33,1
5.900522e+32,1
5.900522e+32,1
1.086159e+33,1
3.8715863e+32,1
3.8715863e+32,1
5.2624796e+32,1
6.339328e+32,1
1.9372535e+33,1
2.4835663e+32,1
2.4835663e+32,1
3.1722616e+32,1
3.6543483e+32,1
1.538174e+32,1
1.538174e+32,1
1.8790433e+32,1
2.0891302e+32,1
9.405218e+31,1
9.405218e+31,1
1.0907825e+32,1
1.1903479e+32,1
4.3242607e+32,1
5.6770784e+31,1
5.6770784e+31,1
6.3567394e+31,1
6.764556e+31,1
3.3750346e+31,1
3.3750346e+31,1
3.6739132e+31,1
3.857009e+31,1
2.0878263e+31,1
2.0878263e+31,1
2.2352088e+31,1
1.4192696e+31,1
1.4192696e+31,1
1.5048348e+31,1
1.0230347e+31,1
1.0230347e+31,1
1.0713131e+31,1
2.3152694e+31,1
1.541226e+31,1
7.162522e+30,1
7.162522e+30,1
7.414261e+30,1
8.047339e+31,1
9.993131e+30,1
4.8021737e+30,1
4.8021737e+30,1
4.9670437e+30,1
6.339131e+30,1
3.13913e+30,1
3.13913e+30,1
3.2390435e+30,1
3.9081737e+30,1
2.6630436e+30,1
2.0090434e+30,1
2.0090434e+30,1
2.0622609e+30,1
1.7533914e+30,1
1.4475129e+31,1
1.2521739e+30,1
1.2521739e+30,1
1.2731304e+30,1
1.13008686e+30,1
7.645744e+29,1
7.6458264e+29,1
7.7451344e+29,1
6.996366e+29,1
4.6039873e+29,1
4.6040247e+29,1
4.650305e+29,1
4.296223e+29,1
2.5725216e+30,1
2.8846183e+29,1
2.884608e+29,1
2.9075212e+29,1
1.9752543e+29,1
1.9752543e+29,1
1.9882228e+29,1
1.4278896e+29,1
1.4278825e+29,1
1.4358502e+29,1
2.7294502e+29,1
1.0014721e+29,1
1.001466e+29,1
1.0061282e+29,1
1.6968424e+29,1
6.7831047e+28,1
6.7831047e+28,1
6.8090674e+28,1
1.0353121e+29,1
4.5493307e+29,1
4.4526386e+28,1
4.4526386e+28,1
4.4664633e+28,1
6.2274007e+28,1
2.844503e+28,1
2.844535e+28,1
2.8515533e+28,1
3.7005196e+28,1
1.775812e+28,1
1.775837e+28,1
1.7792932e+28,1
2.1797497e+28,1
8.06851e+28,1
1.0877073e+28,1
1.0877073e+28,1
1.0893806e+28,1
1.274667e+28,1
6.560559e+27,1
6.560559e+27,1
6.5683555e+27,1
7.412541e+27,1
4.1155563e+27,1
4.1155442e+27,1
4.119434e+27,1
2.820432e+27,1
2.8204508e+27,1
2.8226408e+27,1
2.0400232e+27,1
2.0400316e+27,1
2.041388e+27,1
4.5307573e+27,1
1.4315777e+27,1
1.431585e+27,1
1.432375e+27,1
2.7281155e+27,1
1.4287053e+28,1
9.7014526e+26,1
9.701509e+26,1
9.705866e+26,1
1.623103e+27,1
6.371619e+26,1
6.371619e+26,1
6.373785e+26,1
9.566402e+26,1
4.0722715e+26,1
4.0723095e+26,1
4.0734384e+26,1
5.5970628e+26,1
2.511509e+27,1
2.5433201e+26,1
2.5438851e+26,1
2.5433201e+26,1
3.2560835e+26,1
1.5583632e+26,1
1.5583398e+26,1
1.5586193e+26,1
1.8847232e+26,1
9.401781e+25,1
9.402866e+25,1
9.4016e+25,1
1.0881546e+26,1
4.4444578e+26,1
5.8982943e+25,1
5.8982076e+25,1
5.898824e+25,1
4.0423393e+25,1
4.0423033e+25,1
4.0426473e+25,1
2.923906e+25,1
2.9239263e+25,1
2.9241181e+25,1
6.6137637e+25,1
2.0519095e+25,1
2.0518924e+25,1
2.0520193e+25,1
3.966125e+25,1
1.3905183e+25,1
1.3905183e+25,1
1.390581e+25,1
2.3507256e+25,1
9.132236e+24,1
9.1321794e+24,1
9.1325184e+24,1
7.872975e+25,1
1.3820743e+25,1
5.8363746e+24,1
5.836329e+24,1
5.8365095e+24,1
7.9965177e+24,1
5.2038115e+24,1
3.6492153e+24,1
3.6450484e+24,1
3.6450484e+24,1
3.64512e+24,1
2.4931855e+24,1
2.2334668e+24,1
2.2334391e+24,1
2.2334949e+24,1
1.6492869e+24,1
1.3881895e+25,1
1.3474797e+24,1
1.3474797e+24,1
1.3475012e+24,1
1.0606466e+24,1
8.4535015e+23,1
8.453467e+23,1
8.453604e+23,1
5.793487e+23,1
5.7935156e+23,1
5.793572e+23,1
4.190541e+23,1
4.1905652e+23,1
4.1906023e+23,1
6.974262e+23,1
2.9406911e+23,1
2.9406605e+23,1
2.940681e+23,1
4.464094e+23,1
2.4544653e+24,1
1.9928324e+23,1
1.9928243e+23,1
1.9928324e+23,1
2.791525e+23,1
1.308842e+23,1
1.308842e+23,1
1.308842e+23,1
1.7122574e+23,1
8.364718e+22,1
8.364718e+22,1
8.364718e+22,1
1.0339083e+23,1
4.3528602e+23,1
5.2242526e+22,1
5.2242526e+22,1
5.2242526e+22,1
6.165146e+22,1
3.2011593e+22,1
3.2011593e+22,1
3.2011593e+22,1
3.6400655e+22,1
1.931325e+22,1
1.931325e+22,1
1.9312732e+22,1
2.1325107e+22,1
1.2115627e+22,1
1.2115627e+22,1
1.2115214e+22,1
8.30297e+21,1
8.3030215e+21,1
8.3028526e+21,1
6.005586e+21,1
6.0056013e+21,1
6.0054854e+21,1
1.3091984e+22,1
7.693919e+22,1
4.2142622e+21,1
4.214274e+21,1
4.214202e+21,1
7.915678e+21,1
2.8558817e+21,1
2.8558916e+21,1
2.855852e+21,1
4.7250934e+21,1
1.8755946e+21,1
1.8756025e+21,1
1.8755863e+21,1
2.7919883e+21,1
1.3616975e+22,1
1.2632437e+21,1
9.075064e+20,1
1.7383948e+21,1
6.578621e+20,1
1.1986983e+21,1
1.1986854e+21,1
1.1278394e+21,1
4.5944415e+20,1
7.48619e+20,1
7.48614e+20,1
7.133353e+20,1
3.099965e+20,1
4.586969e+20,1
4.5869292e+20,1
4.4165465e+20,1
2.1735037e+20,1
1.6059835e+20,1
2.9061385e+20,1
2.3998996e+21,1
1.1730139e+20,1
2.7673719e+20,1
2.767341e+20,1
1.9247213e+20,1
8.5557275e+19,1
1.7361962e+20,1
1.7361718e+20,1
6.514989e+19,1
1.1899002e+20,1
1.1899002e+20,1
5.101484e+19,1
8.606992e+19,1
8.606936e+19,1
1.2950461e+20,1
4.076815e+19,1
3.328928e+19,1
2.6515042e+19,1
6.040001e+19,1
6.0399675e+19,1
8.4548855e+19,1
2.1367243e+19,1
1.7575882e+19,1
5.8317864e+19,1
4.2341394e+20,1
1.4116014e+19,1
4.093239e+19,1
4.0932104e+19,1
3.9766297e+19,1
1.1063414e+19,1
8.89851e+18,1
2.6804018e+19,1
7.234378e+18,1
2.6883935e+19,1
2.688378e+19,1
1.895097e+19,1
5.664251e+18,1
1.7182111e+19,1
1.7182032e+19,1
1.2930867e+19,1
4.493859e+18,1
3.6500067e+18,1
9.195702e+18,1
2.897817e+18,1
1.0731186e+19,1
1.0731146e+19,1
7.4821335e+19,1
2.304419e+18,1
1.8749506e+18,1
6.2167267e+18,1
1.5054604e+18,1
6.575549e+18,1
6.5754864e+18,1
4.2356945e+18,1
1.1991644e+18,1
9.7711454e+17,1
2.931421e+18,1
7.9190305e+17,1
3.9671256e+18,1
3.967096e+18,1
2.0625876e+18,1
6.3438756e+17,1
2.4890238e+18,1
2.4890024e+18,1
5.1958817e+17,1
1.7059184e+18,1
1.7059064e+18,1
4.3175647e+17,1
1.2339823e+18,1
1.2339723e+18,1
1.4485526e+18,1
1.3252678e+19,1
3.4754054e+17,1
8.659579e+17,1
8.6595206e+17,1
9.8922484e+17,1
2.6928826e+17,1
5.86854e+17,1
5.868508e+17,1
6.5439166e+17,1
2.0066077e+17,1
3.8544614e+17,1
3.8544442e+17,1
4.2067232e+17,1
2.3442443e+18,1
1.4386844e+17,1
2.4634948e+17,1
2.463474e+17,1
2.6411163e+17,1
9.9442615e+16,1
1.5384884e+17,1
1.5384666e+17,1
1.624566e+17,1
6.6473784e+16,1
9.427045e+16,1
9.426941e+16,1
9.836512e+16,1
4.1481474e+17,1
4.313763e+16,1
5.6876512e+16,1
5.6876027e+16,1
5.8783607e+16,1
2.8577478e+16,1
3.5683282e+16,1
3.5682951e+16,1
2.031412e+16,1
2.4455827e+16,1
2.4455638e+16,1
1.50911e+16,1
1.7689698e+16,1
1.7689578e+16,1
3.6613767e+16,1
1.0857367e+16,1
1.2413429e+16,1
1.2413298e+16,1
2.2391666e+16,1
7.5291083e+15,1
8.4121573e+15,1
8.412084e+15,1
1.3488614e+16,1
7.339219e+16,1
5.047637e+15,1
5.5248065e+15,1
5.5248446e+15,1
8.0282635e+15,1
3.2838708e+15,1
3.5309493e+15,1
3.530929e+15,1
4.732949e+15,1
2.081812e+15,1
2.2051189e+15,1
2.205109e+15,1
2.7651582e+15,1
1.3002726e+16,1
1.2914318e+15,1
1.3511238e+15,1
1.3511191e+15,1
1.6094497e+15,1
7.869548e+14,1
8.151386e+14,1
8.1513507e+14,1
9.3101154e+14,1
4.9727386e+14,1
5.1135498e+14,1
5.113521e+14,1
3.42423e+14,1
3.5044004e+14,1
3.5043846e+14,1
2.4852998e+14,1
2.534749e+14,1
2.534739e+14,1
5.677194e+14,1
2.291814e+15,1
1.7496108e+14,1
1.7787525e+14,1
1.7787464e+14,1
3.404341e+14,1
1.1891366e+14,1
1.2054269e+14,1
1.2054089e+14,1
2.0235046e+14,1
7.830003e+13,1
7.916895e+13,1
7.916798e+13,1
1.1911207e+14,1
5.0153516e+13,1
5.0598343e+13,1
5.059785e+13,1
4.0397305e+14,1
6.9651455e+13,1
3.1381206e+13,1
3.1601149e+13,1
3.1600906e+13,1
4.0457036e+13,1
1.9756667e+13,1
1.3555029e+13,1
2.410425e+13,1
9.706369e+12,1
1.9363516e+13,1
1.9363399e+13,1
1.5600195e+13,1
6.701291e+12,1
1.1682338e+13,1
1.1682284e+13,1
7.146501e+13,1
9.85781e+12,1
7.3293087e+12,1
4.662858e+12,1
7.3292626e+12,1
3.4306206e+12,1
5.02326e+12,1
5.0232337e+12,1
2.6154786e+12,1
3.6333974e+12,1
3.6333816e+12,1
6.396377e+12,1
1.9292329e+12,1
2.5498576e+12,1
2.5498482e+12,1
4.046577e+12,1
1.3697854e+12,1
1.7280793e+12,1
1.728074e+12,1
2.5069803e+12,1
1.2660188e+13,1
1.1349865e+12,1
9.38278e+11,1
1.1349835e+12,1
1.5260048e+12,1
9.857692e+16,1
9.420248e+11,1
6.221383e+11,1
7.2541517e+11,1
7.254137e+11,1
6.239784e+11,1
4.0089738e+11,1
4.5306724e+11,1
4.5306656e+11,1
4.018554e+11,1
2.2426553e+12,1
2.5209841e+11,1
2.776051e+11,1
2.775977e+11,1
2.5258562e+11,1
1.7640433e+11,1
1.632978e+11,1
1.7640058e+11,1
1.6349454e+11,1
1.0962459e+11,1
1.16756365e+11,1
1.1675434e+11,1
1.0973682e+11,1
7.458038e+10,1
7.85482e+10,1
7.85471e+10,1
5.4006473e+10,1
5.643732e+10,1
5.643665e+10,1
4.0680358e+10,1
4.2262532e+10,1
4.226209e+10,1
7.459086e+10,1
2.9657573e+10,1
3.0638262e+10,1
3.0637992e+10,1
4.9158062e+10,1
3.9552306e+11,1
2.0823028e+10,1
2.1397645e+10,1
2.1397488e+10,1
3.1508177e+10,1
1.5025932e+10,1
1.1385044e+10,1
2.1211802e+10,1
8.454784e+09,1
1.4438075e+10,1
1.4437842e+10,1
1.4332245e+10,1
6.063258e+09,1
9.446175e+09,1
9.446101e+09,1
9.389326e+09,1
7.000824e+10,1
4.1927557e+09,1
6.0175724e+09,1
6.0175094e+09,1
5.9884524e+09,1
2.8036244e+09,1
3.7477914e+09,1
3.7477576e+09,1
3.733287e+09,1
1.8198956e+09,1
2.291195e+09,1
2.291178e+09,1
2.2842427e+09,1
1.2355197e+10,1
1.2059638e+09,1
1.4515579e+09,1
1.4515492e+09,1
8.580538e+08,1
1.0021078e+09,1
1.0021016e+09,1
6.3777594e+08,1
7.285683e+08,1
7.285639e+08,1
1.4480357e+09,1
4.5903174e+08,1
5.1355146e+08,1
5.1354864e+08,1
8.9818086e+08,1
3.1847325e+08,1
3.4947955e+08,1
3.4947786e+08,1
5.4727296e+08,1
2.1811446e+09,1
2.1360397e+08,1
2.303838e+08,1
2.3038269e+08,1
3.2870237e+08,1
1.3902458e+08,1
1.4771467e+08,1
1.4771392e+08,1
1.9518294e+08,1
8.816679e+07,1
9.249955e+07,1
9.249909e+07,1
1.1485801e+08,1
5.4708804e+07,1
5.680096e+07,1
5.6800628e+07,1
3.8603446e+08,1
6.711751e+07,1
3.3346966e+07,1
3.433046e+07,1
3.433023e+07,1
3.9009136e+07,1
2.109922e+07,1
2.1589662e+07,1
2.1589516e+07,1
1.4933709e+07,1
1.4651977e+07,1
1.4934867e+07,1
1.0679542e+07,1
1.0855054e+07,1
1.0854792e+07,1
2.385966e+07,1
7.530127e+06,1
7.6329865e+06,1
7.6327615e+06,1
1.4363533e+07,1
6.8236424e+07,1
5.1307515e+06,1
5.1877545e+06,1
5.1876005e+06,1
8.545475e+06,1
3.3865178e+06,1
3.416463e+06,1
3.4163492e+06,1
5.0369145e+06,1
2.9471108e+06,1
1.987476e+06,1
1.2053768e+07,1
2.0373591e+06,1
2.0495934e+06,1
2.0494675e+06,1
1.2702534e+06,1
1.1560772e+06,1
1.1610544e+06,1
1.1609732e+06,1
794997.0,1
657824.44,1
659752.5,1
659667.6,1
488327.72,1
403874.6,1
404455.25,1
404339.28,1
297919.47,1
299529.84,1
299746.72,1
218957.67,1
218952.44,1
218757.73,1
314455.75,1
2.133859e+06,1
152103.05,1
152078.02,1
151990.1,1
196274.66,1
103494.54,1
103473.03,1
103423.03,1
121054.36,1
9.857707e+16,1
87909.27,1
9.857707e+16,1
68959.84,1
68837.016,1
68764.44,1
380414.5,1
44844.754,1
44809.766,1
44777.246,1
66756.19,1
29110.525,1
29033.553,1
28991.504,1
39723.527,1
18979.148,1
18896.234,1
18852.31,1
24060.064,1
69363.72,1
12630.787,1
12548.256,1
12503.801,1
15002.738,1
9481.712,1
9252.958,1
9159.738,1
16308.994,1
17423.459,1
17648.195,1
11609.409,1
11291.374,1
11103.645,1
12013.886,1
8316.504,1
8137.1387,1
8055.0474,1
7829.457,1
14545.794,1
6657.466,1
6571.242,1
6528.3193,1
5771.7114,1
5573.118,1
5494.174,1
5450.8467,1
4534.896,1
4750.4185,1
4671.705,1
4627.523,1
3793.7434,1
4868.5493,1
4153.6455,1
4074.675,1
4029.8333,1
3352.2742,1
3740.7134,1
3661.5793,1
3616.3154,1
3090.5808,1
3465.6934,1
3386.4092,1
3340.886,1
2935.7263,1
3364.1047,1
3153.8452,1
3061.19,1
10495.129,1
11620.294,1
11844.345,1
6729.413,1
6421.3105,1
6234.289,1
3923.9062,1
3157.8303,1
4754.1265,1
4580.739,1
4499.063,1
2998.8687,1
4098.913,1
4017.849,1
3973.803,1
2900.4233,1
6234.7314,1
4004.177,1
3856.0056,1
3789.7852,1
3441.7788,1
2857.5151,1
3646.9216,1
3566.3884,1
3520.4648,1
3180.0317,1
3450.2976,1
3372.1157,1
3326.2856,1
3034.0059,1
3308.162,1
3229.226,1
3182.9326,1
2930.936,1
2797.1904,1
3206.9475,1
3127.5364,1
3081.0405,1
2857.551,1
3162.5403,1
2949.402,1
2851.878,1
10156.231,1
11283.267,1
11507.7705,1
6414.692,1
6108.677,1
5921.971,1
3877.2966,1
4518.7075,1
4346.449,1
4265.3555,1
2946.987,1
3924.7263,1
3844.2883,1
3800.3828,1
2875.5784,1
2793.2073,1
3688.2593,1
3612.81,1
3569.281,1
2832.2085,1
3497.3647,1
3420.8215,1
3376.38,1
2800.2878,1
3346.968,1
3269.4214,1
3224.722,1
2766.3477,1
2793.4185,1
3236.1628,1
3156.9617,1
3111.004,1
2758.1904,1
3155.4197,1
3076.491,1
3030.6904,1
2735.4233,1
3120.9192,1
2913.0232,1
2820.0242,1
10115.528,1
11242.6455,1
11466.76,1
6368.345,1
6062.073,1
5874.849,1
3830.0334,1
2796.6616,1
4478.9214,1
4307.8364,1
2990.2034,1
3929.936,1
7844.8086,1
3794.8875,1
2862.5,1
6042.639,1
3610.888,1
3565.7527,1
2810.0344,1
2790.4246,1
3499.48,1
4780.6235,1
3374.4678,1
2795.338,1
4140.032,1
3269.7998,1
3223.5457,1
2764.5159,1
3694.3103,1
3157.9812,1
3111.3516,1
2789.7822,1
3254.25,1
2955.015,1
2922.5098,1
5551.9385,1
3338.9497,1
2886.1606,1
2797.9639,1
10567.781,1
11199.666,1
11412.791,1
6815.2007,1
5996.8813,1
5807.561,1
5093.7363,1
4789.014,1
4259.114,1
4179.7085,1
3273.6082,1
4109.1216,1
3776.4114,1
3732.4224,1
3048.4382,1
2788.1438,1
3800.4297,1
3558.7192,1
3515.5347,1
2901.133,1
11173.573,1
7849.6616,1
4019.5862,1
3672.8628,1
3566.781,1
4568.2515,1
3523.0684,1
3371.6467,1
3323.0417,1
3895.2346,1
2789.8792,1
3355.2341,1
3237.171,1
3190.1343,1
3536.282,1
3244.3801,1
3141.6033,1
3094.2432,1
3264.0447,1
3182.0964,1
2939.9636,1
2837.2937,1
10206.056,1
11280.085,1
11494.506,1
6448.3057,1
6089.9453,1
5905.1475,1
4206.207,1
4541.948,1
4332.963,1
4251.8765,1
2800.7373,1
3125.1643,1
3958.8267,1
3850.7522,1
3806.8127,1
3018.385,1
3709.0872,1
3615.1353,1
3571.5505,1
2926.5417,1
3510.8086,1
3422.3867,1
3377.7888,1
2861.4033,1
2789.094,1
3355.7554,1
3270.6897,1
3225.389,1
2807.0227,1
3241.928,1
3158.4744,1
3112.617,1
2783.144,1
3159.85,1
3078.1611,1
3032.2092,1
2752.2522,1
2789.4624,1
3126.0906,1
2914.8215,1
2821.0305,1
10114.567,1
11247.424,1
11465.786,1
6375.8413,1
6063.4697,1
5876.4683,1
3848.6401,1
4484.9414,1
4308.499,1
4227.844,1
2886.876,1
471928.97,1
5.475474e+07,1
3.036099e+06,1
2.5837008e+06,1
379827.25,1
267352.97,1
219352.88,1
2797.0642,1
803447.25,1
116616.29,1
105491.78,1
99017.25,1
525652.25,1
79156.664,1
71619.45,1
66861.69,1
362976.38,1
53600.168,1
48323.887,1
45164.746,1
2791.7654,1
243521.4,1
36117.734,1
32512.562,1
30499.973,1
159361.88,1
24470.486,1
22048.46,1
20800.87,1
117415.7,1
18761.729,1
17654.09,1
98219.516,1
23486.678,1
22660.3,1
65631.6,1
15494.674,1
14578.353,1
12251.975,1
47292.293,1
11292.542,1
10632.083,1
9104.738,1
2791.877,1
9.371709e+12,1
33265.68,1
8364.7,1
7940.75,1
7499.5044,1
23705.295,1
6909.2773,1
6568.317,1
5782.718,1
16819.121,1
5802.538,1
5530.236,1
4944.1255,1
2790.9805,1
5012.9355,1
4780.1597,1
4226.3384,1
13024.01,1
6953.314,1
6688.1157,1
5021.229,1
9152.606,1
5003.9,1
4823.1436,1
4258.6475,1
6893.0947,1
4402.773,1
4273.467,1
3820.263,1
6984.932,1
2788.141,1
6415.341,1
3882.4382,1
3749.0176,1
12660.959,1
12016.2295,1
12235.74,1
8278.188,1
6722.9043,1
6515.583,1
4897.1006,1
5927.6626,1
4879.156,1
4768.4004,1
3725.9585,1
4949.6914,1
4301.1235,1
4234.054,1
3497.3496,1
4430.454,1
3999.4036,1
3935.6897,1
2790.5823,1
3314.7107,1
4028.7834,1
3736.7327,1
3675.0142,1
3157.283,1
3725.5432,1
3519.249,1
3459.629,1
3045.6096,1
3502.8142,1
3348.8022,1
3291.6277,1
2955.6348,1
2788.9048,1
3345.489,1
3221.6707,1
3166.6404,1
2888.812,1
3361.719,1
3035.3386,1
2935.3276,1
10295.554,1
11331.427,1
11549.527,1
6509.9185,1
6128.7363,1
5938.2876,1
3867.4004,1
4590.9136,1
4368.97,1
4284.439,1
2956.519,1
682653.3,1
4.8557492e+07,1
2.5702155e+06,1
2796.7432,1
2.467e+06,1
319256.1,1
231146.3,1
194836.28,1
4.6706055e+06,1
4.886012e+07,1
6.3277715e+06,1
8.782138e+06,1
2.5996668e+06,1
1.928153e+06,1
1.4883824e+06,1
2.2851668e+06,1
384387.38,1
336201.44,1
312119.38,1
2793.2444,1
267725.75,1
1.3555205e+06,1
217928.95,1
203432.25,1
5.276917e+06,1
5.706022e+07,1
3.507726e+06,1
4.1327385e+06,1
729510.3,1
592709.6,1
527327.0,1
1.9587155e+06,1
369684.97,1
333927.1,1
311479.8,1
1.520892e+06,1
266140.3,1
247020.77,1
1.2481809e+06,1
214825.06,1
198415.38,1
950728.4,1
164790.38,1
152835.08,1
143255.94,1
2789.0767,1
733354.94,1
120580.33,1
111096.2,1
103879.09,1
4.317219e+06,1
6.0554956e+07,1
5.7978065e+06,1
7.54272e+06,1
2.1029205e+06,1
1.5283345e+06,1
2.0031011e+06,1
341721.72,1
301411.1,1
281181.56,1
2791.1755,1
1.2299331e+06,1
218905.6,1
198146.14,1
184923.25,1
886093.3,1
147160.1,1
132465.34,1
123342.37,1
109333.14,1
608713.5,1
87195.555,1
81226.67,1
2790.9878,1
421371.34,1
63706.754,1
56951.582,1
53191.18,1
312143.97,1
46242.984,1
43048.07,1
250730.86,1
44261.965,1
41587.273,1
2.725087e+06,1
4.8183056e+07,1
6.454104e+06,1
1.4011729e+06,1
1.1048894e+06,1
880924.4,1
1.6879832e+06,1
263928.0,1
223622.16,1
204579.9,1
2789.95,1
909152.5,1
151531.5,1
138167.2,1
129402.25,1
4.6386675e+06,1
5.1006188e+07,1
3.5708828e+06,1
1.058228e+06,1
3.4510862e+06,1
523798.6,1
455384.25,1
6.5492465e+06,1
5.067155e+07,1
5.290617e+06,1
6.3029625e+06,1
1.4822215e+06,1
1.1209446e+06,1
931137.75,1
2.570019e+06,1
520174.06,1
471551.34,1
2790.4114,1
441429.66,1
6.643413e+06,1
5.8721756e+07,1
4.264852e+06,1
5.11507e+06,1
1.0937114e+06,1
890666.25,1
789297.44,1
7.7362475e+06,1
6.1902524e+07,1
6.0376305e+06,1
7.898664e+06,1
2.0219388e+06,1
1.5668132e+06,1
1.3135322e+06,1
3.7961462e+06,1
865206.25,1
785890.5,1
3.0822645e+06,1
664870.25,1
614323.6,1
2.3755228e+06,1
522898.12,1
487150.12,1
460976.6,1
7.219e+06,1
5.4116624e+07,1
2790.1934,1
4.6606295e+06,1
955180.56,1
814872.6,1
741861.2,1
2.528177e+06,1
559352.5,1
515814.38,1
486271.38,1
6.9761135e+06,1
6.125987e+07,1
5.936115e+06,1
7.5648375e+06,1
1.9620352e+06,1
1.4812149e+06,1
2797.9382,1
8.0806535e+06,1
6.406744e+07,1
1.8685394e+07,1
6.473747e+06,1
4.5899685e+06,1
3.0822408e+06,1
4.1308588e+06,1
954156.75,1
851807.5,1
791020.7,1
7.947634e+06,1
5.0528544e+07,1
5.03334e+06,1
6.2480135e+06,1
1.5184216e+06,1
1.2505e+06,1
1.1097494e+06,1
2788.4204,1
3.2012138e+06,1
784691.0,1
714100.5,1
667070.94,1
2.5683885e+06,1
573981.4,1
535038.7,1
2.1575135e+06,1
458095.3,1
424383.38,1
6.717684e+06,1
5.222988e+07,1
8.8038e+06,1
2.205145e+06,1
1.765522e+06,1
1.4074456e+06,1
3.077935e+06,1
642024.5,1
575148.25,1
536360.9,1
2.026941e+06,1
430196.12,1
394708.34,1
370863.03,1
2789.2207,1
1.5600788e+06,1
303984.8,1
277440.88,1
258975.19,1
1.1658869e+06,1
209058.19,1
189427.7,1
176288.78,1
5.134728e+06,1
4.3541216e+07,1
3.407399e+06,1
3.9907245e+06,1
700273.94,1
565386.25,1
501533.3,1
2789.4236,1
1.8331985e+06,1
347952.44,1
314168.9,1
292936.66,1
1.3028622e+06,1
231384.11,1
207963.48,1
193222.12,1
178610.48,1
999621.3,1
152824.77,1
146155.14,1
808788.2,1
124947.75,1
603263.5,1
101683.945,1
94245.61,1
87494.6,1
2792.8145,1
4.0931715e+06,1
5.020362e+07,1
1.6351596e+07,1
5.4371855e+06,1
3.681666e+06,1
2.1476178e+06,1
2.4463858e+06,1
351237.16,1
299815.03,1
276338.78,1
1.1815811e+06,1
209165.78,1
190071.17,1
177689.34,1
4.7514615e+06,1
5.225977e+07,1
1.3969724e+07,1
4.570239e+06,1
3.1679538e+06,1
2792.0142,1
2.292094e+06,1
685397.44,1
2.5799685e+06,1
437117.75,1
386410.44,1
355473.5,1
1.5043422e+06,1
272930.25,1
246288.81,1
229617.14,1
1.0766815e+06,1
181200.48,1
162680.2,1
2788.8428,1
151287.94,1
4.7316045e+06,1
5.7773216e+07,1
4.0049118e+06,1
7.382027e+06,1
1.870848e+06,1
1.4565656e+06,1
4.5177285e+06,1
954137.1,1
809041.44,1
2.701892e+06,1
588190.1,1
518085.88,1
1.4716158e+06,1
282936.2,1
255217.53,1
239713.05,1
1.0254386e+06,1
192523.67,1
175993.39,1
164975.38,1
758086.5,1
134153.34,1
121817.82,1
113769.41,1
543462.3,1
91472.54,1
84982.95,1
3.4430312e+06,1
6.1219276e+07,1
6.2024225e+06,1
7.833641e+06,1
2.1914188e+06,1
1.581204e+06,1
73974.08,1
2.003293e+06,1
368784.22,1
319548.66,1
295723.56,1
5.7436815e+06,1
5.757747e+07,1
3.9365055e+06,1
4.583112e+06,1
919076.1,1
741078.2,1
2.423031e+06,1
534522.6,1
488196.72,1
1.979258e+06,1
412736.28,1
377071.0,1
1.503066e+06,1
315625.72,1
290191.84,1
273277.97,1
5.8997695e+06,1
5.71384e+07,1
3.7426705e+06,1
5.8921715e+06,1
1.3271764e+06,1
1.0174481e+06,1
87679.79,1
2.2267515e+06,1
458657.3,1
416139.66,1
391341.0,1
1.5674974e+06,1
315862.66,1
286703.97,1
268005.25,1
1.1690731e+06,1
215193.94,1
194030.62,1
180792.55,1
22540.062,1
4.84613e+06,1
5.648075e+07,1
6.323431e+06,1
8.749535e+06,1
2.5824612e+06,1
1.9236022e+06,1
1.5027045e+06,1
2.4286498e+06,1
444355.38,1
389122.75,1
360797.94,1
1.4902862e+06,1
275998.8,1
247977.84,1
230771.1,1
5.3169415e+06,1
5.3015876e+07,1
6631.609,1
4.124283e+06,1
7.774124e+06,1
2.0348329e+06,1
1.6033036e+06,1
4.8202185e+06,1
1.0684032e+06,1
911439.8,1
2.992046e+06,1
671471.0,1
594009.44,1
533899.6,1
1.6573782e+06,1
321950.84,1
291697.8,1
273954.2,1
1.554874e+06,1
5.912978e+06,1
4.9613028e+07,1
2.9518932e+06,1
9.85778e+16,1
3.6445555e+06,1
609661.1,1
519719.0,1
474844.53,1
3495.1758,1
1.9006558e+06,1
357243.88,1
328448.53,1
309489.12,1
1.4263279e+06,1
254098.33,1
231985.34,1
217393.86,1
1.0571999e+06,1
175983.89,1
159522.02,1
149058.86,1
4.5414445e+06,1
6.1683596e+07,1
6.2372465e+06,1
8.948669e+06,1
2.608258e+06,1
1.9421224e+06,1
2919.06,1
1.5076389e+06,1
2.3867948e+06,1
413108.75,1
360667.03,1
334304.44,1
1.5771196e+06,1
277672.44,1
257328.4,1
242457.12,1
1.2754311e+06,1
206992.55,1
982710.0,1
172310.6,1
159889.53,1
150123.86,1
760135.1,1
126225.67,1
116369.555,1
109009.766,1
2815.6782,1
568633.06,1
90769.234,1
83099.65,1
77693.984,1
410153.53,1
63898.625,1
58159.715,1
3.5122518e+06,1
4.378753e+07,1
3.3826532e+06,1
2.9104355e+06,1
398457.34,1
330524.75,1
300648.5,1
2791.5862,1
1.2499656e+06,1
218207.17,1
196634.81,1
183407.1,1
4.9533405e+06,1
6.06765e+07,1
5.45461e+06,1
6.690629e+06,1
1.6335609e+06,1
2.2895562e+06,1
468113.53,1
412533.66,1
382735.7,1
6.1704515e+06,1
4.445311e+07,1
3.615685e+06,1
6.8539125e+06,1
1.6932466e+06,1
1.3538814e+06,1
4.389839e+06,1
960463.9,1
834912.1,1
1.2906376e+06,1
2.6946e+06,1
591518.1,1
534795.0,1
2798.1826,1
1.7953625e+06,1
381990.7,1
347723.1,1
328174.06,1
1.342285e+06,1
270003.16,1
245764.22,1
230687.28,1
5.3609605e+06,1
5.5110036e+07,1
5.491134e+06,1
6.508189e+06,1
1.5314589e+06,1
1.1197118e+06,1
919387.5,1
3.3631412e+06,1
680776.2,1
2788.3755,1
1.8827936e+06,1
382515.6,1
346258.53,1
324494.4,1
6.2702985e+06,1
5.1533204e+07,1
3.2411968e+06,1
4.0794028e+06,1
783769.8,1
660372.56,1
7.474954e+06,1
5.2862e+07,1
4.92805e+06,1
5.236255e+06,1
1.1927662e+06,1
988496.56,1
886768.8,1
2794.4082,1
2.7702815e+06,1
644775.44,1
586701.3,1
548926.5,1
2.219601e+06,1
473103.3,1
440606.8,1
1.8608896e+06,1
379952.38,1
351276.1,1
1.4853982e+06,1
297021.53,1
275960.34,1
260161.19,1
1.1814364e+06,1
219878.05,1
202806.8,1
5.4250635e+06,1
4.5264096e+07,1
8.2352465e+06,1
2787.8582,1
3.3152945e+06,1
574675.9,1
488463.9,1
447329.03,1
1.7185529e+06,1
339701.94,1
309870.22,1
290251.12,1
1.276513e+06,1
234617.39,1
212715.88,1
198263.86,1
2790.5217,1
928454.5,1
158354.11,1
142622.36,1
132716.75,1
654353.94,1
104886.6,1
94034.72,1
87520.81,1
446679.88,1
68718.45,1
61434.945,1
57309.816,1
3.0600422e+06,1
4.7667684e+07,1
3.9276338e+06,1
7.1633495e+06,1
1.8603799e+06,1
1.4322044e+06,1
4.260366e+06,1
910372.1,1
761090.9,1
2.4760845e+06,1
535117.75,1
464814.75,1
2788.3145,1
1.1939564e+06,1
217212.66,1
193355.23,1
180816.14,1
157515.88,1
142793.02,1
133280.66,1
712159.94,1
107048.75,1
96695.125,1
89918.36,1
2793.3806,1
3.7010192e+06,1
5.1243924e+07,1
5.8961055e+06,1
7.32363e+06,1
1.8951139e+06,1
1.3583848e+06,1
1.04530806e+06,1
2.0256479e+06,1
331114.5,1
292084.2,1
271532.72,1
1.2413726e+06,1
209010.98,1
187709.9,1
174527.3,1
2796.5645,1
864312.9,1
136616.92,1
122176.234,1
113501.57,1
650839.4,1
96961.555,1
89787.18,1
517744.25,1
82693.65,1
76668.17,1
366472.7,1
60808.914,1
56308.78,1
51793.11,1
270673.47,1
43924.246,1
40482.66,1
37319.297,1
2.7808722e+06,1
5.896049e+07,1
4.9730385e+06,1
5.407255e+06,1
1.2224306e+06,1
844932.9,1
642775.4,1
2790.6665,1
1.4494336e+06,1
220846.98,1
197573.6,1
185032.52,1
901044.8,1
146019.89,1
132186.95,1
123344.234,1
637185.25,1
98414.61,1
88645.766,1
3.9620662e+06,1
5.3150416e+07,1
2.7751775e+06,1
2789.2534,1
3.2979418e+06,1
459516.53,1
387580.44,1
354245.5,1
6.3369425e+06,1
5.7172056e+07,1
3.2448495e+06,1
4.155842e+06,1
815585.4,1
688987.5,1
625900.9,1
2.4451782e+06,1
504187.6,1
466603.1,1
2.0330941e+06,1
399768.9,1
368995.62,1
1.5832262e+06,1
310782.06,1
288541.5,1
271891.2,1
2788.76,1
1.2515759e+06,1
228313.58,1
213805.48,1
973005.6,1
179783.1,1
160320.67,1
149602.25,1
716849.5,1
123686.06,1
109944.86,1
4.2215775e+06,1
5.438434e+07,1
6.8293235e+06,1
2793.178,1
3.1675985e+06,1
511062.4,1
423880.4,1
384522.47,1
6.2951935e+06,1
4.9124684e+07,1
4.6199785e+06,1
5.0664545e+06,1
1.0857655e+06,1
859533.6,1
747652.8,1
2.370767e+06,1
496697.56,1
448548.88,1
418468.12,1
6.3471145e+06,1
6.1561972e+07,1
5.8231625e+06,1
2788.2395,1
7.5272975e+06,1
1.9481634e+06,1
1.465681e+06,1
3.436723e+06,1
761969.4,1
672020.06,1
607827.94,1
2.605642e+06,1
503566.9,1
1.948865e+06,1
420196.72,1
388042.66,1
365536.0,1
1.5226165e+06,1
301449.9,1
277310.25,1
260628.56,1
1.1749435e+06,1
215568.4,1
196878.02,1
184183.75,1
2793.4004,1
878059.3,1
150183.81,1
136195.98,1
126999.6,1
633011.56,1
102227.79,1
92185.74,1
85882.27,1
441047.88,1
68428.79,1
61588.34,1
57364.27,1
2795.2957,1
297879.78,1
45559.312,1
40845.766,1
38218.977,1
196066.52,1
30388.344,1
27255.227,1
25627.732,1
144466.45,1
22935.016,1
21498.031,1
119107.26,1
26656.357,1
25493.803,1
80140.586,1
17903.617,1
16738.703,1
1.8736911e+06,1
4.012134e+07,1
2.2838396e+07,1
1.0115596e+06,1
2.174616e+06,1
268080.72,1
216405.11,1
2790.9553,1
192383.58,1
838117.56,1
131247.72,1
119765.4,1
112413.59,1
590078.4,1
91432.39,1
83104.3,1
77590.85,1
416805.44,1
62797.527,1
56805.58,1
53032.004,1
2789.4575,1
2.849335e+06,1
6.1430816e+07,1
1.3874744e+07,1
4.571691e+06,1
3.1192912e+06,1
2.161838e+06,1
2.264316e+06,1
353737.28,1
298836.34,1
5.865672e+06,1
4.651946e+07,1
8.671338e+06,1
3.8129568e+06,1
739605.2,1
626471.3,1
571249.6,1
2788.2258,1
2.2241475e+06,1
462812.25,1
427635.6,1
1.8391339e+06,1
364440.03,1
335362.03,1
1.4199909e+06,1
280387.25,1
259620.64,1
244196.89,1
5.740229e+06,1
5.3443896e+07,1
4.037757e+06,1
758352.8,1
624683.5,1
557581.6,1
1.9420822e+06,1
395334.88,1
361892.25,1
340002.88,1
2790.8154,1
6.138554e+06,1
6.1875596e+07,1
6.136393e+06,1
8.612028e+06,1
2.4357198e+06,1
1.8295159e+06,1
2.75525e+06,1
569759.3,1
508349.72,1
474416.75,1
1.8253665e+06,1
373007.06,1
337056.38,1
314028.7,1
6.028168e+06,1
5.1515476e+07,1
3.4969238e+06,1
2794.191,1
4.1713348e+06,1
824074.94,1
689469.6,1
7.3349865e+06,1
5.5234692e+07,1
5.5448335e+06,1
6.070308e+06,1
1.4309039e+06,1
1.1468749e+06,1
1.0039744e+06,1
3.227023e+06,1
752129.25,1
692666.56,1
2.6793632e+06,1
588790.8,1
543328.25,1
2.0933735e+06,1
460148.75,1
427567.2,1
404098.53,1
1.6790596e+06,1
338936.8,1
312847.1,1
294316.88,1
6.159957e+06,1
4.9148704e+07,1
3.0347152e+06,1
2790.1758,1
3.9496818e+06,1
709874.4,1
603239.25,1
2.0750044e+06,1
438691.9,1
400305.94,1
377999.03,1
1.5545751e+06,1
303010.78,1
274579.97,1
257609.1,1
2794.2837,1
1.146042e+06,1
204092.61,1
183763.52,1
171878.45,1
816367.94,1
134720.88,1
120699.89,1
112759.21,1
2789.4832,1
2792.7449,1
2787.5437,1
9.857826e+16,1
4.6257047e+33,1
5.724114e+06,1
8.424287e+06,1
3.724621e+06,1
601941.56,1
6.03737e+06,1
4.366733e+06,1
4.3638525e+06,1
2.744376e+07,1
2.754076e+07,1
2.754323e+07,1
1.9065626e+07,1
7.119996e+06,1
4.3038905e+06,1
9.857829e+16,1
6.4198035e+06,1
6.524262e+06,1
6.5240575e+06,1
2.8182308e+06,1
2790.6606,1
3.2578995e+06,1
3.2575818e+06,1
1.7163918e+06,1
2.3851165e+06,1
1.7623956e+06,1
1.7622548e+06,1
1.0423637e+06,1
963899.0,1
1.243202e+06,1
963614.2,1
624371.3,1
2788.961,1
656901.3,1
532573.7,1
532477.7,1
371043.94,1
297511.97,1
353712.97,1
297303.03,1
218716.16,1
194021.86,1
167688.38,1
167614.47,1
128875.38,1
124412.54,1
107995.32,1
107884.23,1
101381.81,1
88185.6,1
88147.13,1
86982.45,1
77905.21,1
78582.375,1
2794.5808,1
68721.32,1
60551.92,1
60378.99,1
85666.64,1
49244.246,1
43775.816,1
43650.207,1
52095.41,1
34866.73,1
31473.148,1
31424.207,1
32041.678,1
24518.943,1
22420.727,1
22372.662,1
2793.191,1
20056.87,1
17108.713,1
15829.417,1
15780.212,1
12878.682,1
12016.879,1
11237.019,1
11186.971,1
8672.941,1
8640.169,1
8158.151,1
8108.3413,1
6179.415,1
6469.821,1
6159.495,1
6109.7896,1
4742.8687,1
5491.9224,1
5090.127,1
4988.4185,1
12765.974,1
13698.145,1
13920.818,1
8737.746,1
8259.144,1
8071.765,1
5317.1123,1
6239.237,1
5946.8115,1
5864.803,1
3811.7544,1
72350.37,1
5182.537,1
5020.024,1
4975.1724,1
3382.1467,1
4516.5728,1
4492.7104,1
4395.259,1
3139.5017,1
4090.2869,1
3979.894,1
3934.7766,1
2972.279,1
85544.89,1
3734.7722,1
3635.3965,1
3589.4768,1
2884.697,1
3480.6155,1
3389.5435,1
3343.534,1
2800.575,1
3311.6902,1
3223.2,1
3176.4937,1
2783.376,1
3252.7588,1
3034.6738,1
2940.6272,1
10329.081,1
11440.764,1
11656.789,1
6565.869,1
6249.9087,1
6062.86,1
3843.676,1
22161.676,1
4631.6006,1
4451.453,1
4369.399,1
2913.9744,1
4008.2234,1
3921.8706,1
3877.5376,1
2839.001,1
3748.271,1
3668.159,1
2948.702,1
6567.54,1
3573.5837,1
3487.366,1
7488.361,1
2823.2026,1
3396.623,1
3314.8726,1
5541.5366,1
2789.0676,1
3268.844,1
4438.6504,1
3140.4333,1
2768.993,1
3480.838,1
3178.4773,1
3097.5972,1
3759.4932,1
2753.2737,1
3145.0913,1
2934.8843,1
3470.9365,1
10142.531,1
11267.801,1
12578.914,1
6392.784,1
6084.266,1
7009.022,1
3796.2214,1
4500.2993,1
4327.227,1
5026.484,1
2883.808,1
3909.9673,1
3828.4897,1
4321.576,1
2913.324,1
2831.6858,1
3676.8757,1
3600.624,1
3909.4858,1
2803.8318,1
3488.751,1
3411.676,1
3589.6677,1
2781.9285,1
3340.4558,1
3262.4497,1
3353.6328,1
2814.746,1
2764.6016,1
3230.097,1
3151.5427,1
3187.7708,1
2750.861,1
3151.8215,1
3121.0989,1
3026.993,1
2740.028,1
3122.2773,1
2914.3748,1
2867.6758,1
10209.098,1
11237.267,1
11460.643,1
6364.747,1
6058.429,1
5975.86,1
3776.312,1
2799.6091,1
4478.378,1
4305.92,1
4300.27,1
2875.0007,1
3892.755,1
3812.0796,1
3821.9883,1
2815.3357,1
2165.3186,1
7046.872,1
6292.5244,1
5533.912,1
2790.2605,1
3451.6843,1
3391.559,1
3374.989,1
2779.1948,1
3331.1592,1
3254.1025,1
3223.846,1
2763.308,1
3223.808,1
3145.6025,1
3109.089,1
2741.4631,1
2793.6353,1
3148.2297,1
3068.9404,1
3028.4475,1
2738.4863,1
3118.563,1
2911.2036,1
2823.6272,1
10107.213,1
11233.636,1
11468.831,1
6361.037,1
6054.8174,1
5879.92,1
3786.9707,1
4474.4985,1
4303.628,1
4231.126,1
2877.109,1
3890.3806,1
3809.8604,1
3772.36,1
2817.367,1
2787.396,1
3663.1729,1
3587.1558,1
3547.901,1
2798.9949,1
3478.1277,1
3401.616,1
3360.0625,1
2770.654,1
3333.7998,1
3255.8066,1
3212.439,1
2761.6992,1
2791.504,1
3224.948,1
3146.6687,1
3102.3247,1
2739.7812,1
3149.2385,1
3069.9192,1
3024.7605,1
2739.224,1
3120.4038,1
2913.2139,1
2820.8735,1
10106.907,1
11233.174,1
11455.945,1
6360.091,1
6054.614,1
5869.1895,1
3786.264,1
2793.6492,1
4475.072,1
4303.278,1
4223.085,1
2874.63,1
3890.4,1
3810.0935,1
3766.8542,1
2814.461,1
2165.1023,1
7044.789,1
6310.9575,1
5517.6978,1
3720.9067,1
3632.3247,1
3507.8613,1
3448.9297,1
2788.5142,1
3096.4492,1
3401.4456,1
3320.382,1
3273.7954,1
2966.0771,1
3276.446,1
3197.4658,1
3151.0774,1
2884.203,1
3190.2087,1
3110.1145,1
3063.3145,1
2838.3867,1
2795.3828,1
3143.0706,1
2928.6843,1
2830.305,1
10132.667,1
11257.782,1
11476.563,1
6378.299,1
6072.961,1
5886.897,1
3852.4797,1
4491.205,1
4319.838,1
4238.7715,1
2932.841,1
3904.308,1
3824.2207,1
3780.3262,1
2855.2437,1
2789.4265,1
3675.871,1
3599.8323,1
3556.0095,1
2828.7236,1
3488.2986,1
3411.7593,1
3367.3381,1
2789.0247,1
3342.2986,1
3263.9907,1
3218.6846,1
2775.6592,1
2793.2983,1
3231.5503,1
3153.1233,1
3107.61,1
2748.128,1
3154.6355,1
3075.0916,1
3029.112,1
2745.4863,1
3119.0837,1
2910.5122,1
2817.298,1
10114.937,1
11242.08,1
11466.155,1
6364.6396,1
6058.537,1
5871.4995,1
3782.4714,1
4477.2188,1
4304.953,1
4223.5347,1
2879.7278,1
2787.1155,1
3892.071,1
3811.624,1
3767.608,1
2815.2925,1
3665.242,1
3588.799,1
3545.0906,1
2801.0007,1
3479.4934,1
3402.963,1
3358.6155,1
2780.094,1
2793.9875,1
3333.9707,1
3256.4443,1
3211.4678,1
2763.1003,1
3225.702,1
3147.489,1
3102.0986,1
2741.9053,1
3149.754,1
3070.4348,1
3024.641,1
2728.7559,1
2788.5051,1
3115.9954,1
2908.7253,1
2816.3071,1
10114.389,1
11241.357,1
11462.381,1
6361.95,1
6055.6875,1
5868.896,1
4304.042,1
4183.2827,1
4123.847,1
2988.7769,1
3829.0566,1
3751.8237,1
3709.205,1
2847.073,1
2791.7383,1
3616.5747,1
3540.7595,1
3497.8706,1
2806.582,1
3440.0173,1
3364.0503,1
3320.5583,1
2766.0957,1
3303.4045,1
3225.9404,1
3181.6348,1
2753.7742,1
3200.7979,1
3123.0679,1
3078.4092,1
2796.7937,1
2729.5596,1
3130.4275,1
3051.539,1
3006.3677,1
2729.3347,1
3107.3777,1
2902.8748,1
2812.601,1
10104.986,1
11229.409,1
11450.206,1
6352.537,1
6046.029,1
5859.149,1
3800.7476,1
4467.8584,1
4296.2627,1
2995.9983,1
2786.98,1
7912.5415,1
3831.4006,1
3784.688,1
2848.0486,1
6030.58,1
3603.0623,1
3557.657,1
2818.2615,1
4848.658,1
3413.714,1
3367.9585,1
2792.1433,1
2790.8127,1
4133.094,1
3264.645,1
3218.5195,1
2772.0454,1
1.9326599e+06,1
2547.9937,1
3167.2864,1
2618.0103,1
2594.9631,1
7894.1123,1
6931.3154,1
6776.375,1
3654.508,1
4689.1533,1
3955.6968,1
3872.9417,1
3073.7915,1
3959.4087,1
3317.55,1
3189.9377,1
10896.934,1
11532.047,1
11771.938,1
7068.6606,1
6281.0493,1
6102.139,1
3391.0337,1
4661.2515,1
2789.8853,1
5253.9575,1
4670.043,1
4568.2256,1
3433.3633,1
4453.571,1
4106.197,1
4065.8328,1
3224.4634,1
4114.9365,1
3858.878,1
3818.091,1
3114.8672,1
2792.272,1
3708.4358,1
3755.7532,1
3591.4167,1
3017.3982,1
3595.3079,1
3443.0327,1
3398.0571,1
2936.4128,1
3414.8406,1
3290.6113,1
3244.6528,1
2873.2854,1
2788.9036,1
3282.8203,1
3176.1584,1
3129.6448,1
2825.7217,1
3218.9658,1
2975.8286,1
2874.6418,1
10209.151,1
11289.17,1
11513.912,1
6455.385,1
6096.89,1
5910.681,1
3838.3435,1
4555.967,1
4353.474,1
4265.0947,1
2925.2786,1
2792.6716,1
3957.879,1
3850.3464,1
3806.371,1
2862.2253,1
3716.613,1
3622.9038,1
3579.4863,1
2827.257,1
3519.5063,1
3431.1453,1
3386.7314,1
2797.925,1
2791.0789,1
3363.5376,1
3278.513,1
3233.4294,1
2775.8909,1
3246.85,1
3164.0078,1
3118.4548,1
2758.8586,1
3163.7058,1
3082.2273,1
3036.4504,1
2745.617,1
3131.8179,1
2920.3262,1
2826.3118,1
10117.998,1
11238.789,1
11462.844,1
6372.127,1
6059.8174,1
5872.9546,1
3783.3503,1
2795.8147,1
4485.123,1
4308.911,1
4226.9355,1
2879.553,1
3898.547,1
3815.0103,1
3770.802,1
2828.3179,1
3668.8147,1
3591.2646,1
3547.778,1
2801.234,1
2791.1138,1
3483.1877,1
3405.3438,1
3361.0017,1
2779.9832,1
3336.7437,1
3258.4087,1
3213.5286,1
2763.1196,1
3227.639,1
3148.9126,1
3103.588,1
2749.7092,1
2787.3481,1
3150.166,1
3071.0815,1
3025.4563,1
2739.1377,1
3120.2861,1
2912.186,1
2819.2114,1
10113.0205,1
11237.486,1
11458.748,1
6361.1772,1
6054.5815,1
5867.784,1
3779.431,1
4475.6294,1
4303.4946,1
4222.214,1
2874.0881,1
3891.0505,1
3810.2954,1
3766.2756,1
2824.6763,1
3662.9995,1
3587.4375,1
3544.0347,1
2798.7422,1
3478.786,1
3402.2412,1
3357.948,1
2778.1934,1
5994.8857,1
3538.8123,1
3387.7473,1
3318.9492,1
3259.5088,1
73302.0,1
3300.3916,1
3217.56,1
3169.802,1
3048.1975,1
3204.048,1
3124.2664,1
3077.184,1
2941.9058,1
3153.4321,1
2936.7014,1
2836.1187,1
10127.442,1
11255.009,1
11478.931,1
6384.3955,1
6079.268,1
5892.7856,1
3922.6018,1
86420.85,1
4496.955,1
4325.6094,1
4244.4683,1
2986.9417,1
3909.577,1
3829.4766,1
3785.4958,1
2893.7285,1
3680.126,1
3603.9663,1
3560.204,1
2853.6934,1
22255.715,1
3492.013,1
3415.4353,1
3370.914,1
2804.7532,1
3345.4775,1
3267.0508,1
3221.6394,1
2786.7312,1
3233.9768,1
3155.54,1
3109.9246,1
2744.6316,1
6538.9844,1
3158.4055,1
3077.6843,1
3031.346,1
2750.3203,1
3123.2515,1
2914.42,1
2820.5928,1
10112.372,1
11238.488,1
11461.145,1
6363.6885,1
6057.9434,1
5871.083,1
3747.9568,1
4478.7314,1
4306.5684,1
4224.939,1
2882.9634,1
3892.5898,1
3812.2644,1
3768.2202,1
2818.835,1
3475.0154,1
3665.68,1
3589.4358,1
3545.7534,1
2802.6265,1
3480.105,1
3403.625,1
3359.2834,1
2768.3445,1
3336.108,1
3257.6692,1
3212.4185,1
2763.6973,1
2912.666,1
3226.328,1
3148.0093,1
3102.5847,1
2740.0293,1
3150.4854,1
3070.9866,1
3025.1313,1
2739.4316,1
3639.1106,1
7838.8877,1
9.857898e+16,1
3794.392,1
3400.8374,1
3205.7854,1
10312.645,1
11201.132,1
11348.637,1
6274.9043,1
6015.8813,1
5863.2085,1
4354.223,1
4222.955,1
4159.955,1
2813.71,1
8056.6777,1
3843.473,1
3769.981,1
3730.9111,1
3876.6487,1
3629.3438,1
3557.497,1
3517.6443,1
3686.056,1
3452.1392,1
3379.2795,1
3338.0881,1
3199.6194,1
2794.1338,1
3314.0393,1
3238.8997,1
3196.3032,1
3114.0532,1
3209.809,1
3133.8564,1
3090.4534,1
2893.604,1
3138.2397,1
3060.4414,1
3016.1296,1
2865.6907,1
2791.134,1
3106.9956,1
2898.9304,1
2806.3032,1
10095.974,1
11224.023,1
11447.736,1
6351.3027,1
6046.1665,1
5859.2773,1
3854.9568,1
4468.256,1
4296.6367,1
4215.645,1
2940.8513,1
3884.774,1
3805.034,1
3761.587,1
2866.2957,1
2793.4084,1
3657.968,1
3583.0393,1
3540.014,1
2823.7307,1
3474.8765,1
3398.8542,1
3354.8687,1
2793.0583,1
3330.4712,1
3253.3484,1
3208.68,1
2770.2434,1
2790.2878,1
3223.017,1
3145.027,1
3099.8647,1
2753.0942,1
3146.8164,1
3068.3584,1
3022.9365,1
2741.0056,1
3117.3733,1
2909.6746,1
2816.8525,1
10106.545,1
11233.145,1
11457.093,1
6361.0947,1
6055.0107,1
5867.9917,1
3778.1465,1
4474.7026,1
4302.4463,1
4221.08,1
2877.346,1
2795.5933,1
3889.7534,1
3809.2517,1
3765.2617,1
2815.878,1
3663.1296,1
3587.073,1
3543.5164,1
2799.548,1
3478.0476,1
3401.5789,1
3357.2925,1
2769.293,1
2789.1306,1
3333.9353,1
3255.823,1
3210.716,1
2761.8647,1
3224.9297,1
3146.6672,1
3101.3057,1
2740.328,1
3149.1748,1
3069.846,1
3024.079,1
2737.8184,1
3117.7974,1
2910.074,1
2817.3264,1
10110.872,1
11236.902,1
11459.434,1
2792.11,1
6360.478,1
6054.8623,1
5867.9756,1
3769.4421,1
4475.223,1
4303.5054,1
4222.0522,1
2874.14,1
3890.1707,1
3809.875,1
3767.7156,1
2824.3472,1
3662.1804,1
3586.8518,1
3543.7285,1
2798.2427,1
2790.7954,1
3478.111,1
3401.6917,1
3357.573,1
2777.963,1
3333.041,1
3255.7427,1
3210.7163,1
2761.6182,1
3224.961,1
3146.7695,1
3101.4487,1
2748.582,1
2789.836,1
3148.2478,1
3069.5593,1
3023.9592,1
2738.4077,1
3119.2668,1
2911.6174,1
2818.4575,1
10131.295,1
11254.24,1
11459.048,1
6360.3887,1
6054.469,1
5868.657,1
3816.3447,1
4474.4697,1
4303.4287,1
4222.3853,1
2875.0476,1
2791.651,1
3890.4373,1
3810.1233,1
3766.202,1
2824.6067,1
3662.3254,1
3587.0073,1
3543.638,1
2798.56,1
3478.2864,1
3401.875,1
3357.6096,1
2778.4187,1
2789.6748,1
3332.9993,1
3255.5164,1
3210.5742,1
2761.4753,1
3224.9204,1
3146.709,1
3101.349,1
2748.698,1
3148.2253,1
3069.4583,1
3023.8296,1
2738.3003,1
3117.4631,1
2909.7437,1
2817.051,1
10113.412,1
11238.837,1
11460.411,1
6360.957,1
6050.919,1
3701.4077,1
2788.7407,1
4520.311,1
4207.333,1
4247.1978,1
2906.3916,1
3912.31,1
3682.9592,1
3784.3047,1
2843.209,1
3679.5647,1
3441.2014,1
3557.805,1
2813.099,1
2800.0117,1
565961.2,1
2466.15,1
3938.2917,1
3608.5771,1
3618.6616,1
2908.9185,1
4439.2544,1
4331.251,1
4331.86,1
4324.646,1
3986.812,1
3909.2244,1
3116.7866,1
3678.4485,1
3532.94,1
3547.8684,1
2971.7832,1
2786.0378,1
3502.0347,1
3374.32,1
3383.142,1
2913.4211,1
3344.3513,1
3075.9907,1
2984.1475,1
10189.683,1
11314.551,1
11556.907,1
6388.919,1
6094.494,1
5907.592,1
3877.728,1
4547.4287,1
4374.667,1
4300.5625,1
2960.8198,1
3984.3447,1
3894.0874,1
3864.0676,1
2791.1648,1
2897.4778,1
3760.969,1
3671.335,1
3644.3933,1
2857.4558,1
3569.071,1
3477.8994,1
3449.2327,1
2824.6628,1
3409.4165,1
3319.0706,1
3287.0774,1
2798.003,1
2793.0642,1
3285.1687,1
3196.8662,1
3161.2146,1
2776.9077,1
3193.6343,1
3107.5356,1
3068.6726,1
2759.4822,1
3149.1057,1
2932.9746,1
2840.5015,1
10124.057,1
11249.551,1
11476.917,1
6367.219,1
6061.7373,1
5874.976,1
3799.4023,1
2786.8145,1
4485.0376,1
4312.7,1
4232.6577,1
2885.0833,1
3902.4612,1
3820.3845,1
3778.4092,1
2833.1536,1
3674.6328,1
3597.1978,1
3555.9998,1
2805.3164,1
2790.8743,1
3489.2798,1
3410.8525,1
3368.5427,1
2782.789,1
3342.2805,1
3263.2273,1
3219.8364,1
2766.6985,1
3232.0847,1
3152.5344,1
3108.3098,1
2751.68,1
2794.178,1
3153.6316,1
3073.9834,1
3029.1404,1
2741.0386,1
3121.2524,1
2912.5027,1
2819.7617,1
10118.738,1
11242.72,1
11462.516,1
6359.97,1
6053.859,1
5867.2495,1
3742.0857,1
4476.348,1
4304.6567,1
4223.4697,1
2879.403,1
3890.8328,1
3809.9404,1
3766.2383,1
2816.488,1
2792.497,1
3664.238,1
3587.8538,1
3544.5984,1
2798.9062,1
3479.222,1
3402.356,1
3358.3093,1
2768.2336,1
3335.0947,1
3256.6182,1
3211.6807,1
2761.8145,1
2790.353,1
3225.8264,1
3147.4148,1
3102.2097,1
2738.8677,1
3150.1042,1
3070.4946,1
3024.7673,1
2738.471,1
3120.1216,1
2912.5771,1
2819.525,1
10109.963,1
11234.857,1
11456.088,1
6360.223,1
6054.083,1
5866.9575,1
3720.1821,1
2791.1355,1
4477.123,1
4304.663,1
4222.873,1
2872.9348,1
3890.6724,1
3810.2207,1
3766.206,1
2812.4329,1
3663.9229,1
3587.7139,1
3544.084,1
2798.2373,1
3478.557,1
3402.0034,1
3357.6943,1
2791.5862,1
2765.1821,1
3334.863,1
3256.4277,1
3211.2234,1
2760.8423,1
3225.4138,1
3147.1145,1
3101.6948,1
2740.4883,1
3149.4922,1
3070.129,1
3024.3335,1
2738.3586,1
2786.517,1
3116.939,1
2909.2073,1
2816.5476,1
10110.191,1
11236.973,1
11460.966,1
6360.523,1
6054.5483,1
5867.4326,1
3763.2073,1
4475.139,1
4302.8037,1
4221.4165,1
2873.5295,1
3890.123,1
3809.5505,1
3765.5312,1
2823.686,1
2793.1484,1
3662.091,1
3586.605,1
3543.1934,1
2798.1108,1
3477.9905,1
3401.4873,1
3357.1929,1
2777.8047,1
3332.921,1
3255.4375,1
3210.5015,1
2760.2822,1
6007.1504,1
2792.1104,1
3435.0867,1
3282.8953,1
3213.2407,1
3250.9602,1
3226.3586,1
3142.6938,1
3094.3662,1
3038.8274,1
3161.0903,1
2941.6055,1
2838.968,1
10133.998,1
11263.497,1
11489.456,1
6392.814,1
6087.792,1
5901.559,1
4028.851,1
4502.6147,1
4332.1816,1
4250.7666,1
3034.6123,1
2793.258,1
3915.2913,1
3835.3284,1
3791.166,1
2939.6545,1
3683.5293,1
3608.271,1
3564.7642,1
2879.1536,1
3495.7253,1
3419.1172,1
3374.6155,1
2832.3452,1
2790.8303,1
3347.3254,1
3269.6794,1
3224.3962,1
2797.9824,1
3236.402,1
3157.9553,1
3112.2695,1
2772.741,1
3157.3103,1
3078.4187,1
3032.5222,1
2754.596,1
2790.8582,1
3124.478,1
2915.2842,1
2821.2002,1
10113.086,1
11239.286,1
11462.029,1
6364.7686,1
6059.1646,1
5872.2837,1
3837.0164,1
4477.597,1
4306.542,1
4224.781,1
2888.8503,1
3893.1648,1
3812.6975,1
3768.8923,1
2834.1306,1
2788.716,1
3664.8838,1
3589.5881,1
3546.1807,1
2806.5046,1
3480.0916,1
3403.659,1
3359.3066,1
2782.5962,1
3334.671,1
3257.1885,1
3212.138,1
2764.6638,1
3226.2805,1
3148.0293,1
3102.5935,1
2792.2598,1
2750.6355,1
3149.318,1
3070.5972,1
3024.935,1
2739.8743,1
3117.8745,1
2910.0718,1
2817.246,1
10110.597,1
11237.259,1
11461.269,1
6361.7095,1
6055.7603,1
5868.48,1
3775.2424,1
4475.466,1
4303.2188,1
4222.3633,1
2875.3462,1
2792.4663,1
3890.4368,1
3809.8877,1
3766.063,1
2825.1714,1
3662.587,1
3587.2302,1
3543.8892,1
2798.5234,1
3478.4744,1
3402.069,1
3357.761,1
2778.1907,1
2786.7502,1
3333.212,1
3255.6926,1
3210.711,1
2761.8372,1
3225.0393,1
3146.7747,1
3101.4038,1
2747.8289,1
3148.4155,1
3069.6086,1
3023.975,1
2738.3308,1
3119.6973,1
2912.105,1
2819.145,1
10107.763,1
11234.933,1
11456.498,1
6359.8237,1
6053.79,1
5867.129,1
3819.1897,1
2797.8706,1
4474.0176,1
4302.9043,1
4221.203,1
2875.2573,1
3890.1516,1
3809.8452,1
3765.645,1
2824.6711,1
3662.2542,1
3587.0383,1
3543.605,1
2799.4304,1
2789.9253,1
3478.1746,1
3401.7212,1
3357.4062,1
2778.0093,1
3333.111,1
3255.677,1
3210.7292,1
2761.6084,1
3225.0127,1
3146.8142,1
3101.4453,1
2749.64,1
2790.9438,1
3148.1924,1
3069.4558,1
3023.829,1
2738.1497,1
3119.463,1
2911.884,1
2818.955,1
10106.253,1
11232.525,1
11456.214,1
6359.8276,1
6053.731,1
5866.868,1
3818.799,1
4473.959,1
4302.336,1
4221.8555,1
2866.9355,1
2789.1304,1
3891.187,1
3810.3767,1
3765.9934,1
2824.3696,1
3662.359,1
3586.93,1
3543.4307,1
2785.484,1
3479.7708,1
3402.335,1
3357.7864,1
2778.1494,1
2794.7998,1
3333.1667,1
3255.6255,1
3210.638,1
2750.7856,1
3226.326,1
3147.3938,1
3101.8108,1
2748.6587,1
3148.4995,1
3069.692,1
3024.0366,1
2726.5884,1
3114.9443,1
2907.4565,1
2815.2207,1
10122.142,1
11247.713,1
11464.359,1
6358.5537,1
6055.247,1
5868.5776,1
3823.3418,1
2786.6404,1
4473.5347,1
4302.704,1
4221.4595,1
2863.2178,1
3891.3003,1
3810.3037,1
3766.0212,1
2825.0405,1
3662.1443,1
3586.5579,1
3543.2664,1
2790.9407,1
2789.3813,1
3478.8015,1
3401.941,1
3357.488,1
2777.3416,1
3333.0776,1
3255.6016,1
3210.6138,1
2751.0803,1
2128.642,1
6628.9673,1
5887.2964,1
5089.7656,1
3705.4185,1
2793.4062,1
3315.5752,1
3187.7524,1
3125.9365,1
3055.2637,1
3160.153,1
2942.2527,1
2839.86,1
10138.841,1
11271.768,1
11500.989,1
6403.6797,1
6100.0796,1
5914.873,1
4033.3254,1
4511.6597,1
4340.4873,1
4259.5757,1
3029.848,1
565989.7,1
2550.3342,1
4616.572,1
4332.607,1
4164.9805,1
2793.4978,1
3706.2651,1
3573.4365,1
3450.7207,1
2500.8108,1
4720.367,1
4508.082,1
4312.4907,1
3126.6995,1
3820.7737,1
3712.2534,1
3662.6865,1
3006.8196,1
3607.2964,1
3534.781,1
3493.2268,1
2947.1746,1
2790.033,1
3466.4429,1
3392.3293,1
3348.4932,1
2902.111,1
3883.9888,1
7685.7886,1
9.85797e+16,1
7421.4805,1
3951.5908,1
3722.461,1
3568.4612,1
3287.7397,1
3039.759,1
2903.057,1
10117.573,1
11232.633,1
11451.502,1
6298.9697,1
5997.8867,1
5817.467,1
6169.28,1
2793.8767,1
4465.9175,1
4307.3354,1
4235.1714,1
3691.002,1
3920.9644,1
3845.8386,1
3806.3928,1
3587.6362,1
3705.5227,1
3634.5366,1
3594.4475,1
3242.7947,1
2791.4473,1
3524.9568,1
3451.1538,1
3408.9365,1
3159.7324,1
3375.188,1
3299.9324,1
3256.4304,1
2963.376,1
2283.1543,1
6653.982,1
5924.722,1
5129.531,1
3843.721,1
2789.2856,1
3337.5056,1
3211.4583,1
3150.952,1
3208.7434,1
3180.8154,1
2955.8284,1
2848.531,1
10152.151,1
11278.996,1
11496.731,1
6396.626,1
6093.592,1
5908.599,1
4044.403,1
4512.746,1
4342.5557,1
4262.2407,1
3091.7566,1
3925.9214,1
3846.758,1
3803.3552,1
2990.4985,1
2788.4685,1
3694.9497,1
3620.39,1
3577.233,1
2919.796,1
3506.3748,1
3430.2322,1
3385.8462,1
2862.9421,1
3356.4287,1
3279.01,1
3233.8374,1
2819.5447,1
2792.4377,1
3243.8486,1
3165.5425,1
3119.8752,1
2787.7917,1
3163.176,1
3084.343,1
3038.4358,1
2765.6653,1
3127.9563,1
2917.7568,1
2822.7598,1
10115.379,1
11241.209,1
11463.1455,1
6364.347,1
6058.559,1
5872.029,1
3808.2214,1
4479.6426,1
4308.137,1
4226.8394,1
2893.3147,1
2796.259,1
3894.755,1
3814.5364,1
3770.5745,1
2838.0378,1
3666.2864,1
3590.9746,1
3547.5652,1
2807.9204,1
3481.616,1
3405.171,1
3360.8528,1
2784.6404,1
2788.6858,1
3335.8657,1
3258.4077,1
3213.4365,1
2766.9487,1
3227.1643,1
3148.9856,1
3103.5745,1
2751.5862,1
3150.0684,1
3071.2998,1
3025.6257,1
2732.1616,1
2792.6233,1
3119.2356,1
2911.7922,1
2818.89,1
10107.077,1
11233.703,1
11457.892,1
6360.917,1
6054.8745,1
5868.3096,1
3823.612,1
4474.738,1
4302.9375,1
4222.4355,1
2877.9766,1
3891.1619,1
3810.8022,1
3767.0498,1
2818.9116,1
2790.2434,1
3663.8625,1
3587.916,1
3544.43,1
2799.812,1
3478.8276,1
3402.354,1
3358.0745,1
2778.823,1
3333.4846,1
3255.9932,1
3211.049,1
2761.8083,1
2789.829,1
3225.3,1
3147.0425,1
3101.6714,1
2748.9998,1
3148.4827,1
3069.7102,1
3024.0864,1
2730.017,1
3120.062,1
2912.9468,1
2820.0747,1
10109.999,1
11234.439,1
11454.616,1
6360.4536,1
6053.8887,1
5867.0537,1
3821.379,1
4474.596,1
4303.2383,1
4221.933,1
2865.6555,1
2791.8933,1
3891.7324,1
3810.6252,1
3766.407,1
2825.3003,1
3662.5874,1
3587.1138,1
3543.6929,1
2787.0024,1
3479.9355,1
3402.7192,1
2914.3652,1
2786.627,1
3371.612,1
6724.0444,1
3237.975,1
2788.2458,1
3251.8418,1
5076.292,1
3122.1113,1
2770.2905,1
3167.8252,1
4122.425,1
3039.4302,1
2742.9014,1
3131.2236,1
3844.7832,1
2826.9414,1
10121.133,1
12803.646,1
11472.534,1
2795.6133,1
6371.6357,1
7634.6216,1
5873.8364,1
3833.3855,1
4483.1895,1
5403.4214,1
4227.9517,1
2884.2046,1
3897.6404,1
4561.196,1
3771.5422,1
2831.862,1
3668.2434,1
4077.1162,1
3548.0664,1
2799.7556,1
3483.3755,1
3710.419,1
3361.1294,1
2782.4011,1
3336.7942,1
3444.5728,1
3213.5288,1
2765.2,1
3338.807,1
3149.2185,1
2889.9006,1
72177.18,1
5810.8896,1
3168.6843,1
3053.3901,1
2778.1245,1
7118.4653,1
2985.8267,1
2827.468,1
15584.746,1
11410.147,1
11486.183,1
10869.821,1
6231.595,1
5900.983,1
3791.525,1
6865.6016,1
4423.7495,1
4239.8213,1
2889.2578,1
84676.8,1
5438.332,1
3896.4004,1
3779.339,1
2828.446,1
4650.642,1
3647.1545,1
3554.2454,1
2798.2588,1
4090.1917,1
3442.1475,1
3365.695,1
2785.5986,1
22177.879,1
3702.5,1
3281.7185,1
3216.7214,1
2767.1519,1
3444.8923,1
3163.6538,1
3106.0085,1
2753.4055,1
3277.8674,1
3080.4329,1
3027.387,1
2741.9639,1
3237.086,1
2910.951,1
2824.6877,1
10356.675,1
11258.615,1
11466.442,1
6616.692,1
6073.7397,1
5870.41,1
3774.4426,1
6534.1953,1
4659.2114,1
4316.93,1
4223.692,1
2875.4836,1
4020.6064,1
3819.6057,1
3767.075,1
2825.391,1
3749.7253,1
3593.545,1
3544.3496,1
2799.2935,1
3477.385,1
3534.4465,1
3406.1794,1
3358.1206,1
2778.75,1
3368.0625,1
3258.4148,1
3211.0952,1
2762.2058,1
3246.265,1
3148.5615,1
3101.7478,1
2749.1057,1
2915.2454,1
3161.0327,1
3070.7246,1
3024.2114,1
2738.5503,1
3130.8723,1
2911.8547,1
2818.1597,1
10137.277,1
11238.575,1
11459.231,1
6363.143,1
6082.951,1
5868.168,1
3787.9739,1
4495.598,1
4304.974,1
4221.6255,1
2874.628,1
5899.624,1
4092.3345,1
3926.8218,1
3858.5928,1
2818.9358,1
3292.1836,1
3734.4607,1
3646.4258,1
3601.0195,1
3087.993,1
3532.0066,1
3449.455,1
3404.11,1
2982.0896,1
3375.5886,1
3294.0625,1
3248.122,1
2901.6943,1
2792.089,1
3258.3472,1
3177.409,1
3131.1033,1
2842.6704,1
3172.9158,1
3095.0098,1
3047.229,1
2800.748,1
3135.64,1
2922.6948,1
2826.302,1
10118.269,1
11243.563,1
11467.046,1
6374.331,1
6065.385,1
5878.424,1
3842.9565,1
2792.754,1
4486.9683,1
4313.2925,1
4231.8076,1
2915.8792,1
3900.6155,1
3818.686,1
3774.8274,1
2854.1245,1
3670.5947,1
3594.151,1
3550.5718,1
2818.544,1
2790.9434,1
3484.8416,1
3407.7139,1
3363.2983,1
2792.2546,1
3338.2026,1
3260.1848,1
3215.045,1
2770.725,1
3229.0078,1
3150.4517,1
3104.942,1
2754.7737,1
2791.2827,1
3151.418,1
3072.434,1
3026.6877,1
2734.7803,1
3119.1074,1
2911.2485,1
2818.2725,1
10113.933,1
11238.981,1
11460.435,1
6361.3257,1
6055.1436,1
5868.297,1
3826.08,1
4475.188,1
4303.7954,1
4222.573,1
2879.9612,1
3891.3076,1
3810.8767,1
3766.8457,1
2827.9905,1
2792.14,1
3663.0874,1
3587.5928,1
3544.1626,1
2800.913,1
3478.7676,1
3402.2307,1
3357.8801,1
2779.3872,1
3333.5667,1
3256.077,1
3211.0984,1
2762.681,1
2787.7905,1
3225.3718,1
3147.2559,1
2888.2375,1
3188.1653,1
5720.878,1
3051.6943,1
2776.4644,1
565975.3,1
3054.246,1
6974.995,1
2906.7866,1
10002.978,1
16422.357,1
11169.267,1
6162.04,1
10374.313,1
5740.557,1
4422.1787,1
3910.545,1
6298.54,1
3653.6577,1
2483.7288,1
2792.3518,1
5206.1294,1
7211.4487,1
5170.597,1
3246.4143,1
4284.659,1
5538.385,1
4059.8176,1
3097.1292,1
3922.505,1
4830.3384,1
3810.837,1
2996.3252,1
3730.966,1
4306.397,1
3617.3079,1
2792.5557,1
2939.688,1
3557.3835,1
3893.3098,1
3438.4045,1
2889.9565,1
3408.9648,1
3584.5125,1
3286.0989,1
2847.9514,1
3291.0505,1
3364.372,1
3165.9438,1
2814.1804,1
2791.92,1
3215.0676,1
2992.7012,1
10874.671,1
6618.3433,1
11168.308,1
4825.496,1
5754.35,1
5595.8296,1
3677.3477,1
4374.4194,1
3672.8933,1
4172.752,1
2846.7917,1
3873.5068,1
3425.7395,1
3753.3801,1
2804.0525,1
2789.6323,1
3659.0112,1
3290.7554,1
3540.564,1
2787.7646,1
3478.0981,1
3182.375,1
3358.214,1
2757.0793,1
3335.0957,1
3101.0828,1
3212.532,1
2753.6367,1
2793.5425,1
3225.2422,1
3041.6519,1
3102.2788,1
2730.1497,1
3149.0227,1
3001.242,1
3024.224,1
2732.6929,1
3117.5952,1
2847.9863,1
2819.4324,1
10110.757,1
11191.065,1
11461.336,1
6354.6826,1
6031.125,1
5861.654,1
3778.8552,1
4471.428,1
4274.6133,1
4218.45,1
2872.02,1
2791.293,1
3888.7302,1
3780.2793,1
3764.4312,1
2822.7883,1
3661.7544,1
3559.6555,1
3543.0852,1
2796.946,1
3478.0183,1
3378.9492,1
3357.3274,1
2776.6736,1
2790.6252,1
3332.9553,1
3238.052,1
3210.5989,1
2760.5027,1
3224.8433,1
3134.149,1
3101.36,1
2747.6445,1
3148.1006,1
3060.8562,1
3023.7617,1
2737.6626,1
2787.2986,1
3118.819,1
2903.7053,1
2818.6067,1
10107.232,1
11228.366,1
11457.569,1
6360.099,1
6052.0474,1
5866.926,1
3818.0664,1
4473.561,1
4298.884,1
4220.6665,1
2874.7449,1
3889.9504,1
3806.1492,1
3765.4553,1
2824.365,1
2798.4036,1
3662.1033,1
3583.481,1
3543.2817,1
2798.0527,1
3478.091,1
3398.8865,1
3357.2976,1
2777.9385,1
3332.9678,1
3253.3767,1
3210.544,1
2761.4717,1
3224.9087,1
3145.175,1
3101.3403,1
2791.059,1
2748.3918,1
3148.2327,1
3068.4324,1
3023.8494,1
2737.9536,1
3118.7185,1
2910.1409,1
2818.1716,1
10120.762,1
11242.372,1
11458.547,1
6360.418,1
6053.6987,1
5867.148,1
3784.3704,1
4474.9893,1
4302.8823,1
4221.9233,1
2874.2595,1
2787.8372,1
3890.13,1
3809.3225,1
3765.7004,1
2824.265,1
3662.2153,1
3586.4692,1
3543.4856,1
2799.029,1
3478.0522,1
3401.3062,1
3357.36,1
2778.1914,1
2792.182,1
3332.9385,1
3255.1504,1
3210.4373,1
2761.537,1
3224.8887,1
3146.4622,1
3101.2754,1
2748.6975,1
3148.231,1
3069.325,1
3023.7808,1
2738.2976,1
3117.0845,1
2909.3372,1
2816.7373,1
10112.273,1
11237.838,1
11460.077,1
6359.8447,1
6053.9097,1
5866.767,1
3817.8047,1
2790.454,1
4473.324,1
4302.1655,1
4220.4146,1
2874.9514,1
3889.6206,1
3809.1506,1
3765.3276,1
2824.6035,1
3661.7996,1
3586.3472,1
3542.8855,1
2798.2585,1
2791.6218,1
3477.9148,1
3401.4558,1
3357.1663,1
2777.9993,1
3332.838,1
3255.3147,1
3210.3608,1
2761.296,1
3224.8406,1
3146.584,1
3101.216,1
2748.5596,1
2789.7737,1
3148.177,1
3069.4097,1
3023.7898,1
2738.3115,1
3117.7283,1
2910.0671,1
2817.3752,1
10110.385,1
11236.525,1
11459.335,1
6354.6646,1
6049.165,1
5862.6807,1
3789.234,1
4472.9365,1
4301.4146,1
4220.1377,1
2874.2156,1
2787.835,1
3889.3298,1
3808.983,1
3764.9836,1
2812.638,1
3663.0237,1
3586.8076,1
3543.1855,1
2798.0793,1
3477.9932,1
3401.529,1
3357.243,1
2767.9136,1
2794.8818,1
3334.0203,1
3255.8171,1
3210.6787,1
2761.4976,1
4059.5764,1
7922.6704,1
9.858043e+16,1
3417.9993,1
3269.6116,1
3194.6907,1
4388.765,1
3184.8367,1
3105.1355,1
3062.141,1
4245.1284,1
3114.3718,1
2893.6487,1
2791.4133,1
10089.257,1
11220.385,1
11447.441,1
6355.02,1
6053.882,1
5870.9473,1
4469.082,1
2794.5522,1
4474.8374,1
4307.2334,1
4229.057,1
3521.6726,1
3892.8374,1
3815.4841,1
3774.0159,1
3286.3533,1
3666.2974,1
3593.419,1
3552.098,1
3115.111,1
2787.6428,1
3482.899,1
3408.4944,1
3121.323,1
3374.4333,1
3291.3677,1
6683.2173,1
2931.3513,1
3253.8586,1
3174.1943,1
5034.2515,1
2854.2578,1
2790.2761,1
3170.6946,1
4126.4844,1
2946.1873,1
2978.0488,1
3228.3843,1
3661.6401,1
10076.481,1
47858.594,1
13051.868,1
6408.119,1
14590.823,1
7488.684,1
3865.9038,1
4508.969,1
5632.8174,1
5344.923,1
2932.6038,1
3916.5874,1
4573.8135,1
4535.3994,1
2866.2385,1
2793.2527,1
3683.588,1
4043.0913,1
4047.8835,1
2828.0928,1
3495.1833,1
3664.6782,1
3676.8362,1
2799.8674,1
3346.2988,1
3403.5947,1
3407.7876,1
2777.3794,1
2787.549,1
3235.2495,1
3229.2935,1
3221.129,1
2760.029,1
3156.2087,1
3115.7002,1
3095.9395,1
2736.0862,1
3122.6938,1
2965.7695,1
2883.5054,1
10117.287,1
11379.266,1
11595.628,1
6364.235,1
6215.4106,1
6011.4766,1
3827.8674,1
2794.7148,1
4477.5137,1
4414.522,1
4325.936,1
2869.8025,1
3894.3347,1
3885.507,1
3840.683,1
2829.0986,1
3664.6858,1
3634.3428,1
3593.931,1
2792.1172,1
2786.8926,1
3481.222,1
3430.7188,1
3390.4573,1
2780.4744,1
3334.6597,1
3272.183,1
3231.2495,1
2752.5652,1
3227.4888,1
3156.7383,1
3114.403,1
2749.9636,1
3149.3933,1
3075.0273,1
3031.7515,1
2798.6812,1
2727.8845,1
3147.1733,1
2945.7576,1
2854.3433,1
10142.56,1
11286.926,1
11508.98,1
6360.9956,1
6073.0034,1
5884.17,1
3822.257,1
4473.459,1
4314.6685,1
4232.635,1
2864.5823,1
3891.2517,1
3818.6375,1
3774.312,1
2825.75,1
2787.5793,1
3662.1985,1
3591.9998,1
3548.9104,1
2788.516,1
3479.4023,1
3405.325,1
2914.404,1
3371.424,1
3288.2786,1
6685.324,1
2785.9824,1
2788.8245,1
3252.1252,1
3171.146,1
5034.0444,1
2770.5845,1
3167.8035,1
3087.4841,1
4077.9263,1
2738.2742,1
3132.5066,1
2924.3293,1
3755.0393,1
10119.688,1
11248.164,1
13029.699,1
6372.101,1
6068.299,1
7455.3896,1
3833.0051,1
4483.8413,1
4313.6035,1
5325.7705,1
2792.7869,1
2875.553,1
3899.8875,1
3820.1482,1
4521.719,1
2837.7085,1
3668.1338,1
3592.7893,1
4034.42,1
2792.9392,1
3484.3118,1
3406.9514,1
3666.7878,1
2782.498,1
2789.6965,1
3336.956,1
3259.2578,1
3399.9368,1
2756.8735,1
565909.75,1
2421.8855,1
3695.7046,1
3512.0437,1
3489.1995,1
3237.3687,1
3059.8408,1
3050.2236,1
2361.443,1
4509.0923,1
4360.958,1
4256.558,1
3123.1536,1
2790.9211,1
3275.8982,1
3119.9688,1
2937.921,1
9883.035,1
11045.487,1
11407.611,1
6199.901,1
5913.7227,1
5845.1704,1
4368.751,1
4245.527,1
4270.5786,1
3449.5232,1
3929.519,1
3856.368,1
3880.6873,1
3143.1433,1
2790.4814,1
3744.3748,1
3671.9023,1
3676.7075,1
2993.9058,1
3572.7043,1
3497.9797,1
3486.0183,1
2903.5203,1
3421.8855,1
3345.332,1
3321.0054,1
2844.097,1
2794.6968,1
3299.4172,1
3221.6306,1
3188.889,1
2803.7622,1
3206.3337,1
3127.748,1
3089.6006,1
2776.3345,1
3157.1013,1
2943.5784,1
2853.4924,1
10115.067,1
11243.013,1
11481.503,1
6344.924,1
6040.479,1
3404.298,1
4588.3135,1
4694.292,1
4460.446,1
4249.3867,1
3469.2256,1
2790.978,1
3974.239,1
3889.713,1
3715.848,1
3196.3552,1
3733.0051,1
3657.151,1
3462.8252,1
3062.123,1
3539.3203,1
3462.081,1
3280.6196,1
2960.703,1
2790.0364,1
3383.7717,1
3305.321,1
3151.4883,1
2885.7415,1
3265.6265,1
3186.3438,1
3061.7476,1
2831.7683,1
3180.0935,1
3100.3843,1
3000.4895,1
2793.9163,1
3139.5652,1
2927.4058,1
2799.8997,1
10132.097,1
11257.279,1
11450.811,1
2792.6519,1
6371.3125,1
6065.7827,1
5880.391,1
3825.5784,1
4485.722,1
4314.131,1
4223.089,1
2912.2478,1
3900.1921,1
3819.8987,1
3759.298,1
2850.943,1
3671.1067,1
3595.6594,1
3533.6465,1
2816.8894,1
2791.1682,1
3485.677,1
3409.0793,1
3347.7122,1
2790.6628,1
3339.1614,1
3261.514,1
3202.7278,1
2770.3203,1
3229.854,1
3151.549,1
3095.916,1
2756.2615,1
2789.9873,1
3151.947,1
3073.1265,1
3020.354,1
2742.537,1
3121.194,1
2913.0452,1
2815.902,1
10108.538,1
11236.136,1
11456.761,1
6361.5815,1
6055.448,1
5868.651,1
3790.454,1
4475.9463,1
4304.4263,1
4221.9385,1
2878.0942,1
2788.9465,1
3891.3838,1
3811.0825,1
3765.1318,1
2826.9785,1
3663.3335,1
3587.9824,1
3542.3691,1
2800.2244,1
3479.048,1
3402.5728,1
3356.223,1
2779.2378,1
2789.079,1
3333.8228,1
3254.7834,1
2900.4048,1
6266.225,1
3178.449,1
3128.0203,1
2786.282,1
4833.3564,1
3092.878,1
3043.85,1
2760.951,1
4582.891,1
2928.4666,1
2832.2761,1
12482.655,1
11248.838,1
11471.875,1
8703.435,1
6068.3374,1
5880.9717,1
3797.08,1
2796.7717,1
6064.7676,1
4315.2827,1
4232.556,1
2884.9656,1
4959.7144,1
3819.6082,1
3774.4902,1
2833.3035,1
4353.1284,1
3594.576,1
3550.2305,1
2805.5674,1
2788.8215,1
3909.6755,1
3407.669,1
3362.5657,1
2783.446,1
3595.9229,1
3260.233,1
3214.6323,1
2757.7239,1
3383.2102,1
3150.6543,1
3104.6052,1
2751.837,1
2792.3372,1
3241.4543,1
3072.3022,1
3026.2642,1
2740.9573,1
3206.946,1
2913.338,1
2819.9924,1
10109.43,1
11413.027,1
11459.536,1
6549.8794,1
6056.143,1
5868.947,1
3773.3865,1
4612.336,1
4304.3813,1
4222.8936,1
2875.2786,1
3987.5964,1
3810.7703,1
3766.6448,1
2792.258,1
2825.1978,1
3727.8022,1
3587.705,1
3544.2036,1
2799.0994,1
3520.4807,1
3402.4897,1
3358.1873,1
2779.1436,1
3359.3547,1
3256.0022,1
3210.9453,1
2762.014,1
2789.7815,1
3240.9958,1
3147.075,1
3101.6553,1
2748.9707,1
3157.877,1
3069.8582,1
3024.2048,1
2739.1223,1
3128.418,1
2911.6523,1
2818.6843,1
10130.2295,1
11236.002,1
11458.369,1
6382.893,1
6055.4893,1
5868.505,1
3776.496,1
2789.6785,1
4491.1064,1
4303.2803,1
4221.9043,1
2874.1926,1
3901.6702,1
3809.9878,1
3765.9773,1
2824.4382,1
3670.0215,1
3587.0842,1
3543.6892,1
2798.0635,1
2792.1606,1
3483.2275,1
3401.8735,1
3357.5776,1
2777.9502,1
3336.1328,1
3255.5774,1
3210.6245,1
2761.5574,1
3226.8435,1
3146.7805,1
3101.4272,1
2748.5933,1
2792.1711,1
3149.4,1
3069.5654,1
3023.96,1
2727.7593,1
3118.0527,1
2909.9365,1
2817.5195,1
10116.375,1
11238.99,1
11459.66,1
6362.5054,1
6054.1064,1
5867.361,1
3819.328,1
4475.982,1
4302.8228,1
4221.585,1
2865.8123,1
3892.6775,1
3810.4185,1
3766.2244,1
2824.9595,1
2791.7,1
3663.1956,1
3586.886,1
3543.4548,1
2787.078,1
3480.1511,1
3402.3022,1
3357.7625,1
2778.4375,1
3333.5317,1
3255.7207,1
3210.7505,1
2751.288,1
2790.531,1
3226.5024,1
3147.219,1
3101.6277,1
2748.7407,1
3148.5776,1
3069.6416,1
3023.992,1
2738.5066,1
3117.1733,1
2909.327,1
2816.654,1
10115.503,1
11240.247,1
11460.935,1
6360.0273,1
6053.6875,1
5866.8906,1
3787.0068,1
2790.4155,1
4474.556,1
4302.7266,1
4220.825,1
2874.1199,1
3890.02,1
3809.5376,1
3765.3315,1
2824.4731,1
3662.1191,1
3586.6614,1
3543.169,1
2798.383,1
3478.0283,1
3401.4966,1
3357.153,1
2790.6736,1
2777.8347,1
3332.9653,1
3255.4832,1
3210.517,1
2761.7595,1
3224.8848,1
3146.6177,1
3101.2327,1
2748.512,1
3148.2253,1
3069.443,1
3023.7998,1
2728.3582,1
2794.3535,1
3117.62,1
2910.5024,1
2817.9265,1
10112.978,1
11237.615,1
11457.768,1
6359.9653,1
6054.033,1
5867.051,1
3821.1157,1
4473.2593,1
4302.0767,1
4220.7983,1
2866.401,1
3890.8367,1
3809.864,1
3765.6726,1
2824.9739,1
2788.9275,1
3662.066,1
3586.612,1
3543.192,1
2787.5583,1
3479.4058,1
3402.1597,1
3357.6511,1
2778.1523,1
3333.1394,1
3255.6208,1
3210.669,1
2752.6296,1
2790.9524,1
3226.079,1
3147.2195,1
3101.6807,1
2749.173,1
3148.4043,1
3069.5981,1
3023.9639,1
2726.8716,1
3114.7253,1
2907.589,1
2815.3774,1
10114.124,1
11240.346,1
11462.909,1
6361.2876,1
6055.2363,1
5868.277,1
3818.738,1
4473.823,1
4302.524,1
4221.3,1
2863.2727,1
2790.7517,1
3891.3198,1
3810.1326,1
3765.8271,1
2825.0608,1
3662.1714,1
3586.7627,1
3543.3188,1
2786.9517,1
3479.5347,1
3402.2466,1
3357.698,1
2778.2168,1
2794.5288,1
3333.1057,1
3255.5442,1
3210.5432,1
2750.8076,1
3226.2654,1
3147.2283,1
3101.6155,1
2748.661,1
3148.435,1
3069.6343,1
3023.9807,1
2738.3875,1
2788.8242,1
3123.557,1
2916.125,1
2822.6948,1
10103.284,1
11227.669,1
11448.655,1
6355.745,1
6050.285,1
5863.6025,1
3530.8428,1
4481.5327,1
4306.4385,1
4223.7847,1
2869.961,1
3891.0413,1
3810.297,1
3766.2644,1
2822.7087,1
2792.3386,1
3662.79,1
3587.347,1
3543.9355,1
2796.545,1
565893.2,1
2390.489,1
4535.718,1
4098.177,1
3857.5051,1
3310.9282,1
2928.7764,1
2762.9639,1
2710.3435,1
2414.6873,1
4930.8447,1
5083.9346,1
5048.9194,1
3809.3616,1
3693.6555,1
3640.1528,1
2791.0264,1
3175.7544,1
3552.1904,1
3476.9346,1
3433.2546,1
3020.1746,1
3369.9978,1
3126.9395,1
3006.0364,1
10200.134,1
11338.257,1
11571.484,1
6400.9414,1
6100.745,1
5918.03,1
3955.0144,1
4557.606,1
4389.578,1
4311.3022,1
3019.4302,1
2792.0515,1
3997.1582,1
3919.5957,1
3877.4968,1
2936.305,1
3775.1184,1
3701.5347,1
3659.0813,1
2882.8843,1
3582.516,1
3507.0676,1
3463.038,1
2841.159,1
4479.0127,1
7995.094,1
9.858115e+16,1
2789.5957,1
3588.9827,1
3445.2483,1
3373.6353,1
7484.1367,1
3317.9634,1
3240.7864,1
3198.7703,1
3801.764,1
3216.8508,1
3142.348,1
3100.1099,1
3693.7073,1
3149.2795,1
2926.514,1
2823.13,1
10109.278,1
11241.499,1
11469.416,1
6362.784,1
6061.1816,1
5877.79,1
4284.017,1
2791.749,1
4486.281,1
4317.9775,1
4238.7637,1
3338.4932,1
3906.287,1
3828.5679,1
3786.8965,1
3077.5818,1
3680.6047,1
3606.7627,1
3564.6868,1
3018.3987,1
2788.5618,1
3494.609,1
3419.7212,1
3376.556,1
2885.0002,1
3348.2402,1
3271.2415,1
3226.8438,1
2854.183,1
3236.511,1
3159.089,1
3114.2312,1
2784.7302,1
2793.4407,1
3158.6255,1
3079.672,1
3034.183,1
2774.4683,1
3121.7246,1
2912.0403,1
2817.909,1
10109.32,1
11236.813,1
11461.414,1
6362.129,1
6056.3496,1
5869.8047,1
3805.3716,1
4476.7324,1
4305.4326,1
4223.8667,1
2896.821,1
5917.6426,1
2791.935,1
4078.6318,1
3926.9783,1
3860.0144,1
3304.674,1
3727.099,1
3647.903,1
3603.235,1
3106.592,1
3527.2668,1
3450.803,1
3406.061,1
2986.0273,1
3374.4111,1
3295.9373,1
3250.1538,1
2792.7485,1
2912.1584,1
3257.3345,1
3178.7168,1
3132.6865,1
2838.9773,1
3175.267,1
3095.3298,1
3048.837,1
2802.8052,1
3133.6682,1
2921.8394,1
2825.683,1
10121.118,1
11247.189,1
11469.188,1
6371.803,1
6066.1826,1
5879.3853,1
3804.5771,1
2789.6223,1
4485.5317,1
4313.744,1
4232.4614,1
2917.4175,1
3898.8196,1
3818.587,1
3774.5176,1
2854.849,1
3669.5532,1
3594.2358,1
3550.7517,1
2819.3823,1
2792.0938,1
3484.3484,1
3407.963,1
3363.5935,1
2792.6702,1
3337.9636,1
3260.442,1
3215.3853,1
2771.2075,1
3228.9136,1
3150.7034,1
3105.2483,1
2755.235,1
2788.5073,1
3151.388,1
3072.5828,1
3026.8765,1
2742.6323,1
3120.9058,1
2912.7878,1
2819.329,1
10119.249,1
11242.174,1
11459.497,1
6361.974,1
6054.413,1
5868.6626,1
3792.298,1
4476.2554,1
4304.419,1
4223.237,1
2878.646,1
3891.7046,1
3811.3103,1
3767.414,1
2827.1992,1
2792.7424,1
3663.383,1
3587.8867,1
3544.5334,1
2800.4348,1
3478.973,1
3402.422,1
3358.1426,1
2779.3625,1
3333.5935,1
3256.037,1
3211.0857,1
2762.515,1
2787.571,1
3225.3997,1
3147.1682,1
3101.8206,1
2749.2612,1
3148.6245,1
3069.8416,1
3024.2053,1
2738.835,1
3118.8079,1
2911.1135,1
2818.2678,1
10108.262,1
11236.104,1
11458.377,1
6360.773,1
6054.5894,1
5867.533,1
3818.7664,1
2793.8843,1
4474.0674,1
4302.9224,1
4221.757,1
2863.1174,1
3891.7078,1
3810.5293,1
3766.286,1
2824.611,1
3662.4165,1
3586.962,1
3543.5312,1
2798.7688,1
2796.9543,1
3478.263,1
3401.8267,1
3357.5237,1
2778.2397,1
3333.1174,1
3255.6765,1
3210.7217,1
2761.7053,1
3225.033,1
3146.7996,1
3101.424,1
2748.6362,1
3148.3215,1
3069.5566,1
3023.9153,1
2789.7566,1
2738.3794,1
3119.277,1
2911.4143,1
2818.4558,1
10119.965,1
11241.24,1
11457.85,1
6362.0005,1
6057.1494,1
5869.9746,1
3776.3,1
4475.5195,1
4304.0283,1
4222.5903,1
2858.3384,1
3892.425,1
3811.1155,1
3766.7693,1
2824.299,1
2788.794,1
3662.5833,1
3587.27,1
3543.8276,1
2798.3,1
3478.3875,1
3402.0337,1
3357.7188,1
2777.9973,1
3333.2234,1
3255.8608,1
3210.9072,1
2762.287,1
2788.359,1
3224.998,1
3146.782,1
3101.3896,1
2739.2605,1
2120.918,1
6556.9756,1
5819.1953,1
5020.953,1
3674.7761,1
3113.1716,1
2920.163,1
2829.4517,1
10123.646,1
11270.191,1
11513.286,1
6429.017,1
6133.3994,1
5951.2324,1
4041.261,1
4537.2974,1
4359.5234,1
4276.082,1
3085.9067,1
2794.6062,1
3932.616,1
3852.2732,1
3808.4807,1
2974.3481,1
3698.8489,1
3622.9802,1
3579.2612,1
2915.0864,1
3507.7456,1
3431.1638,1
3386.4822,1
2852.5154,1
2787.7146,1
3358.0574,1
3279.73,1
3234.1438,1
2818.8547,1
3244.3318,1
3165.7288,1
3119.8672,1
2779.866,1
3164.4697,1
3084.8533,1
3038.6348,1
2765.3142,1
2792.06,1
3127.4648,1
2917.3235,1
2822.4578,1
10113.952,1
11241.598,1
11465.425,1
6363.6523,1
6058.4663,1
5871.864,1
3755.6587,1
4481.854,1
4309.207,1
4227.5874,1
2891.7566,1
3895.2385,1
3814.6882,1
3770.662,1
2837.538,1
2789.3928,1
3666.4111,1
3590.9773,1
3547.5347,1
2807.6272,1
3481.6284,1
3405.1177,1
3360.769,1
2784.5356,1
3335.8245,1
3258.2634,1
3213.26,1
2766.013,1
2798.64,1
3227.236,1
3149.0042,1
3103.5735,1
2751.6904,1
5997.965,1
3363.5454,1
3210.5786,1
3140.308,1
3240.8342,1
3166.5645,1
6417.8613,1
5697.949,1
9924.094,1
4133.2324,1
3965.1218,1
5279.3735,1
3771.6345,1
3527.8328,1
3428.5166,1
4093.4253,1
2964.8044,1
2789.7446,1
3339.5603,1
3264.8691,1
3691.821,1
2901.1917,1
3248.3245,1
3173.9297,1
3484.0862,1
2843.1565,1
3174.9275,1
3099.2603,1
3309.6494,1
2799.0847,1
2789.0515,1
3118.8596,1
3042.1536,1
3172.7356,1
2768.224,1
3078.4187,1
3000.9285,1
3071.7268,1
2739.1567,1
3051.3704,1
2972.747,1
3001.1492,1
2733.1619,1
3031.105,1
2827.4333,1
2810.5227,1
10026.705,1
11153.349,1
11448.034,1
2788.601,1
6304.1626,1
5997.9023,1
5856.6074,1
3758.0745,1
4421.556,1
4293.7246,1
4167.067,1
2879.8484,1
3839.9585,1
3759.3706,1
3757.7712,1
2817.016,1
3620.3567,1
3544.2712,1
3537.1548,1
2798.3928,1
2794.3572,1
3444.0432,1
3367.601,1
3352.2014,1
2768.7075,1
3308.2974,1
3230.2795,1
3206.5308,1
2760.0552,1
3206.6782,1
3128.4517,1
3097.9775,1
2747.0173,1
2787.7166,1
3135.64,1
3056.9365,1
3021.248,1
2736.9216,1
3107.1306,1
2899.9158,1
2816.5535,1
10103.787,1
11228.949,1
11458.705,1
6353.581,1
6047.5283,1
5866.0044,1
3778.1057,1
4468.581,1
4296.917,1
4220.825,1
2874.452,1
2791.431,1
565913.94,1
3766.115,1
3733.5652,1
3708.526,1
2633.6418,1
3604.1658,1
3538.8894,1
3505.296,1
8273.209,1
8280.818,1
8117.4146,1
3031.463,1
4460.9346,1
4243.478,1
4153.929,1
2954.8884,1
2791.9866,1
3886.769,1
3806.5742,1
3765.02,1
2872.8372,1
3652.3916,1
3577.085,1
3534.9548,1
2839.7073,1
3467.8682,1
3390.8494,1
3346.921,1
2812.5232,1
3337.1367,1
3110.2778,1
3003.4497,1
10271.846,1
11402.638,1
11628.748,1
6476.016,1
6172.8657,1
5988.6987,1
3810.3147,1
2795.0046,1
4594.5684,1
4425.0317,1
4353.174,1
2905.511,1
4006.8823,1
3927.975,1
3886.087,1
2851.5117,1
3766.5967,1
3692.1387,1
3650.116,1
2821.6316,1
2792.6677,1
3564.5977,1
3488.6663,1
3445.1685,1
2797.7642,1
3400.204,1
3322.9414,1
3278.382,1
2777.331,1
3274.7566,1
3196.594,1
3151.3708,1
2761.1345,1
2787.7886,1
3183.9036,1
3105.2307,1
3059.592,1
2748.8896,1
3145.7036,1
2935.776,1
2841.0405,1
10129.137,1
11255.888,1
11480.454,1
6376.2505,1
6070.5083,1
5884.0205,1
3820.89,1
4489.267,1
4318.454,1
4236.884,1
2878.8435,1
3904.9536,1
3824.9568,1
3780.8926,1
2793.6267,1
2828.0525,1
3675.2253,1
3600.0479,1
3556.6472,1
2801.4202,1
3488.7773,1
3412.4897,1
3368.1921,1
2780.4575,1
3341.127,1
3263.7695,1
3218.8103,1
2764.796,1
2783.8037,1
3230.7498,1
3152.5796,1
3107.197,1
2749.7444,1
3152.4478,1
3073.69,1
3028.0322,1
2739.3142,1
3124.0632,1
2916.1926,1
2822.8867,1
10108.688,1
11234.4,1
11457.103,1
6362.301,1
6055.9824,1
5869.064,1
3776.3071,1
2792.1216,1
4477.549,1
4305.1143,1
4223.803,1
2874.8176,1
3892.2273,1
3811.5981,1
3767.5688,1
2824.6475,1
3664.059,1
3588.8218,1
2933.4236,1
3516.5857,1
7330.754,1
3385.337,1
2813.5378,1
3358.9502,1
5468.8457,1
3231.6636,1
2773.056,1
3245.7886,1
4369.3257,1
3117.559,1
73341.234,1
2998.1418,1
3642.8093,1
2926.479,1
3988.6548,1
3067.9575,1
2873.4666,1
3404.06,1
10083.094,1
12278.983,1
11425.108,1
6321.38,1
7111.696,1
5825.053,1
7085.2217,1
4438.229,1
5038.2905,1
4184.846,1
3724.7297,1
3860.3218,1
4311.253,1
3735.2363,1
3293.729,1
84939.18,1
3637.1133,1
3910.5554,1
3517.9453,1
3058.44,1
3457.3577,1
3601.283,1
3336.5852,1
2920.9856,1
3316.1873,1
3373.9392,1
3194.0208,1
2839.6035,1
22389.238,1
3211.5369,1
3214.5347,1
3088.2832,1
2790.154,1
3137.721,1
3106.9736,1
3013.6606,1
2759.9595,1
3111.9006,1
2952.093,1
2814.638,1
10107.645,1
11331.443,1
11455.448,1
6356.365,1
6155.01,1
5863.2046,1
3843.1033,1
6573.7056,1
4470.8267,1
4374.9883,1
4217.773,1
2906.5505,1
3886.8613,1
3860.4028,1
3762.5066,1
2843.3057,1
3659.1362,1
3620.0383,1
3540.2454,1
2808.3652,1
3475.6018,1
3422.512,1
3354.8176,1
3480.2678,1
2783.1277,1
3330.974,1
3268.0537,1
3208.5684,1
2764.2454,1
3223.3057,1
3153.9202,1
3099.7517,1
2749.746,1
3146.9683,1
3073.5154,1
3022.6716,1
2738.8,1
2913.2078,1
3119.298,1
2917.1038,1
2819.138,1
10105.214,1
11242.8,1
11455.266,1
6359.8936,1
6066.0996,1
5866.821,1
3790.8254,1
4474.6343,1
4311.2754,1
4221.6787,1
2877.2483,1
3889.9592,1
3815.748,1
3765.6162,1
2826.1133,1
2812.4067,1
3662.2856,1
3591.2087,1
3543.6267,1
2799.4758,1
3478.1467,1
3404.4602,1
3357.4656,1
2778.7532,1
3332.9329,1
3257.187,1
3210.5425,1
2752.1787,1
2798.5977,1
3225.9539,1
3148.0698,1
3101.4883,1
2748.5442,1
3148.2754,1
3070.0862,1
3023.8481,1
2725.7734,1
3116.6328,1
2910.2937,1
2817.3184,1
10108.193,1
11236.486,1
11459.385,1
6361.4478,1
6057.044,1
5868.7183,1
3339.0706,1
4456.137,1
4657.351,1
4436.0513,1
4327.2983,1
3346.3865,1
2787.8708,1
3948.4497,1
3864.757,1
3818.9045,1
3106.174,1
3707.6277,1
3631.836,1
3587.4004,1
3006.334,1
5342.1963,1
7732.222,1
9.858185e+16,1
3683.0574,1
3536.7925,1
3464.9883,1
2796.1963,1
3245.2112,1
3211.5994,1
3181.4062,1
9769.823,1
3194.476,1
3125.318,1
3085.3767,1
5464.813,1
3129.2358,1
3054.9346,1
3012.819,1
4422.6,1
2793.1465,1
3092.0127,1
2881.2708,1
2787.966,1
10104.969,1
11230.685,1
6460.78,1
6147.631,1
5990.26,1
4929.506,1
4500.246,1
4319.0576,1
3945.4822,1
3678.7373,1
3899.6414,1
3586.6611,1
3775.6926,1
3329.8828,1
2790.9094,1
3670.2134,1
3377.6543,1
3551.6948,1
3112.951,1
3484.9128,1
3408.6355,1
3186.6675,1
2970.5002,1
3338.603,1
3261.1267,1
3083.7026,1
2878.255,1
3229.4485,1
3151.1816,1
3013.3225,1
2789.2593,1
2818.7737,1
3151.842,1
3073.0566,1
2965.947,1
2780.888,1
3118.8691,1
2910.1746,1
2776.3965,1
10115.304,1
11241.094,1
11416.827,1
6362.367,1
6056.361,1
5845.001,1
3824.8613,1
4476.2017,1
4304.6294,1
4194.8555,1
2907.1846,1
2791.396,1
3891.326,1
3811.088,1
3736.8462,1
2845.3674,1
3663.1946,1
3587.8892,1
3516.5486,1
2811.4636,1
3478.9453,1
3402.5352,1
3335.0674,1
2786.1829,1
2790.7515,1
3333.5845,1
3256.0884,1
3193.469,1
2756.2275,1
3226.578,1
3147.6338,1
3089.4678,1
2751.6536,1
3148.7588,1
3069.9421,1
3015.7688,1
2727.8926,1
3115.591,1
2908.4343,1
2810.8318,1
10112.738,1
11239.014,1
11456.336,1
6361.5303,1
6055.4204,1
5865.7686,1
3825.5,1
2791.7268,1
4474.11,1
4302.3447,1
4218.4937,1
2877.109,1
7430.391,1
6209.9966,1
4345.8403,1
4093.8394,1
3979.3357,1
3925.1816,1
3785.8433,1
3701.7634,1
3652.7766,1
3490.2202,1
2787.9763,1
3571.43,1
3494.448,1
3446.689,1
3307.7732,1
3409.0571,1
3331.378,1
3283.3372,1
3139.551,1
3287.6987,1
3208.2913,1
3160.0417,1
3017.7183,1
2797.0918,1
3197.7798,1
3118.1846,1
3070.2842,1
2920.96,1
3146.1445,1
2930.1777,1
2830.185,1
10128.973,1
11257.67,1
11482.442,1
6382.6826,1
6077.4546,1
5890.5864,1
3912.831,1
4494.35,1
4322.504,1
4240.979,1
2976.116,1
2790.588,1
3907.1245,1
3826.8352,1
3782.379,1
2896.679,1
3676.4907,1
3601.0803,1
3557.1414,1
2847.7983,1
3489.9663,1
3413.408,1
3368.559,1
2811.4663,1
3342.6165,1
3265.0098,1
3219.5774,1
2793.1504,1
2784.1104,1
3232.6125,1
3154.245,1
3108.4834,1
2763.4102,1
3154.3145,1
3075.5496,1
3029.6494,1
2751.6843,1
3124.8838,1
2916.1973,1
2822.1611,1
10108.123,1
11234.507,1
11458.291,1
6363.929,1
6057.8457,1
5870.942,1
3788.0908,1
567327.1,1
3218.6206,1
2785.9585,1
4605.0825,1
4402.9243,1
4299.48,1
3090.5605,1
4300.118,1
4220.9927,1
4113.2637,1
3007.0413,1
4794.594,1
4498.8286,1
4321.6694,1
3281.0369,1
3971.6245,1
3881.6304,1
3838.9607,1
3137.2983,1
2794.1255,1
3760.5295,1
3690.5242,1
3650.5432,1
3062.9646,1
3591.0354,1
3518.1184,1
3475.1865,1
2992.7136,1
3442.2786,1
3366.3445,1
3321.2737,1
2927.7363,1
2790.938,1
3320.8013,1
3242.9094,1
3196.6567,1
2873.262,1
3235.4954,1
3008.8757,1
2900.4192,1
10143.644,1
11274.595,1
11501.074,1
6374.7246,1
6071.7944,1
5886.7173,1
3862.993,1
4508.598,1
4338.1,1
4257.7954,1
2944.4358,1
3933.691,1
3854.2788,1
3810.8337,1
2879.7605,1
2786.778,1
3708.07,1
3633.2483,1
3589.9966,1
2841.7542,1
3520.412,1
3444.252,1
3399.8633,1
2810.1233,1
3368.8384,1
3291.386,1
3246.2065,1
2785.2678,1
2796.815,1
3253.4385,1
3175.0742,1
3129.4082,1
2766.1133,1
3169.983,1
3091.0527,1
3045.138,1
2751.5632,1
3132.2976,1
2922.1528,1
2827.4824,1
10115.301,1
11242.638,1
11467.063,1
6363.6157,1
6057.563,1
5870.568,1
3794.5913,1
2791.3582,1
4478.9653,1
4307.591,1
4225.6045,1
2882.1414,1
3895.7273,1
3815.5867,1
2961.903,1
3703.469,1
7950.601,1
3575.1113,1
2837.481,1
2788.3413,1
3507.305,1
5923.4478,1
3382.2388,1
2802.0232,1
3355.7373,1
4677.67,1
3229.889,1
2780.1948,1
3242.4595,1
3966.6902,1
3115.9802,1
2762.4014,1
3161.6604,1
3541.372,1
3034.9624,1
2789.1309,1
2748.926,1
3126.3865,1
3332.1472,1
2822.8242,1
10123.843,1
12006.391,1
11470.68,1
6367.526,1
6842.8506,1
5873.5967,1
3781.2876,1
4480.6504,1
4862.5273,1
4226.949,1
2879.2354,1
3895.0679,1
4199.314,1
3770.108,1
2828.5718,1
2790.7976,1
3666.114,1
3844.809,1
3546.6885,1
2801.6777,1
3481.2395,1
3404.4968,1
3521.4739,1
2780.4907,1
3335.5173,1
3357.2915,1
3212.7192,1
2763.6802,1
2792.1077,1
3226.883,1
3148.4663,1
3162.75,1
2750.1614,1
3149.7407,1
3106.2505,1
3025.0903,1
2739.5178,1
3120.1619,1
2946.6482,1
2819.38,1
10112.228,1
11310.808,1
11458.361,1
6361.091,1
6133.3345,1
5868.1064,1
3768.7522,1
4476.145,1
4361.218,1
4222.9146,1
2874.5286,1
2792.6328,1
3890.7961,1
3850.9375,1
3766.3528,1
2824.6194,1
3662.6375,1
3614.545,1
3543.7844,1
2798.448,1
3478.4792,1
3419.5874,1
3357.6533,1
2778.1448,1
2794.007,1
3333.2832,1
3266.7424,1
3210.8125,1
2761.748,1
3225.1597,1
3153.5547,1
3101.5176,1
2748.6755,1
3148.4392,1
3073.6252,1
3024.0278,1
2738.442,1
2792.5063,1
3115.8633,1
2911.8147,1
2815.42,1
10116.768,1
11251.191,1
11463.862,1
6361.6636,1
6064.465,1
5868.0044,1
3602.5203,1
4479.475,1
4312.287,1
4223.186,1
2870.4502,1
3890.3215,1
3814.549,1
3765.686,1
2822.8025,1
2784.2883,1
3662.0862,1
3590.0322,1
3543.394,1
2798.1335,1
3478.1145,1
3403.7214,1
3357.3147,1
2777.4119,1
3333.051,1
3255.5579,1
3211.919,1
2761.3086,1
2797.5605,1
3224.9775,1
3147.548,1
3101.386,1
2748.6155,1
3148.272,1
3069.9849,1
3023.879,1
2738.2827,1
3118.153,1
2910.9492,1
2817.7012,1
10108.618,1
11237.536,1
11459.196,1
6360.384,1
6055.3755,1
5867.352,1
3780.795,1
4474.9683,1
4304.2114,1
4222.081,1
2873.781,1
2786.1235,1
3890.4253,1
3810.7156,1
3766.1265,1
2822.8362,1
3662.5432,1
3587.1165,1
3544.0754,1
2798.1726,1
3478.2085,1
3402.0,1
3357.434,1
2777.8267,1
2793.6274,1
3333.0054,1
3255.709,1
3210.605,1
2750.6426,1
3226.196,1
3147.2605,1
3101.5654,1
2748.397,1
3148.358,1
3069.6763,1
3023.995,1
2729.8718,1
3120.6748,1
2913.5452,1
2820.6284,1
10106.43,1
11231.82,1
11453.695,1
2787.3274,1
6360.148,1
6054.303,1
5867.5703,1
3820.8564,1
4474.7515,1
4303.5693,1
4221.7456,1
2866.5354,1
3891.8079,1
3811.1096,1
3766.6748,1
2825.6165,1
3662.7668,1
3587.404,1
3543.8755,1
2786.8188,1
2794.4646,1
3480.032,1
3402.771,1
3358.1436,1
2779.2114,1
3333.3108,1
3255.811,1
3210.7866,1
2750.5098,1
3226.4927,1
3147.4548,1
3101.8188,1
2748.6235,1
2792.841,1
3148.5676,1
3069.765,1
3024.098,1
2726.1643,1
3114.621,1
2907.5334,1
2815.3613,1
10111.651,1
11238.931,1
11463.27,1
6362.3623,1
6056.422,1
5869.462,1
3821.0852,1
4474.093,1
4302.184,1
4221.014,1
2863.5886,1
2790.0742,1
3891.6255,1
3810.251,1
3765.9883,1
2825.1506,1
3662.271,1
3586.7593,1
3543.3318,1
2790.6033,1
3479.0645,1
3402.0996,1
2914.5115,1
2792.2712,1
6804.818,1
3286.1619,1
3237.6028,1
2798.2415,1
5154.1245,1
3169.3796,1
3121.6062,1
2770.4158,1
4201.7056,1
3086.6545,1
3039.1506,1
2754.9834,1
4057.0713,1
2924.5073,1
2828.8862,1
10118.579,1
12800.461,1
11468.669,1
7943.41,1
6065.234,1
5877.624,1
3787.975,1
2787.635,1
5577.0947,1
4312.282,1
4230.443,1
2883.2551,1
4642.5635,1
3817.0508,1
3772.5586,1
2830.904,1
4153.2866,1
3592.54,1
3548.6704,1
2803.5505,1
2793.2617,1
3787.3252,1
3406.111,1
3361.4084,1
2782.2183,1
3522.446,1
3258.9148,1
3213.6257,1
2764.446,1
3338.8662,1
3149.3386,1
3103.6938,1
2750.7727,1
2791.2173,1
3215.9104,1
3071.525,1
3025.6843,1
2740.2515,1
3181.354,1
2910.831,1
2817.8745,1
10244.82,1
11239.655,1
11462.643,1
6498.951,1
6053.761,1
5867.1147,1
3820.8765,1
4574.7603,1
4302.568,1
4221.496,1
2875.879,1
3962.402,1
3810.2505,1
3766.17,1
2788.7168,1
2825.6902,1
3662.4429,1
3635.306,1
3543.5537,1
2799.052,1
3509.3723,1
3401.7922,1
3357.411,1
2778.2166,1
3352.4758,1
3255.6248,1
3210.6155,1
2761.6672,1
2795.2715,1
3236.7925,1
3146.8093,1
3101.4019,1
2748.829,1
3155.3381,1
3069.6438,1
3024.0117,1
2738.5994,1
3126.3052,1
2911.85,1
2818.918,1
10125.292,1
11235.581,1
11457.375,1
6376.1504,1
6054.181,1
5867.098,1
3779.3467,1
2789.4382,1
4486.964,1
4303.6616,1
4221.7817,1
2875.668,1
3898.5474,1
3810.014,1
3765.795,1
2824.346,1
3668.0505,1
3586.9478,1
3543.4402,1
2798.6587,1
2790.663,1
3481.795,1
3401.6482,1
3357.2888,1
2777.916,1
3335.2773,1
3255.4932,1
3210.5078,1
2734.6907,1
565857.6,1
2361.1816,1
4868.372,1
4187.6978,1
3823.7827,1
3366.219,1
2790.9214,1
3254.3188,1
3139.8047,1
3084.9487,1
5017.124,1
5119.597,1
5109.6245,1
3173.1677,1
3514.0964,1
3364.2737,1
3283.804,1
10012.409,1
11202.268,1
11498.361,1
6650.082,1
6386.0674,1
6226.414,1
4112.5093,1
4891.138,1
4701.775,1
4615.386,1
3095.7075,1
4231.4795,1
4153.8213,1
4113.808,1
3006.7942,1
2792.4756,1
3979.39,1
3907.434,1
3866.6204,1
2934.2444,1
3752.975,1
3678.0227,1
3634.7197,1
2889.0142,1
3553.4456,1
3477.3245,1
2977.7441,1
2790.1636,1
6897.394,1
3346.8066,1
3297.7268,1
2848.7302,1
5219.056,1
3216.133,1
3167.6687,1
2800.1653,1
4793.5757,1
3004.3962,1
2900.433,1
12569.988,1
11314.77,1
11540.942,1
8737.492,1
6112.9556,1
5926.087,1
3867.3557,1
2790.4377,1
6115.995,1
4361.508,1
4280.822,1
2904.468,1
2230.1934,1
8374.107,1
6566.976,1
5776.2246,1
3502.909,1
7203.475,1
2.0822064e+07,1
4539.6484,1
3712.4104,1
3648.02,1
3834.4592,1
3366.6296,1
3337.0735,1
2788.3147,1
9323.924,1
3573.722,1
3240.0884,1
3200.5557,1
5079.3286,1
3367.2585,1
3135.5752,1
3093.8877,1
4156.1045,1
3228.4958,1
3060.2202,1
3017.4443,1
3589.4824,1
2799.1184,1
3189.9421,1
2893.918,1
2801.2878,1
10276.16,1
11225.624,1
11448.501,1
6534.08,1
6042.452,1
5857.4053,1
4367.576,1
4600.664,1
4295.0283,1
4214.393,1
3282.1504,1
3979.7737,1
3804.3733,1
3761.2185,1
3075.6738,1
2788.4702,1
3722.0667,1
3583.0232,1
3540.4233,1
2949.8083,1
3516.205,1
3399.0022,1
3355.3838,1
2848.2996,1
3357.1516,1
3253.8928,1
3209.3218,1
2814.2332,1
2792.547,1
3238.5903,1
3145.2134,1
3100.269,1
2751.072,1
3159.8367,1
3069.8801,1
3023.9517,1
2755.6294,1
3123.6904,1
2906.804,1
2814.2341,1
10128.854,1
11242.073,1
11460.711,1
6377.7676,1
6048.129,1
5861.778,1
3774.8416,1
4488.9775,1
4301.063,1
4219.7153,1
2890.539,1
2787.918,1
3900.0808,1
3808.4673,1
3764.571,1
2826.2441,1
3669.902,1
3586.5068,1
3543.0947,1
2805.31,1
3482.3535,1
3400.9678,1
3356.726,1
2772.8628,1
2793.8237,1
3333.4,1
3258.5293,1
3210.3557,1
2763.6113,1
3226.5454,1
3146.5376,1
3101.2234,1
2751.9817,1
3148.9536,1
3069.2131,1
3023.6484,1
2738.9502,1
2789.5422,1
3118.2893,1
2909.485,1
2816.7744,1
10111.873,1
11236.038,1
11459.816,1
6362.4526,1
6053.993,1
5867.129,1
3773.6475,1
4476.7734,1
4302.529,1
4221.158,1
2875.326,1
3891.2402,1
3809.3967,1
3765.391,1
2825.0735,1
2787.3584,1
3662.82,1
3586.412,1
3542.9927,1
2798.736,1
3478.48,1
3401.3977,1
3357.1116,1
2778.169,1
3333.1755,1
3255.2979,1
3210.3494,1
2761.7378,1
3225.0283,1
3146.537,1
3101.159,1
2797.981,1
2748.527,1
3148.3127,1
3069.395,1
3023.772,1
2738.3516,1
3116.3362,1
2908.4683,1
2815.8982,1
10111.683,1
11238.143,1
11461.966,1
6360.9165,1
6054.4507,1
5867.534,1
3784.9822,1
4474.5176,1
4302.741,1
4221.4673,1
2874.2239,1
2790.503,1
3890.1301,1
3809.6746,1
3765.734,1
2824.2722,1
3662.2788,1
3586.8494,1
3543.3828,1
2798.3057,1
3478.073,1
3401.5422,1
3357.1943,1
2777.8848,1
2791.2637,1
3332.86,1
3255.3044,1
3210.3198,1
2761.4856,1
3224.7935,1
3146.5098,1
3101.144,1
2748.44,1
3148.1514,1
3069.374,1
3023.7556,1
2737.7366,1
5999.466,1
3085.7332,1
2907.4502,1
2823.5867,1
10104.933,1
11258.111,1
11509.629,1
6436.5405,1
6144.1772,1
5964.5186,1
4306.6978,1
2790.6514,1
4545.8647,1
4365.591,1
4279.5796,1
3211.5232,1
3934.387,1
3853.8843,1
3809.5554,1
3065.8901,1
3698.9744,1
3623.739,1
3580.012,1
2969.798,1
2790.8547,1
3508.7693,1
3432.2312,1
3387.4766,1
2896.1772,1
3357.9763,1
3280.2405,1
3234.751,1
2840.8845,1
3244.9976,1
3166.4426,1
3120.5413,1
2801.2317,1
2787.139,1
3164.1304,1
3085.0957,1
3039.0237,1
2773.394,1
3128.2478,1
2918.2153,1
2823.0032,1
10115.141,1
11242.887,1
11464.896,1
6366.798,1
6060.7876,1
5874.179,1
3713.5242,1
4484.0605,1
4311.399,1
4229.629,1
2897.048,1
2790.078,1
3896.118,1
3815.7686,1
3771.8552,1
2840.87,1
3666.969,1
3591.5684,1
3548.1323,1
2809.795,1
3481.9683,1
3405.4473,1
3361.1016,1
2785.8193,1
3336.1182,1
3258.642,1
3213.6604,1
2793.5122,1
2767.0215,1
3227.4097,1
3149.1138,1
3103.679,1
2752.23,1
3150.191,1
3071.3748,1
3025.6934,1
2740.8613,1
3119.7983,1
2911.8047,1
2818.6116,1
10162.009,1
11275.493,1
6518.4854,1
6165.4355,1
5968.8804,1
3830.3904,1
2793.0442,1
4227.249,1
4333.0625,1
4248.2744,1
2906.462,1
3679.6274,1
3830.3584,1
3785.2012,1
2844.6948,1
3462.3394,1
3602.9897,1
3558.4343,1
2813.7378,1
2790.847,1
3314.433,1
3414.328,1
3368.9775,1
2790.0398,1
3211.4453,1
3265.3015,1
3219.4658,1
2770.9297,1
3140.8984,1
3154.1892,1
3108.0952,1
2755.7292,1
2794.9421,1
3093.283,1
3075.2046,1
3029.0022,1
2743.813,1
3082.7332,1
2914.5032,1
2820.8682,1
10068.458,1
11240.498,1
11463.422,1
6338.3643,1
6056.865,1
5869.0117,1
3822.5737,1
4448.0903,1
4305.17,1
4222.925,1
2877.797,1
3862.2961,1
3812.101,1
3767.5847,1
2826.5498,1
2789.4233,1
3636.3416,1
3588.7502,1
3545.011,1
2800.3225,1
3456.552,1
3403.1074,1
3358.5654,1
2771.19,1
3317.4897,1
3257.0046,1
3211.7568,1
2763.3062,1
2787.5557,1
3213.3286,1
3147.5286,1
3101.9878,1
2740.457,1
3141.515,1
3070.5652,1
3024.6582,1
2738.9504,1
3112.0479,1
2909.4954,1
2816.7498,1
10105.701,1
11237.843,1
11461.776,1
6359.075,1
6055.3433,1
5868.306,1
3787.9165,1
2790.9521,1
4471.616,1
4303.2056,1
4221.8706,1
2873.9587,1
3886.7456,1
3809.8828,1
3765.793,1
2813.4019,1
3660.2354,1
3587.3584,1
3543.6746,1
2798.3772,1
2792.628,1
3475.5706,1
3401.815,1
3357.4597,1
2770.3613,1
3331.8582,1
3255.9229,1
3210.786,1
2761.56,1
3223.6384,1
3146.964,1
3101.586,1
2748.8174,1
3147.3806,1
3069.661,1
3024.0227,1
2793.8914,1
2737.6096,1
3117.64,1
2910.6467,1
2817.866,1
10109.968,1
11236.701,1
11459.357,1
6360.073,1
6054.6133,1
5867.554,1
3786.7285,1
4474.5425,1
4302.813,1
4222.093,1
2874.6917,1
3889.736,1
3809.578,1
3765.763,1
2824.3528,1
2791.1816,1
3661.7446,1
3586.668,1
3543.336,1
2798.198,1
3477.745,1
3401.5671,1
3357.287,1
565818.5,1
2521.858,1
3282.407,1
3213.9783,1
3174.4973,1
2701.6296,1
3786.219,1
3673.512,1
3561.9873,1
2765.7952,1
2791.766,1
4454.7437,1
4167.924,1
3969.5151,1
3137.9656,1
3601.2148,1
3497.9766,1
3447.3123,1
2990.058,1
3354.5627,1
3105.4346,1
2979.456,1
10127.644,1
11268.261,1
11502.849,1
6324.619,1
6026.9697,1
5845.8506,1
3174.089,1
4625.746,1
4648.7896,1
4831.606,1
4581.701,1
4454.1123,1
3818.801,1
2791.419,1
4056.6443,1
3974.4822,1
3933.3115,1
3469.135,1
3830.3364,1
3759.3147,1
3718.7034,1
3341.0044,1
3638.755,1
3565.2568,1
3522.0632,1
3204.7915,1
2788.3413,1
3474.14,1
3397.9512,1
3352.8252,1
3080.236,1
3341.4165,1
3263.4487,1
3217.2273,1
2976.5903,1
3240.4578,1
3161.3167,1
3114.4841,1
2900.2214,1
2788.4253,1
3178.6736,1
2958.6885,1
2855.8342,1
10175.932,1
11294.709,1
11481.752,1
6376.7783,1
6071.308,1
5885.3496,1
3904.038,1
4496.8228,1
4325.9326,1
4245.154,1
2962.7627,1
3914.9167,1
3834.9924,1
3791.1704,1
2889.2544,1
2792.4697,1
3686.721,1
3611.8308,1
3568.3872,1
2845.6968,1
3500.1848,1
3423.5867,1
3379.1228,1
2792.165,1
3354.1233,1
3275.071,1
3229.5,1
2783.972,1
2790.2312,1
3240.1035,1
3161.6758,1
3115.9924,1
2757.4692,1
3160.6997,1
3081.3066,1
3035.3318,1
2739.1821,1
3125.1257,1
2916.4727,1
2822.7546,1
10110.223,1
11237.335,1
11461.656,1
6363.206,1
6057.4243,1
5870.767,1
4307.8657,1
4186.447,1
4127.0415,1
3019.587,1
2797.864,1
3832.1606,1
3754.9766,1
3005.1685,1
7974.283,1
3572.3691,1
3526.319,1
2840.6794,1
5955.5903,1
3388.6362,1
3342.7747,1
2790.7292,1
2786.539,1
4720.909,1
3244.9492,1
3198.8389,1
2773.913,1
4017.771,1
3137.4597,1
3091.39,1
2753.6855,1
3599.364,1
3062.0742,1
3015.9785,1
2740.221,1
3532.0483,1
2911.35,1
2819.3835,1
10866.396,1
11235.055,1
11457.244,1
2793.5554,1
7139.919,1
6051.978,1
5864.9185,1
3798.3083,1
5027.1978,1
4301.568,1
4219.8335,1
2887.555,1
6000.6973,1
5178.9263,1
4657.514,1
4051.0024,1
3955.3591,1
3912.842,1
4033.6377,1
3697.3745,1
3651.9846,1
3498.115,1
2787.3699,1
3728.9465,1
3491.1494,1
3446.123,1
3301.4368,1
3505.8867,1
3328.7593,1
3282.6829,1
3137.18,1
3344.3604,1
3205.707,1
3159.0417,1
3008.462,1
2794.7383,1
3231.2407,1
3116.2708,1
3069.3525,1
2913.5964,1
3179.3965,1
2929.8733,1
2830.7766,1
10203.091,1
11257.916,1
11482.979,1
6462.5586,1
6078.6704,1
5891.734,1
3902.0742,1
4551.172,1
4322.4795,1
4241.1724,1
2973.2146,1
2787.1812,1
3947.0466,1
3826.183,1
3782.0908,1
2893.5547,1
3703.2778,1
3600.564,1
3556.9768,1
2833.5767,1
3508.603,1
3413.6042,1
3368.8313,1
2810.182,1
2792.076,1
3353.2932,1
3264.6292,1
3219.4211,1
2771.7612,1
3240.3516,1
3154.498,1
3108.6829,1
2762.5935,1
3158.2668,1
3075.3628,1
3029.5342,1
2740.2712,1
3122.7026,1
2910.513,1
2817.3735,1
10138.619,1
11251.94,1
11465.97,1
6371.9775,1
6056.825,1
5869.989,1
3832.5054,1
2795.3843,1
4482.581,1
4304.6904,1
4223.428,1
2873.4583,1
3897.9878,1
3812.2073,1
3767.9521,1
2831.1758,1
3667.0676,1
3588.371,1
3544.8987,1
2793.3157,1
2787.9487,1
3482.6208,1
3403.3728,1
3358.836,1
2781.0054,1
3335.4426,1
3256.5718,1
3211.5583,1
2763.597,1
3226.612,1
3147.5872,1
3102.1865,1
2750.0857,1
2792.894,1
3149.4285,1
3070.17,1
3024.513,1
2739.337,1
3118.4153,1
2910.1562,1
2817.3447,1
10110.762,1
11236.401,1
11460.284,1
6361.574,1
6054.341,1
5867.5615,1
3768.671,1
4476.224,1
4303.676,1
4221.6016,1
2874.821,1
3891.1497,1
3810.295,1
3766.0352,1
2791.774,1
2824.4978,1
6013.568,1
5128.675,1
4059.3672,1
3838.759,1
3743.734,1
3822.5288,1
3605.562,1
3521.9048,1
3475.1614,1
3432.093,1
3429.567,1
3351.6738,1
3305.6106,1
3254.0425,1
6437.317,1
2787.488,1
3499.0454,1
3348.52,1
3279.4102,1
3642.038,1
2692.9143,1
6653.313,1
5924.95,1
5129.1543,1
4187.82,1
3173.7893,1
2961.9272,1
2856.0264,1
10152.435,1
11304.233,1
11551.482,1
6473.831,1
6181.1655,1
6001.6353,1
2794.3623,1
4427.627,1
4300.3706,1
4238.5894,1
4377.853,1
23118.986,1
9.8583295e+16,1
9059.688,1
4184.078,1
3993.307,1
3900.9055,1
6831.1357,1
3716.243,1
3637.8167,1
3596.7659,1
4712.2207,1
2787.7168,1
3515.2256,1
3443.4316,1
3402.7913,1
4120.145,1
3365.5447,1
3292.1035,1
3249.8135,1
3599.1362,1
3253.9941,1
3177.853,1
3134.134,1
3406.1416,1
2792.2456,1
3171.8123,1
3094.9922,1
3050.571,1
3174.537,1
3125.7576,1
2910.826,1
2812.842,1
10106.506,1
11235.689,1
11461.937,1
6367.7866,1
6062.9766,1
5877.0337,1
4037.294,1
4481.1875,1
4310.5874,1
4230.114,1
3087.56,1
4728.3086,1
4715.2437,1
4643.967,1
5510.5913,1
5434.3037,1
4497.159,1
3.2333626e+07,1
1.3790862e+06,1
1.9806331e+06,1
245733.42,1
185752.16,1
155531.97,1
2789.3818,1
653789.56,1
92110.82,1
85055.76,1
79263.4,1
446886.56,1
65788.81,1
60620.555,1
56052.293,1
3.3355318e+06,1
50077.97,1
46822.207,1
4.2842332e+07,1
2.8569312e+06,1
1.4621279e+06,1
789988.56,1
3.330738e+06,1
2793.7954,1
414771.03,1
232043.28,1
1.0394764e+06,1
196579.81,1
276184.22,1
156309.11,1
637533.06,1
215069.45,1
519638.72,1
118678.08,1
3.922476e+07,1
3.7269662e+06,1
1.3404885e+06,1
919323.9,1
4.1183428e+06,1
654001.06,1
519759.7,1
2.8799018e+06,1
433205.66,1
357037.94,1
1.5902515e+06,1
300856.38,1
2791.4902,1
268770.22,1
219191.84,1
1.04225144e+06,1
190078.38,1
191816.55,1
158139.38,1
769805.0,1
136249.8,1
137725.03,1
112933.02,1
567660.9,1
475979.16,1
104419.46,1
87968.95,1
4.087996e+07,1
6.8404675e+06,1
648817.9,1
446398.4,1
2.7356585e+06,1
2791.2642,1
334119.6,1
276521.16,1
244075.33,1
1.3166781e+06,1
207054.38,1
195431.52,1
1.0260968e+06,1
163010.92,1
4.5779068e+07,1
4.1226468e+06,1
2.764017e+06,1
7.913572e+06,1
1.6825918e+06,1
571052.56,1
450877.0,1
2.4408905e+06,1
364185.22,1
2788.5688,1
331782.53,1
303612.7,1
1.6620968e+06,1
267747.78,1
246364.34,1
1.3729586e+06,1
207892.38,1
191576.03,1
1.0531886e+06,1
167363.22,1
155062.62,1
141804.31,1
820026.25,1
122549.67,1
113313.51,1
102839.75,1
615785.0,1
87921.37,1
2793.2004,1
80847.21,1
72860.32,1
67501.91,1
61308.355,1
54715.707,1
406422.1,1
45765.625,1
41600.555,1
37036.426,1
263427.0,1
30984.916,1
2791.7957,1
28259.555,1
25158.793,1
167278.3,1
21173.473,1
19433.963,1
17349.934,1
104733.55,1
14741.269,1
14650.978,1
13609.817,1
77433.22,1
19209.285,1
19649.166,1
68082.04,1
13388.727,1
12453.854,1
43515.676,1
9532.192,1
9756.848,1
9085.228,1
31015.695,1
7115.298,1
2786.9812,1
7800.9297,1
7326.975,1
22271.246,1
5941.742,1
569285.9,1
6342.495,1
6414.205,1
6012.0283,1
15865.534,1
5524.129,1
5171.4893,1
13346.603,1
4851.018,1
6504.817,1
6267.4966,1
11760.888,1
5973.719,1
2793.306,1
5140.309,1
4879.9585,1
8624.035,1
4480.1123,1
4559.0044,1
4381.2485,1
6805.355,1
3987.051,1
4165.582,1
4010.8025,1
5522.74,1
3639.2146,1
2795.5952,1
3904.8367,1
3638.9128,1
5059.5996,1
10670.333,1
11758.285,1
13173.861,1
6778.233,1
6440.3926,1
7114.465,1
4365.9165,1
4851.667,1
4651.5947,1
5193.5454,1
3327.4233,1
4221.043,1
4116.368,1
4506.8086,1
3172.5828,1
3943.9207,1
3848.1956,1
4095.92,1
2788.6658,1
3062.8394,1
3709.661,1
3616.4812,1
3760.312,1
2977.0332,1
3517.3127,1
3426.3484,1
3499.0483,1
2911.457,1
3367.8372,1
3278.9302,1
3304.9802,1
2793.7876,1
2860.9714,1
3257.0117,1
3169.967,1
3166.5095,1
2822.177,1
3209.1465,1
2996.1445,1
3002.087,1
10173.113,1
11296.175,1
11598.108,1
6407.009,1
6097.1,1
5970.9243,1
3829.2314,1
4518.1846,1
4343.19,1
4304.961,1
2921.7654,1
2786.7878,1
3927.724,1
3845.5461,1
3831.1313,1
2861.1975,1
3694.7715,1
3617.037,1
3593.5981,1
2826.8733,1
3505.0105,1
3426.685,1
3395.0967,1
2800.3218,1
2792.3872,1
3354.4084,1
3275.3696,1
3238.207,1
2778.4248,1
3241.5762,1
3162.0957,1
3121.327,1
2761.1377,1
3160.9666,1
3081.2605,1
2887.8074,1
2972.725,1
2795.4155,1
3195.3296,1
10079.855,1
11252.688,1
48206.86,1
6404.705,1
6099.2485,1
14426.859,1
3810.0513,1
2789.7292,1
4505.139,1
4329.3594,1
5554.12,1
2899.9167,1
3912.748,1
3830.663,1
4530.6543,1
2834.7773,1
3681.5344,1
3604.0996,1
3999.894,1
2813.783,1
2789.3975,1
3492.8525,1
3415.1736,1
3619.8276,1
2790.174,1
3344.4575,1
3265.921,1
3357.665,1
2770.9062,1
3233.782,1
3154.7273,1
3182.821,1
2755.702,1
2797.5278,1
3155.041,1
3075.5793,1
3068.9443,1
2743.919,1
3123.2292,1
2914.9307,1
2874.203,1
10113.517,1
11240.141,1
11601.884,1
6365.5425,1
6059.093,1
6030.051,1
3781.4822,1
4478.4165,1
4306.5474,1
4334.2847,1
2876.8413,1
2790.7383,1
3892.8909,1
3812.3625,1
3841.1555,1
2826.492,1
3664.5698,1
3589.1145,1
3591.1948,1
2800.4468,1
3479.878,1
3403.2856,1
3385.8635,1
2779.2866,1
3334.3235,1
3272.06,1
3211.6326,1
2792.668,1
2762.5417,1
3225.9395,1
3147.5977,1
3110.6035,1
2749.4111,1
3149.0024,1
3070.2217,1
3029.1296,1
2738.9595,1
3118.2888,1
2910.5566,1
2823.7517,1
10110.693,1
11237.23,1
11476.648,1
6361.817,1
6055.665,1
5886.797,1
3770.081,1
2787.7793,1
3939.9688,1
3761.7566,1
3625.6035,1
4.210065e+07,1
2.5182852e+06,1
1.485214e+06,1
1.0360886e+06,1
4.3072685e+06,1
596636.8,1
177966.95,1
136365.95,1
1.0334478e+06,1
110499.63,1
94588.94,1
85718.055,1
575791.56,1
73141.836,1
2789.4216,1
66335.89,1
59907.24,1
403904.38,1
50707.62,1
45990.926,1
41355.785,1
276863.3,1
34912.9,1
31691.072,1
28436.744,1
184100.77,1
24063.918,1
2791.1865,1
21938.8,1
19695.348,1
119878.46,1
16785.293,1
16384.93,1
15355.574,1
89903.63,1
20705.422,1
20904.293,1
77970.26,1
14481.463,1
13532.435,1
50490.156,1
10499.559,1
10624.993,1
41128.848,1
9951.474,1
4.0466156e+07,1
1.8544504e+06,1
862864.4,1
556290.94,1
2.967329e+06,1
322632.38,1
153891.7,1
133173.14,1
957479.8,1
113519.62,1
2790.7375,1
101474.95,1
92168.81,1
613305.2,1
78652.586,1
71404.7,1
64493.65,1
435055.25,1
54603.207,1
49476.59,1
44480.895,1
299110.1,1
37546.566,1
2793.4177,1
34024.766,1
30514.252,1
199847.95,1
25802.168,1
23470.469,1
21051.236,1
130193.06,1
17916.152,1
17428.088,1
16319.521,1
97423.2,1
21517.734,1
21640.957,1
83771.95,1
15089.723,1
14090.435,1
54414.26,1
10994.679,1
2795.7107,1
11033.383,1
39796.348,1
9743.412,1
8239.157,1
8743.308,1
8217.151,1
28215.572,1
6749.1074,1
7196.285,1
6776.8022,1
20126.285,1
5638.1616,1
2789.7642,1
6025.844,1
5689.972,1
14311.415,1
4821.146,1
5159.975,1
4889.9795,1
10314.254,1
4229.0674,1
4533.816,1
4314.085,1
7642.729,1
3804.7573,1
4088.1223,1
3905.766,1
5901.5366,1
2790.5786,1
3502.2183,1
3891.2275,1
7.3280354e+31,1
4.570652e+31,1
4.570652e+31,1
4.570652e+31,1
4.1760785e+31,1
2.8950347e+31,1
2.8950347e+31,1
2.8950347e+31,1
2.3785132e+31,1
1.792313e+31,1
1.792313e+31,1
1.792313e+31,1
1.356739e+31,1
1.0897043e+31,1
1.0897043e+31,1
1.0897043e+31,1
7.722086e+30,1
6.96426e+30,1
6.96426e+30,1
6.96426e+30,1
4.7207828e+30,1
4.6000005e+30,1
4.6000005e+30,1
4.6000005e+30,1
3.008348e+30,1
2.9440003e+30,1
2.9440003e+30,1
2.9440003e+30,1
1.8790435e+30,1
1.9305216e+30,1
1.9305216e+30,1
1.9305216e+30,1
1.3586956e+30,1
1.3586956e+30,1
1.3586956e+30,1
9.955654e+29,1
9.955654e+29,1
9.955654e+29,1
1.1903478e+30,1
7.191646e+29,1
7.191583e+29,1
7.191519e+29,1
7.522227e+29,1
4.963858e+29,1
4.9638056e+29,1
4.9637667e+29,1
4.622697e+29,1
3.3138485e+29,1
3.3138274e+29,1
3.3137847e+29,1
2.7956156e+29,1
2.1480683e+29,1
2.1480602e+29,1
2.1480341e+29,1
1.6690772e+29,1
1.4605272e+29,1
1.4605057e+29,1
1.4605201e+29,1
1.0707821e+29,1
9.932203e+28,1
9.932087e+28,1
9.932144e+28,1
6.9535354e+28,1
4.3218564e+28,1
1.0234412e+17,1
6.331104e+28,1
6.331104e+28,1
6.331056e+28,1
2.9022293e+28,1
4.6950693e+33,1
4.0008163e+28,1
4.0007794e+28,1
4.0007794e+28,1
1.9148246e+28,1
1.0234412e+17,1
1.3233202e+28,1
2.475137e+28,1
2.475137e+28,1
2.475137e+28,1
9.090647e+27,1
1.5049777e+28,1
1.5049777e+28,1
1.5049777e+28,1
6.043165e+27,1
9.0239105e+27,1
9.0239105e+27,1
9.023733e+27,1
3.9014273e+27,1
5.350931e+27,1
5.350931e+27,1
5.350917e+27,1
2.4570274e+27,1
1.0234416e+17,1
3.145416e+27,1
3.1454054e+27,1
3.145416e+27,1
1.5165417e+27,1
1.8364416e+27,1
1.8364416e+27,1
1.8364336e+27,1
9.203388e+26,1
1.12567965e+27,1
1.12567965e+27,1
1.12567965e+27,1
7.593425e+26,1
7.593425e+26,1
7.593425e+26,1
5.4656957e+26,1
5.4656526e+26,1
5.4656957e+26,1
4.09847e+26,1
4.0984327e+26,1
4.0984327e+26,1
5.7975556e+26,1
3.056087e+26,1
3.056087e+26,1
3.0560544e+26,1
2.366129e+26,1
2.366129e+26,1
2.366129e+26,1
1.877382e+26,1
1.8774076e+26,1
1.8774076e+26,1
3.717581e+26,1
1.440679e+26,1
1.4406567e+26,1
1.440679e+26,1
2.3282984e+26,1
1.0631643e+26,1
1.0631451e+26,1
1.0631451e+26,1
1.4295079e+26,1
7.5517613e+25,1
7.5518097e+25,1
7.5517936e+25,1
8.637334e+25,1
5.175007e+25,1
5.1749933e+25,1
5.17498e+25,1
5.1523186e+25,1
3.4325397e+25,1
3.4325286e+25,1
3.4325176e+25,1
3.0445795e+25,1
2.2124213e+25,1
2.2124126e+25,1
2.2124126e+25,1
1.7848674e+25,1
1.3915827e+25,1
1.3915757e+25,1
1.3915617e+25,1
1.0399319e+25,1
9.002901e+24,1
9.002901e+24,1
9.002845e+24,1
6.297454e+24,1
6.2974083e+24,1
6.297361e+24,1
4.623109e+24,1
4.623109e+24,1
4.6230685e+24,1
6.3623005e+24,1
3.2891816e+24,1
3.289215e+24,1
3.2891816e+24,1
3.834892e+24,1
2.2573615e+24,1
2.2573615e+24,1
2.2573333e+24,1
2.2834677e+24,1
1.4992405e+24,1
1.4992405e+24,1
1.4992405e+24,1
1.06618556e+24,1
1.06618556e+24,1
1.0661662e+24,1
1.3416842e+24,1
7.324586e+23,1
7.3244426e+23,1
7.3244426e+23,1
7.857031e+23,1
4.8692725e+23,1
4.8691817e+23,1
4.8691817e+23,1
4.5756594e+23,1
3.144611e+23,1
3.144548e+23,1
3.144527e+23,1
2.6522887e+23,1
1.9811187e+23,1
1.981069e+23,1
1.9810857e+23,1
1.5318832e+23,1
1.2832949e+23,1
1.2832749e+23,1
1.2832749e+23,1
8.983997e+22,1
8.983885e+22,1
8.983885e+22,1
6.599399e+22,1
6.599351e+22,1
6.5993033e+22,1
9.315299e+22,1
4.6981178e+22,1
4.6980768e+22,1
4.6979966e+22,1
5.5877575e+22,1
3.2258325e+22,1
3.2258991e+22,1
3.2258658e+22,1
3.312425e+22,1
1.9791521e+22,1
2.1435551e+22,1
2.1435279e+22,1
2.1435006e+22,1
1.2971056e+22,1
1.3837668e+22,1
1.3837448e+22,1
1.3837448e+22,1
8.27755e+21,1
8.714967e+21,1
8.714967e+21,1
8.7147935e+21,1
5.1595095e+21,1
5.376925e+21,1
5.3768425e+21,1
5.3768155e+21,1
3.1585883e+21,1
3.2620048e+21,1
3.261962e+21,1
3.261952e+21,1
1.9036044e+21,1
2.054859e+21,1
2.0548333e+21,1
1.412084e+21,1
1.412063e+21,1
2.054825e+21,1
1.412063e+21,1
1.0233749e+21,1
1.02336294e+21,1
1.02336294e+21,1
1.193796e+21,1
7.1944526e+20,1
7.194402e+20,1
7.194402e+20,1
7.336969e+20,1
4.8834776e+20,1
4.8835187e+20,1
4.8834776e+20,1
4.4388368e+20,1
3.2119127e+20,1
3.2119127e+20,1
3.2119127e+20,1
2.6508226e+20,1
2.0551964e+20,1
2.0551964e+20,1
2.0551964e+20,1
1.5668959e+20,1
1.2847941e+20,1
1.2847941e+20,1
1.2847941e+20,1
9.1878165e+19,1
7.878613e+19,1
7.878587e+19,1
7.878557e+19,1
5.354084e+19,1
4.7562648e+19,1
4.756253e+19,1
4.7562384e+19,1
3.1051253e+19,1
2.98544e+19,1
2.9854237e+19,1
2.985413e+19,1
2.0467473e+19,1
2.046736e+19,1
2.0467253e+19,1
1.4807876e+19,1
1.4808015e+19,1
1.4807941e+19,1
1.8935077e+19,1
1.0393413e+19,1
1.0393492e+19,1
1.039345e+19,1
1.1383215e+19,1
7.044415e+18,1
7.044392e+18,1
7.0443703e+18,1
6.760962e+18,1
4.627149e+18,1
4.627125e+18,1
4.627136e+18,1
3.9811452e+18,1
2.9573834e+18,1
2.957366e+18,1
2.9573405e+18,1
2.3260196e+18,1
1.8469793e+18,1
1.8469708e+18,1
1.8469577e+18,1
1.3524289e+18,1
1.13164046e+18,1
1.1316362e+18,1
1.13162994e+18,1
7.825107e+17,1
6.826826e+17,1
6.826875e+17,1
6.826856e+17,1
4.5159873e+17,1
4.2835344e+17,1
4.283559e+17,1
4.2835485e+17,1
2.9360108e+17,1
2.9360056e+17,1
2.9359946e+17,1
2.1238454e+17,1
2.1238417e+17,1
2.1238234e+17,1
2.7445624e+17,1
1.4904787e+17,1
1.4904767e+17,1
1.4904658e+17,1
1.6457354e+17,1
1.010083e+17,1
1.010081e+17,1
1.0100735e+17,1
9.759047e+16,1
6.6340825e+16,1
6.6340554e+16,1
6.6340164e+16,1
5.7368845e+16,1
4.2399664e+16,1
4.239929e+16,1
4.2399097e+16,1
3.3496448e+16,1
2.647881e+16,1
2.6479094e+16,1
2.6478911e+16,1
1.9454815e+16,1
1.622353e+16,1
1.6223371e+16,1
1.6223226e+16,1
1.125352e+16,1
9.787336e+15,1
9.787235e+15,1
9.787164e+15,1
6.4897364e+15,1
6.140265e+15,1
6.140215e+15,1
4.2082323e+15,1
4.2082036e+15,1
6.140161e+15,1
4.2081743e+15,1
3.043939e+15,1
3.04391e+15,1
3.0438914e+15,1
3.9409637e+15,1
2.1359586e+15,1
2.1359366e+15,1
2.1359259e+15,1
2.3619045e+15,1
1.4474479e+15,1
1.4474663e+15,1
1.447454e+15,1
1.4000163e+15,1
9.506077e+14,1
9.505981e+14,1
9.505949e+14,1
8.227135e+14,1
6.0748387e+14,1
6.0747736e+14,1
6.07479e+14,1
4.802123e+14,1
3.793563e+14,1
3.7935956e+14,1
3.7935715e+14,1
2.788498e+14,1
2.3241204e+14,1
2.324109e+14,1
2.3241048e+14,1
1.6127369e+14,1
1.4019889e+14,1
1.4019961e+14,1
1.4019908e+14,1
9.298684e+13,1
8.794397e+13,1
8.7943155e+13,1
8.794325e+13,1
6.0266734e+13,1
6.0266327e+13,1
6.02662e+13,1
4.358801e+13,1
4.358834e+13,1
4.358809e+13,1
5.6469534e+13,1
3.0585406e+13,1
3.0585599e+13,1
3.0585452e+13,1
3.3835666e+13,1
2.072497e+13,1
2.0724876e+13,1
2.072482e+13,1
2.005253e+13,1
1.3610006e+13,1
1.3609953e+13,1
1.3609795e+13,1
1.1775899e+13,1
8.6970865e+12,1
8.697061e+12,1
8.6969675e+12,1
6.8735614e+12,1
5.430913e+12,1
5.430972e+12,1
5.430959e+12,1
3.9914066e+12,1
3.3271697e+12,1
3.3271267e+12,1
3.3271492e+12,1
2.3084317e+12,1
2.0070252e+12,1
2.0069992e+12,1
2.0070096e+12,1
1.3310287e+12,1
1.2589182e+12,1
1.2589105e+12,1
1.2589053e+12,1
8.627229e+11,1
8.6271545e+11,1
8.627184e+11,1
6.2398785e+11,1
6.239852e+11,1
6.239805e+11,1
8.081861e+11,1
4.378509e+11,1
4.378493e+11,1
4.3784585e+11,1
4.84272e+11,1
2.9670084e+11,1
2.9669995e+11,1
2.966974e+11,1
2.870197e+11,1
1.9485252e+11,1
1.9485201e+11,1
1.9485065e+11,1
1.6855132e+11,1
1.2451847e+11,1
1.24519416e+11,1
1.2451916e+11,1
9.839074e+10,1
7.775517e+10,1
7.77547e+10,1
7.775504e+10,1
5.7133597e+10,1
4.763506e+10,1
4.763528e+10,1
4.7635223e+10,1
3.3044302e+10,1
2.873501e+10,1
2.8734634e+10,1
2.8734468e+10,1
1.905394e+10,1
1.8026537e+10,1
1.8026213e+10,1
1.8026295e+10,1
1.2356952e+10,1
1.2357135e+10,1
1.2356997e+10,1
8.93927e+09,1
8.939128e+09,1
8.939098e+09,1
1.1569995e+10,1
6.2732626e+09,1
6.27318e+09,1
6.273163e+09,1
6.9338004e+09,1
4.251351e+09,1
4.2512684e+09,1
4.2512412e+09,1
4.1074166e+09,1
2.7921964e+09,1
2.7921518e+09,1
2.7921326e+09,1
2.4139174e+09,1
1.7844343e+09,1
1.7844116e+09,1
1.7844018e+09,1
1.4083181e+09,1
1.1143674e+09,1
1.1143835e+09,1
1.1143721e+09,1
8.179303e+08,1
6.8278285e+08,1
6.827773e+08,1
6.827749e+08,1
4.728303e+08,1
4.119069e+08,1
4.118983e+08,1
4.1189552e+08,1
2.7272086e+08,1
2.5848059e+08,1
2.5847315e+08,1
2.5847442e+08,1
1.7755466e+08,1
1.7755221e+08,1
1.7755165e+08,1
1.2859274e+08,1
1.28590264e+08,1
1.28589576e+08,1
1.6576238e+08,1
9.027212e+07,1
9.027349e+07,1
9.0272136e+07,1
9.9347224e+07,1
6.1212136e+07,1
6.121108e+07,1
6.121119e+07,1
5.8859024e+07,1
139856.88,1
144070.81,1
143455.81,1
143009.66,1
1.3883875e+10,1
1.3886604e+10,1
1.3885268e+10,1
1.0255586e+10,1
6.6492575e+09,1
3.7876805e+09,1
1.0234483e+17,1
2.1195191e+09,1
4.1270026e+09,1
4.1270164e+09,1
4.1269396e+09,1
2.1454723e+09,1
2.1454898e+09,1
2.1454747e+09,1
1.1752922e+09,1
1.1699212e+09,1
1.1699145e+09,1
1.1699267e+09,1
7.133635e+08,1
6.391966e+08,1
6.3919917e+08,1
6.3919674e+08,1
4.2608653e+08,1
3.5179168e+08,1
3.5178854e+08,1
3.517895e+08,1
2.5152403e+08,1
1.02344844e+17,1
1.5032347e+34,1
1.1694391e+34,1
8.1992606e+33,1
1.1993834e+06,1
5.619365e+33,1
4.034487e+33,1
3.029817e+33,1
2.3498087e+33,1
1.8442698e+33,1
1.486974e+33,1
1.22142615e+33,1
1.02288695e+33,1
7.7971615e+32,1
6.395212e+32,1
5.376456e+32,1
4.6246894e+32,1
4.0177924e+32,1
3.5205123e+32,1
3.1309949e+32,1
2.8019216e+32,1
2.5216572e+32,1
2.2837073e+32,1
2.072659e+32,1
1.8926397e+32,1
1.2165327e+12,1
1.7273442e+32,1
1.5822933e+32,1
1.4565376e+32,1
1.34548695e+32,1
1.2452058e+32,1
1.1561615e+32,1
1.0761557e+32,1
1.0049407e+32,1
9.386399e+31,1
8.816762e+31,1
8.273459e+31,1
7.787561e+31,1
7.3230967e+31,1
6.8976597e+31,1
6.512533e+31,1
6.150524e+31,1
5.8319017e+31,1
5.528043e+31,1
5.242465e+31,1
4.978322e+31,1
4.7469792e+31,1
4.517704e+31,1
4.318844e+31,1
4.1248317e+31,1
7.240591e+11,1
3.9315423e+31,1
3.762326e+31,1
3.6005991e+31,1
3.4503732e+31,1
3.303023e+31,1
3.1665452e+31,1
3.0500512e+31,1
2.9222356e+31,1
2.8107438e+31,1
2.7041794e+31,1
2.6127827e+31,1
2.5127098e+31,1
1.02344844e+17,1
1.5032347e+34,1
1.170327e+34,1
8.214217e+33,1
2.1785134e+08,1
2.1785155e+08,1
2.1785186e+08,1
4.6475915e+33,1
3.133035e+33,1
1.4872854e+08,1
1.4872917e+08,1
1.4872886e+08,1
1.0789199e+08,1
1.0789281e+08,1
1.0789304e+08,1
2.1351587e+33,1
1.597515e+33,1
8.124017e+07,1
8.1240664e+07,1
8.124052e+07,1
1.6367669e+08,1
5.8502788e+07,1
5.8503316e+07,1
5.8503172e+07,1
1.0139127e+08,1
4.0570972e+07,1
4.0571204e+07,1
4.057101e+07,1
6.175656e+07,1
2.7198478e+07,1
2.7198584e+07,1
2.7198686e+07,1
3.7072804e+07,1
1.769399e+07,1
1.7694044e+07,1
1.7694106e+07,1
2.200273e+07,1
1.1216531e+07,1
1.1216619e+07,1
1.1216589e+07,1
1.2941834e+07,1
6.957662e+06,1
6.957721e+06,1
6.9577045e+06,1
7.556198e+06,1
4.239838e+06,1
4.239785e+06,1
4.3914735e+06,1
3.9387038e+06,1
2.7080748e+06,1
2.707962e+06,1
2.704406e+06,1
1.9392884e+06,1
1.9395622e+06,1
1.9052972e+06,1
1.4342824e+06,1
1.4341211e+06,1
2.7190522e+06,1
1.277663e+06,1
1.01038506e+06,1
1.0103261e+06,1
1.6352164e+06,1
834996.44,1
688876.5,1
688843.06,1
972695.3,1
532084.6,1
455414.72,1
455379.7,1
573804.25,1
332055.66,1
293206.06,1
293169.44,1
336553.75,1
1.0234401e+17,1
1.0234401e+17,1
1.0234401e+17,1
1.0234401e+17,1
3.0352866e+33,1
3.0352866e+33,1
3.0352866e+33,1
3.0352866e+33,1
1.6535841e+33,1
1.6535849e+33,1
1.6535849e+33,1
1.6535849e+33,1
8.410543e+32,1
8.410543e+32,1
8.410543e+32,1
8.410543e+32,1
4.3242607e+32,1
4.3242607e+32,1
4.3242607e+32,1
4.3242607e+32,1
2.2539998e+32,1
2.396174e+32,1
2.396174e+32,1
2.396174e+32,1
1.538174e+32,1
1.538174e+32,1
1.538174e+32,1
1.0521739e+32,1
1.0521739e+32,1
1.0521739e+32,1
1.2942608e+32,1
7.0434784e+31,1
7.0434784e+31,1
7.0434784e+31,1
7.3280354e+31,1
4.570652e+31,1
4.570652e+31,1
4.570652e+31,1
4.1760785e+31,1
2.8950347e+31,1
2.8950347e+31,1
2.8950347e+31,1
2.3785132e+31,1
1.792313e+31,1
1.792313e+31,1
1.792313e+31,1
1.356739e+31,1
1.0897043e+31,1
1.0897043e+31,1
1.0897043e+31,1
7.722086e+30,1
6.96426e+30,1
6.96426e+30,1
6.96426e+30,1
4.7207828e+30,1
4.6000005e+30,1
4.6000005e+30,1
4.6000005e+30,1
3.008348e+30,1
2.9440003e+30,1
2.9440003e+30,1
2.9440003e+30,1
1.8790435e+30,1
1.9305216e+30,1
1.9305216e+30,1
1.9305216e+30,1
1.3586956e+30,1
1.3586956e+30,1
1.3586956e+30,1
9.955654e+29,1
9.955654e+29,1
9.955654e+29,1
1.1903478e+30,1
7.191646e+29,1
7.191583e+29,1
7.191519e+29,1
7.522227e+29,1
4.963858e+29,1
4.9638056e+29,1
4.9637667e+29,1
4.622697e+29,1
3.3138485e+29,1
3.3138274e+29,1
3.3137847e+29,1
2.7956156e+29,1
2.1480683e+29,1
2.1480602e+29,1
2.1480341e+29,1
1.6690772e+29,1
1.4605272e+29,1
1.4605057e+29,1
1.4605201e+29,1
1.0707821e+29,1
9.932203e+28,1
9.932087e+28,1
9.932144e+28,1
6.9535354e+28,1
4.3218564e+28,1
1.0234412e+17,1
6.331104e+28,1
6.331104e+28,1
6.331056e+28,1
2.9022293e+28,1
4.6950693e+33,1
4.0008163e+28,1
4.0007794e+28,1
4.0007794e+28,1
1.9148246e+28,1
1.0234412e+17,1
1.3233202e+28,1
2.475137e+28,1
2.475137e+28,1
2.475137e+28,1
9.090647e+27,1
1.5049777e+28,1
1.5049777e+28,1
1.5049777e+28,1
6.043165e+27,1
9.0239105e+27,1
9.0239105e+27,1
9.023733e+27,1
3.9014273e+27,1
5.350931e+27,1
5.350931e+27,1
5.350917e+27,1
2.4570274e+27,1
1.0234416e+17,1
3.145416e+27,1
3.1454054e+27,1
3.145416e+27,1
1.5165417e+27,1
1.8364416e+27,1
1.8364416e+27,1
1.8364336e+27,1
9.203388e+26,1
1.12567965e+27,1
1.12567965e+27,1
1.12567965e+27,1
7.593425e+26,1
7.593425e+26,1
7.593425e+26,1
5.4656957e+26,1
5.4656526e+26,1
5.4656957e+26,1
4.09847e+26,1
4.0984327e+26,1
4.0984327e+26,1
5.7975556e+26,1
3.056087e+26,1
3.056087e+26,1
3.0560544e+26,1
2.366129e+26,1
2.366129e+26,1
2.366129e+26,1
1.877382e+26,1
1.8774076e+26,1
1.8774076e+26,1
3.717581e+26,1
1.440679e+26,1
1.4406567e+26,1
1.440679e+26,1
2.3282984e+26,1
1.0631643e+26,1
1.0631451e+26,1
1.0631451e+26,1
1.4295079e+26,1
7.5517613e+25,1
7.5518097e+25,1
7.5517936e+25,1
8.637334e+25,1
5.175007e+25,1
5.1749933e+25,1
5.17498e+25,1
5.1523186e+25,1
3.4325397e+25,1
3.4325286e+25,1
3.4325176e+25,1
3.0445795e+25,1
2.2124213e+25,1
2.2124126e+25,1
2.2124126e+25,1
1.7848674e+25,1
1.3915827e+25,1
1.3915757e+25,1
1.3915617e+25,1
1.0399319e+25,1
9.002901e+24,1
9.002901e+24,1
9.002845e+24,1
6.297454e+24,1
6.2974083e+24,1
6.297361e+24,1
4.623109e+24,1
4.623109e+24,1
4.6230685e+24,1
6.3623005e+24,1
3.2891816e+24,1
3.289215e+24,1
3.2891816e+24,1
3.834892e+24,1
2.2573615e+24,1
2.2573615e+24,1
2.2573333e+24,1
2.2834677e+24,1
1.4992405e+24,1
1.4992405e+24,1
1.4992405e+24,1
1.06618556e+24,1
1.06618556e+24,1
1.0661662e+24,1
1.3416842e+24,1
7.324586e+23,1
7.3244426e+23,1
7.3244426e+23,1
7.857031e+23,1
4.8692725e+23,1
4.8691817e+23,1
4.8691817e+23,1
4.5756594e+23,1
3.144611e+23,1
3.144548e+23,1
3.144527e+23,1
2.6522887e+23,1
1.9811187e+23,1
1.981069e+23,1
1.9810857e+23,1
1.5318832e+23,1
1.2832949e+23,1
1.2832749e+23,1
1.2832749e+23,1
8.983997e+22,1
8.983885e+22,1
8.983885e+22,1
6.599399e+22,1
6.599351e+22,1
6.5993033e+22,1
9.315299e+22,1
4.6981178e+22,1
4.6980768e+22,1
4.6979966e+22,1
5.5877575e+22,1
3.2258325e+22,1
3.2258991e+22,1
3.2258658e+22,1
3.312425e+22,1
1.9791521e+22,1
2.1435551e+22,1
2.1435279e+22,1
2.1435006e+22,1
1.2971056e+22,1
1.3837668e+22,1
1.3837448e+22,1
1.3837448e+22,1
8.27755e+21,1
8.714967e+21,1
8.714967e+21,1
8.7147935e+21,1
5.1595095e+21,1
5.376925e+21,1
5.3768425e+21,1
5.3768155e+21,1
3.1585883e+21,1
3.2620048e+21,1
3.261962e+21,1
3.261952e+21,1
1.9036044e+21,1
2.054859e+21,1
2.0548333e+21,1
1.412084e+21,1
1.412063e+21,1
2.054825e+21,1
1.412063e+21,1
1.0233749e+21,1
1.02336294e+21,1
1.02336294e+21,1
1.193796e+21,1
7.1944526e+20,1
7.194402e+20,1
7.194402e+20,1
7.336969e+20,1
4.8834776e+20,1
4.8835187e+20,1
4.8834776e+20,1
4.4388368e+20,1
3.2119127e+20,1
3.2119127e+20,1
3.2119127e+20,1
2.6508226e+20,1
2.0551964e+20,1
2.0551964e+20,1
2.0551964e+20,1
1.5668959e+20,1
1.2847941e+20,1
1.2847941e+20,1
1.2847941e+20,1
9.1878165e+19,1
7.878613e+19,1
7.878587e+19,1
7.878557e+19,1
5.354084e+19,1
4.7562648e+19,1
4.756253e+19,1
4.7562384e+19,1
3.1051253e+19,1
2.98544e+19,1
2.9854237e+19,1
2.985413e+19,1
2.0467473e+19,1
2.046736e+19,1
2.0467253e+19,1
1.4807876e+19,1
1.4808015e+19,1
1.4807941e+19,1
1.8935077e+19,1
1.0393413e+19,1
1.0393492e+19,1
1.039345e+19,1
1.1383215e+19,1
7.044415e+18,1
7.044392e+18,1
7.0443703e+18,1
6.760962e+18,1
4.627149e+18,1
4.627125e+18,1
4.627136e+18,1
3.9811452e+18,1
2.9573834e+18,1
2.957366e+18,1
2.9573405e+18,1
2.3260196e+18,1
1.8469793e+18,1
1.8469708e+18,1
1.8469577e+18,1
1.3524289e+18,1
1.13164046e+18,1
1.1316362e+18,1
1.13162994e+18,1
7.825107e+17,1
6.826826e+17,1
6.826875e+17,1
6.826856e+17,1
4.5159873e+17,1
4.2835344e+17,1
4.283559e+17,1
4.2835485e+17,1
2.9360108e+17,1
2.9360056e+17,1
2.9359946e+17,1
2.1238454e+17,1
2.1238417e+17,1
2.1238234e+17,1
2.7445624e+17,1
1.4904787e+17,1
1.4904767e+17,1
1.4904658e+17,1
1.6457354e+17,1
1.010083e+17,1
1.010081e+17,1
1.0100735e+17,1
9.759047e+16,1
6.6340825e+16,1
6.6340554e+16,1
6.6340164e+16,1
5.7368845e+16,1
4.2399664e+16,1
4.239929e+16,1
4.2399097e+16,1
3.3496448e+16,1
2.647881e+16,1
2.6479094e+16,1
2.6478911e+16,1
1.9454815e+16,1
1.622353e+16,1
1.6223371e+16,1
1.6223226e+16,1
1.125352e+16,1
9.787336e+15,1
9.787235e+15,1
9.787164e+15,1
6.4897364e+15,1
6.140265e+15,1
6.140215e+15,1
4.2082323e+15,1
4.2082036e+15,1
6.140161e+15,1
4.2081743e+15,1
3.043939e+15,1
3.04391e+15,1
3.0438914e+15,1
3.9409637e+15,1
2.1359586e+15,1
2.1359366e+15,1
2.1359259e+15,1
2.3619045e+15,1
1.4474479e+15,1
1.4474663e+15,1
1.447454e+15,1
1.4000163e+15,1
9.506077e+14,1
9.505981e+14,1
9.505949e+14,1
8.227135e+14,1
6.0748387e+14,1
6.0747736e+14,1
6.07479e+14,1
4.802123e+14,1
3.793563e+14,1
3.7935956e+14,1
3.7935715e+14,1
2.788498e+14,1
2.3241204e+14,1
2.324109e+14,1
2.3241048e+14,1
1.6127369e+14,1
1.4019889e+14,1
1.4019961e+14,1
1.4019908e+14,1
9.298684e+13,1
8.794397e+13,1
8.7943155e+13,1
8.794325e+13,1
6.0266734e+13,1
6.0266327e+13,1
6.02662e+13,1
4.358801e+13,1
4.358834e+13,1
4.358809e+13,1
5.6469534e+13,1
3.0585406e+13,1
3.0585599e+13,1
3.0585452e+13,1
3.3835666e+13,1
2.072497e+13,1
2.0724876e+13,1
2.072482e+13,1
2.005253e+13,1
1.3610006e+13,1
1.3609953e+13,1
1.3609795e+13,1
1.1775899e+13,1
8.6970865e+12,1
8.697061e+12,1
8.6969675e+12,1
6.8735614e+12,1
5.430913e+12,1
5.430972e+12,1
5.430959e+12,1
3.9914066e+12,1
3.3271697e+12,1
3.3271267e+12,1
3.3271492e+12,1
2.3084317e+12,1
2.0070252e+12,1
2.0069992e+12,1
2.0070096e+12,1
1.3310287e+12,1
1.2589182e+12,1
1.2589105e+12,1
1.2589053e+12,1
8.627229e+11,1
8.6271545e+11,1
8.627184e+11,1
6.2398785e+11,1
6.239852e+11,1
6.239805e+11,1
8.081861e+11,1
4.378509e+11,1
4.378493e+11,1
4.3784585e+11,1
4.84272e+11,1
2.9670084e+11,1
2.9669995e+11,1
2.966974e+11,1
2.870197e+11,1
1.9485252e+11,1
1.9485201e+11,1
1.9485065e+11,1
1.6855132e+11,1
1.2451847e+11,1
1.24519416e+11,1
1.2451916e+11,1
9.839074e+10,1
7.775517e+10,1
7.77547e+10,1
7.775504e+10,1
5.7133597e+10,1
4.763506e+10,1
4.763528e+10,1
4.7635223e+10,1
3.3044302e+10,1
2.873501e+10,1
2.8734634e+10,1
2.8734468e+10,1
1.905394e+10,1
1.8026537e+10,1
1.8026213e+10,1
1.8026295e+10,1
1.2356952e+10,1
1.2357135e+10,1
1.2356997e+10,1
8.93927e+09,1
8.939128e+09,1
8.939098e+09,1
1.1569995e+10,1
6.2732626e+09,1
6.27318e+09,1
6.273163e+09,1
6.9338004e+09,1
4.251351e+09,1
4.2512684e+09,1
4.2512412e+09,1
4.1074166e+09,1
2.7921964e+09,1
2.7921518e+09,1
2.7921326e+09,1
2.4139174e+09,1
1.7844343e+09,1
1.7844116e+09,1
1.7844018e+09,1
1.4083181e+09,1
1.1143674e+09,1
1.1143835e+09,1
1.1143721e+09,1
8.179303e+08,1
6.8278285e+08,1
6.827773e+08,1
6.827749e+08,1
4.728303e+08,1
4.119069e+08,1
4.118983e+08,1
4.1189552e+08,1
2.7272086e+08,1
2.5848059e+08,1
2.5847315e+08,1
2.5847442e+08,1
1.7755466e+08,1
1.7755221e+08,1
1.7755165e+08,1
1.2859274e+08,1
1.28590264e+08,1
1.28589576e+08,1
1.6576238e+08,1
9.027212e+07,1
9.027349e+07,1
9.0272136e+07,1
9.9347224e+07,1
6.1212136e+07,1
6.121108e+07,1
6.121119e+07,1
5.8859024e+07,1
139856.88,1
144070.81,1
143455.81,1
143009.66,1
1.3883875e+10,1
1.3886604e+10,1
1.3885268e+10,1
1.0255586e+10,1
6.6492575e+09,1
3.7876805e+09,1
1.0234483e+17,1
2.1195191e+09,1
4.1270026e+09,1
4.1270164e+09,1
4.1269396e+09,1
2.1454723e+09,1
2.1454898e+09,1
2.1454747e+09,1
1.1752922e+09,1
1.1699212e+09,1
1.1699145e+09,1
1.1699267e+09,1
7.133635e+08,1
6.391966e+08,1
6.3919917e+08,1
6.3919674e+08,1
4.2608653e+08,1
3.5179168e+08,1
3.5178854e+08,1
3.517895e+08,1
2.5152403e+08,1
1.02344844e+17,1
1.5032347e+34,1
1.1694391e+34,1
8.1992606e+33,1
1.1993834e+06,1
5.619365e+33,1
4.034487e+33,1
3.029817e+33,1
2.3498087e+33,1
1.8442698e+33,1
1.486974e+33,1
1.22142615e+33,1
1.02288695e+33,1
7.7971615e+32,1
6.395212e+32,1
5.376456e+32,1
4.6246894e+32,1
4.0177924e+32,1
3.5205123e+32,1
3.1309949e+32,1
2.8019216e+32,1
2.5216572e+32,1
2.2837073e+32,1
2.072659e+32,1
1.8926397e+32,1
1.2165327e+12,1
1.7273442e+32,1
1.5822933e+32,1
1.4565376e+32,1
1.34548695e+32,1
1.2452058e+32,1
1.1561615e+32,1
1.0761557e+32,1
1.0049407e+32,1
9.386399e+31,1
8.816762e+31,1
8.273459e+31,1
7.787561e+31,1
7.3230967e+31,1
6.8976597e+31,1
6.512533e+31,1
6.150524e+31,1
5.8319017e+31,1
5.528043e+31,1
5.242465e+31,1
4.978322e+31,1
4.7469792e+31,1
4.517704e+31,1
4.318844e+31,1
4.1248317e+31,1
7.240591e+11,1
3.9315423e+31,1
3.762326e+31,1
3.6005991e+31,1
3.4503732e+31,1
3.303023e+31,1
3.1665452e+31,1
3.0500512e+31,1
2.9222356e+31,1
2.8107438e+31,1
2.7041794e+31,1
2.6127827e+31,1
2.5127098e+31,1
1.02344844e+17,1
1.5032347e+34,1
1.170327e+34,1
8.214217e+33,1
2.1785134e+08,1
2.1785155e+08,1
2.1785186e+08,1
4.6475915e+33,1
3.133035e+33,1
1.4872854e+08,1
1.4872917e+08,1
1.4872886e+08,1
1.0789199e+08,1
1.0789281e+08,1
1.0789304e+08,1
2.1351587e+33,1
1.597515e+33,1
8.124017e+07,1
8.1240664e+07,1
8.124052e+07,1
1.6367669e+08,1
5.8502788e+07,1
5.8503316e+07,1
5.8503172e+07,1
1.0139127e+08,1
4.0570972e+07,1
4.0571204e+07,1
4.057101e+07,1
6.175656e+07,1
2.7198478e+07,1
2.7198584e+07,1
2.7198686e+07,1
3.7072804e+07,1
1.769399e+07,1
1.7694044e+07,1
1.7694106e+07,1
2.200273e+07,1
1.1216531e+07,1
1.1216619e+07,1
1.1216589e+07,1
1.2941834e+07,1
6.957662e+06,1
6.957721e+06,1
6.9577045e+06,1
7.556198e+06,1
4.239838e+06,1
4.239785e+06,1
4.3914735e+06,1
3.9387038e+06,1
2.7080748e+06,1
2.707962e+06,1
2.704406e+06,1
1.9392884e+06,1
1.9395622e+06,1
1.9052972e+06,1
1.4342824e+06,1
1.4341211e+06,1
2.7190522e+06,1
1.277663e+06,1
1.01038506e+06,1
1.0103261e+06,1
1.6352164e+06,1
834996.44,1
688876.5,1
688843.06,1
972695.3,1
532084.6,1
455414.72,1
455379.7,1
573804.25,1
332055.66,1
293206.06,1
293169.44,1
336553.75,1
1.0234401e+17,1
1.0234401e+17,1
1.0234401e+17,1
1.0234401e+17,1
3.0352866e+33,1
3.0352866e+33,1
3.0352866e+33,1
3.0352866e+33,1
1.6535841e+33,1
1.6535849e+33,1
1.6535849e+33,1
1.6535849e+33,1
8.410543e+32,1
8.410543e+32,1
8.410543e+32,1
8.410543e+32,1
4.3242607e+32,1
4.3242607e+32,1
4.3242607e+32,1
4.3242607e+32,1
2.2539998e+32,1
2.396174e+32,1
2.396174e+32,1
2.396174e+32,1
1.538174e+32,1
1.538174e+32,1
1.538174e+32,1
1.0521739e+32,1
1.0521739e+32,1
1.0521739e+32,1
1.2942608e+32,1
7.0434784e+31,1
7.0434784e+31,1
7.0434784e+31,1
7.3280354e+31,1
4.570652e+31,1
4.570652e+31,1
4.570652e+31,1
4.1760785e+31,1
2.8950347e+31,1
2.8950347e+31,1
2.8950347e+31,1
2.3785132e+31,1
1.792313e+31,1
1.792313e+31,1
1.792313e+31,1
1.356739e+31,1
1.0897043e+31,1
1.0897043e+31,1
1.0897043e+31,1
7.722086e+30,1
6.96426e+30,1
6.96426e+30,1
6.96426e+30,1
4.7207828e+30,1
4.6000005e+30,1
4.6000005e+30,1
4.6000005e+30,1
3.008348e+30,1
2.9440003e+30,1
2.9440003e+30,1
2.9440003e+30,1
1.8790435e+30,1
1.9305216e+30,1
1.9305216e+30,1
1.9305216e+30,1
1.3586956e+30,1
1.3586956e+30,1
3671.2415,1
5671.9746,1
10783.181,1
11858.721,1
13600.754,1
6890.33,1
6545.716,1
7375.965,1
4176.419,1
4900.6406,1
4695.14,1
5331.1772,1
3239.1453,1
4224.708,1
4115.987,1
4561.019,1
3109.7878,1
2792.1062,1
3922.5918,1
3823.882,1
4102.2153,1
3019.8782,1
3678.6611,1
3583.063,1
3743.6174,1
2947.2046,1
3486.116,1
3393.492,1
3475.3184,1
2890.764,1
2789.0874,1
3341.3206,1
3251.1226,1
3282.1875,1
2846.3335,1
6070.0815,1
3453.4036,1
3291.4229,1
3266.2363,1
3319.4883,1
3244.9473,1
3144.3164,1
10940.979,1
6531.5684,1
11311.435,1
6102.9316,1
4414.172,1
5734.6533,1
3981.8638,1
4427.866,1
3571.066,1
4263.7915,1
3069.7913,1
2791.4116,1
3905.026,1
3355.5725,1
3810.1519,1
2966.6775,1
3677.0103,1
3246.2878,1
3574.57,1
2901.9587,1
3488.5852,1
3156.4666,1
3378.1873,1
2836.4873,1
2786.5933,1
2185.7166,1
6741.6313,1
5828.456,1
5214.1816,1
3202.4922,1
3024.2764,1
3103.236,1
2784.4092,1
3149.2761,1
2996.724,1
3027.3923,1
2761.2927,1
2790.7983,1
3122.4734,1
2843.6821,1
2837.0608,1
10117.933,1
11169.782,1
11471.673,1
6364.92,1
6011.767,1
5877.0864,1
3807.6458,1
4476.9897,1
4260.381,1
4228.4136,1
2896.9385,1
3891.6172,1
3768.7847,1
3770.2117,1
2828.539,1
2795.9055,1
3664.5996,1
3551.9382,1
3546.7568,1
2807.754,1
3479.0676,1
3373.5994,1
3359.3867,1
2783.813,1
3333.575,1
3234.6995,1
3211.8096,1
2765.0737,1
2794.522,1
3225.3032,1
3132.1523,1
3102.0762,1
2750.709,1
3148.4863,1
3059.8164,1
3024.32,1
2739.8445,1
3110.4648,1
2911.935,1
2820.7744,1
10108.388,1
11226.817,1
11459.08,1
6360.242,1
6048.934,1
5868.2163,1
3792.5896,1
4474.911,1
4297.538,1
4222.0415,1
2875.9448,1
2785.142,1
3890.5642,1
3804.9158,1
3766.3252,1
2825.83,1
3662.437,1
3582.6064,1
3543.7974,1
2788.735,1
3479.554,1
3398.867,1
3357.9995,1
2778.4355,1
5958.698,1
5155.594,1
2791.0159,1
3749.335,1
3528.2234,1
3430.4092,1
3830.6482,1
3368.3337,1
3279.4438,1
3232.106,1
3429.7495,1
3254.4316,1
3173.3093,1
3126.9248,1
3224.1707,1
3174.847,1
2951.5022,1
2847.0122,1
10148.84,1
11278.642,1
11505.208,1
2790.682,1
6409.425,1
6105.366,1
5920.733,1
4185.415,1
566527.9,1
4432.5254,1
4292.6294,1
4222.8716,1
3067.5188,1
3239.3672,1
3049.7642,1
2997.4238,1
2399.5957,1
5781.4224,1
5738.1304,1
5660.689,1
4169.3047,1
4038.3533,1
3982.0862,1
3138.4111,1
2792.6514,1
3841.2803,1
3767.43,1
3726.3206,1
2992.614,1
3647.945,1
3573.0222,1
3529.7544,1
2924.85,1
3479.516,1
3402.8508,1
3357.938,1
2858.1704,1
2788.5027,1
3344.9163,1
3266.168,1
3220.0457,1
2834.5798,1
3258.4521,1
3034.6562,1
2928.4568,1
10175.777,1
11304.064,1
11527.807,1
6398.0674,1
6094.155,1
5909.108,1
3850.1606,1
4528.1885,1
4358.35,1
4278.2007,1
2924.656,1
2795.9216,1
3950.086,1
3870.7397,1
3827.355,1
2853.065,1
3721.5352,1
3645.9773,1
3602.6309,1
2827.8157,1
3529.2214,1
3452.9746,1
3408.69,1
2800.6394,1
2790.6794,1
3374.324,1
3296.8828,1
3251.8125,1
2778.6277,1
3256.6082,1
3178.3293,1
3132.7837,1
2754.0955,1
3172.428,1
3093.1294,1
3047.188,1
2746.3367,1
3137.3457,1
2927.8179,1
2833.2136,1
10125.554,1
11248.744,1
11466.133,1
3203.2756,1
6097.9316,1
5928.9336,1
5793.078,1
10210.82,1
1.21697544e+08,1
2790.969,1
9386.095,1
4655.993,1
4447.2515,1
4333.144,1
4018.8953,1
3920.323,1
3836.429,1
3794.4595,1
3956.1758,1
3680.099,1
3609.1714,1
3569.5127,1
3566.912,1
2790.1902,1
3495.199,1
3422.642,1
3381.2708,1
3323.6028,1
3348.5195,1
3273.9802,1
3231.1555,1
3133.7795,1
3238.318,1
3162.284,1
3118.4563,1
2994.3655,1
2790.7073,1
3159.3057,1
3082.2024,1
3037.6858,1
2896.3135,1
3120.0867,1
2908.2014,1
2812.6353,1
10107.684,1
11235.444,1
11459.384,1
6361.1807,1
6056.903,1
5870.9473,1
3871.4517,1
4476.591,1
4305.412,1
4224.8535,1
2950.941,1
3892.391,1
3812.6602,1
3769.2603,1
2789.116,1
2875.6072,1
3664.561,1
3589.7546,1
3546.7998,1
2831.7717,1
3480.3723,1
3404.39,1
3360.427,1
2799.2605,1
3335.0327,1
3257.9468,1
3213.2693,1
2775.391,1
2794.3274,1
3226.6326,1
3148.7327,1
3103.5525,1
2757.0176,1
3149.651,1
3071.074,1
3025.5771,1
2743.62,1
3117.0151,1
2908.799,1
2815.8862,1
10110.932,1
11238.867,1
11462.096,1
6361.7983,1
6055.383,1
5867.6953,1
3777.496,1
2796.204,1
4474.8716,1
4303.8135,1
4222.256,1
2878.2693,1
3890.4426,1
3810.425,1
3766.367,1
2827.2285,1
3662.5293,1
3587.342,1
3543.9053,1
2800.2556,1
2787.7136,1
3478.4343,1
3402.11,1
3357.8052,1
2779.1516,1
3333.2227,1
3255.824,1
3210.861,1
2762.3823,1
3225.069,1
3146.906,1
3101.536,1
2749.0745,1
2791.248,1
3148.3438,1
3069.6191,1
3023.9922,1
2738.651,1
3118.993,1
2911.339,1
2818.4216,1
10107.181,1
11233.653,1
11457.52,1
6360.8394,1
6054.626,1
5867.899,1
3781.9375,1
4475.267,1
4303.593,1
4221.6846,1
2874.629,1
3890.446,1
3810.1653,1
3765.899,1
2824.5593,1
2792.9192,1
3662.488,1
3587.1663,1
3543.6577,1
2798.2693,1
3478.302,1
3401.8423,1
3357.475,1
2778.1274,1
3333.0527,1
3255.5813,1
3210.5896,1
2761.6033,1
2786.483,1
3224.9631,1
3146.772,1
3101.3926,1
2748.3926,1
3148.2922,1
3069.559,1
3023.9116,1
2738.2837,1
3119.034,1
2911.4287,1
2818.5454,1
10107.344,1
11233.809,1
6486.3936,1
6167.072,1
6007.201,1
3795.519,1
2789.4287,1
4518.1484,1
4333.6104,1
3958.217,1
2903.404,1
3912.6047,1
3830.3945,1
3551.9307,1
2833.788,1
3680.7676,1
3603.2837,1
3340.8716,1
2813.0,1
3491.9114,1
3414.1584,1
3191.1235,1
2792.2493,1
2769.823,1
3346.4238,1
3133.8696,1
3219.9983,1
2762.4197,1
3234.3982,1
2911.762,1
3244.3694,1
5763.1616,1
5104.9585,1
2820.9949,1
2793.1338,1
3159.6565,1
6938.5444,1
6531.7583,1
10143.917,1
16604.252,1
16950.639,1
6406.61,1
10574.508,1
10361.086,1
3853.8962,1
4511.2676,1
6656.918,1
6624.6343,1
2906.307,1
3920.7002,1
5370.9473,1
5266.7495,1
2841.0356,1
2789.9788,1
3687.7407,1
4584.8403,1
4486.9385,1
2818.9065,1
3497.4585,1
4020.4,1
3932.981,1
2783.5967,1
3349.2124,1
3631.4446,1
3554.83,1
2774.5627,1
2793.6042,1
3236.5364,1
3371.1724,1
3304.1235,1
2747.0164,1
3158.4575,1
3203.1343,1
3142.986,1
2745.8438,1
3124.539,1
3025.8975,1
2939.894,1
10116.372,1
11485.145,1
11699.3955,1
6365.1216,1
6312.1694,1
6122.288,1
3783.596,1
4479.1934,1
4489.6416,1
4403.821,1
2877.7507,1
2792.7805,1
3893.7563,1
3942.1643,1
3893.7559,1
2814.8218,1
3752.8484,1
3589.9712,1
3628.7205,1
2800.5557,1
3480.529,1
3459.29,1
3411.725,1
2779.9143,1
2788.4812,1
3334.835,1
3291.618,1
3244.193,1
2763.2957,1
3226.3047,1
3168.7676,1
3121.604,1
2749.9624,1
3149.295,1
3082.7842,1
3035.9353,1
2738.651,1
2791.3313,1
3118.5393,1
2922.8408,1
2829.2988,1
10109.938,1
11262.937,1
11486.292,1
6361.516,1
6083.7417,1
5896.192,1
3773.374,1
4475.801,1
4323.928,1
4242.729,1
2873.2717,1
5906.822,1
4078.1057,1
3940.671,1
3873.4067,1
3283.5698,1
2421.7668,1
7089.01,1
6364.2837,1
5571.027,1
2793.472,1
3982.9775,1
3671.4282,1
3554.3923,1
3495.55,1
3338.6428,1
6317.515,1
3622.8672,1
3475.3865,1
3406.3933,1
3624.4785,1
3369.553,1
3289.5938,1
3241.547,1
2789.9473,1
3386.9492,1
3260.9678,1
3182.8203,1
3135.1497,1
3216.6494,1
3185.3655,1
2960.587,1
2852.3223,1
10151.699,1
11284.532,1
11508.611,1
6410.8467,1
6110.4307,1
5924.858,1
4139.762,1
4519.2676,1
4351.8594,1
4271.3936,1
3114.6353,1
2790.0913,1
3932.8635,1
3853.3381,1
3808.9985,1
3016.9998,1
3696.812,1
3622.794,1
3579.1746,1
2936.9666,1
3506.9377,1
3431.2476,1
3386.5583,1
2874.178,1
2793.1318,1
3356.4814,1
3279.2842,1
3233.8577,1
2826.9597,1
3243.7217,1
3165.5046,1
3119.6655,1
2792.2322,1
3163.108,1
3084.224,1
3038.1582,1
2767.4617,1
3129.5837,1
2919.79,1
2824.7058,1
10110.269,1
11238.261,1
11461.422,1
6364.393,1
6059.1797,1
5872.03,1
3818.544,1
2790.243,1
4480.936,1
4309.4575,1
3009.3145,1
3929.7588,1
3842.787,1
7789.653,1
2872.6306,1
6038.481,1
3612.2756,1
3567.0447,1
2828.8926,1
2792.9304,1
4856.3955,1
3421.6458,1
3375.778,1
2800.4172,1
4139.4365,1
3270.9922,1
3224.7173,1
2778.2258,1
3693.164,1
3158.6729,1
3112.2336,1
565779.75,1
2519.7197,1
2789.9136,1
3365.9683,1
3035.672,1
2995.379,1
2685.7644,1
3320.9197,1
2868.8503,1
2775.4834,1
10550.111,1
11195.7,1
11420.824,1
6834.0205,1
6024.2583,1
5840.6763,1
8608.081,1
8686.836,1
8574.454,1
3702.4346,1
5711.4385,1
5072.189,1
4942.098,1
3027.464,1
2787.6714,1
4622.478,1
4250.374,1
4207.884,1
2920.6929,1
4257.419,1
3984.0642,1
3942.915,1
2879.8154,1
3945.8733,1
3738.132,1
3694.8862,1
2847.297,1
3683.3,1
3522.0547,1
3477.1824,1
2794.4294,1
2819.9055,1
3476.7327,1
3346.682,1
3300.8835,1
2795.3743,1
3323.9006,1
3213.7932,1
3167.5142,1
2775.8157,1
3252.3972,1
3008.356,1
2908.0264,1
10239.898,1
11317.98,1
11543.011,1
6474.771,1
6115.833,1
5929.9487,1
3836.93,1
2787.1816,1
4573.9707,1
4364.1406,1
4283.591,1
2890.9766,1
3975.9504,1
3867.9353,1
3824.1946,1
2829.975,1
3732.45,1
3637.753,1
3594.2595,1
2809.7148,1
2798.9888,1
3531.546,1
3442.9644,1
3398.6306,1
2776.58,1
3373.4614,1
3287.649,1
3242.3923,1
2769.9668,1
3252.7363,1
3169.89,1
3124.3977,1
2746.8237,1
2789.7444,1
3168.3525,1
3086.2798,1
3040.3853,1
2743.074,1
3135.0208,1
2923.6328,1
2829.7678,1
10125.012,1
11244.902,1
11467.32,1
6372.456,1
6060.16,1
5872.6934,1
3788.6277,1
4486.9224,1
4310.8115,1
4229.271,1
2876.0479,1
9.85845e+16,1
9.85845e+16,1
9.85845e+16,1
9.85845e+16,1
9.85845e+16,1
2.8175655e+33,1
2.8175655e+33,1
2.8175655e+33,1
2.8175655e+33,1
1.5344465e+33,1
1.5344465e+33,1
1.5344465e+33,1
1.5344466e+33,1
7.774019e+32,1
7.774019e+32,1
7.774019e+32,1
7.774019e+32,1
1.9454709e+33,1
3.9822605e+32,1
3.9822605e+32,1
3.9822605e+32,1
3.9822605e+32,1
2.0891302e+32,1
2.0891302e+32,1
2.0891302e+32,1
2.0891302e+32,1
1.1903479e+32,1
1.1903479e+32,1
1.1903479e+32,1
7.699835e+31,1
7.699835e+31,1
7.699835e+31,1
5.331209e+31,1
5.331209e+31,1
5.331209e+31,1
1.1903479e+32,1
4.3242607e+32,1
3.5952085e+31,1
3.5952085e+31,1
3.5952085e+31,1
6.7952685e+31,1
2.3513044e+31,1
2.3513044e+31,1
2.3513044e+31,1
3.8686e+31,1
1.4976087e+31,1
1.4976087e+31,1
2.2000782e+31,1
8.064078e+31,1
9.2981737e+30,1
9.2981737e+30,1
1.3158348e+31,1
1.255652e+31,1
5.698783e+30,1
5.698783e+30,1
7.414261e+30,1
7.162522e+30,1
3.409043e+30,1
3.409043e+30,1
4.2086954e+30,1
4.0946955e+30,1
2.0355651e+30,1
2.0355651e+30,1
2.367391e+30,1
1.4475129e+31,1
2.3387826e+30,1
1.2731304e+30,1
1.4246958e+30,1
8.609621e+29,1
1.2731304e+30,1
9.586957e+29,1
6.1973674e+29,1
8.54511e+29,1
6.740097e+29,1
1.4025218e+30,1
4.3298067e+29,1
5.642703e+29,1
4.643414e+29,1
8.359726e+29,1
2.9224444e+29,1
3.0946939e+29,1
3.6231968e+29,1
4.9298193e+29,1
2.5725216e+30,1
1.9125248e+29,1
2.2715684e+29,1
2.0029273e+29,1
2.887233e+29,1
1.218597e+29,1
1.3962897e+29,1
1.26425165e+29,1
1.6799983e+29,1
7.591061e+28,1
8.445443e+28,1
7.814195e+28,1
9.737499e+28,1
4.5839517e+29,1
4.7475646e+28,1
4.641373e+28,1
5.0426034e+28,1
5.6194556e+28,1
2.7954587e+28,1
2.9803353e+28,1
2.8449122e+28,1
3.237332e+28,1
1.7517124e+28,1
1.842486e+28,1
1.77616e+28,1
1.1996036e+28,1
1.2507135e+28,1
1.2134313e+28,1
8.672241e+27,1
8.984799e+27,1
8.7571517e+27,1
1.9648523e+28,1
6.0823886e+27,1
6.2652215e+27,1
6.1321906e+27,1
1.1768751e+28,1
8.088493e+28,1
4.221275e+27,1
4.1197568e+27,1
4.1474916e+27,1
6.969062e+27,1
2.7044863e+27,1
2.758289e+27,1
2.7192195e+27,1
4.094538e+27,1
1.7277347e+27,1
1.7551298e+27,1
1.7352547e+27,1
2.3879363e+27,1
1.0786446e+27,1
1.0921191e+27,1
1.0823414e+27,1
1.386696e+27,1
6.607019e+26,1
6.6715085e+26,1
6.62472e+26,1
8.017152e+26,1
3.9850158e+26,1
4.0151917e+26,1
3.9933224e+26,1
4.6234296e+26,1
4.4141418e+27,1
2.4999633e+26,1
2.5149066e+26,1
2.5040638e+26,1
1.713295e+26,1
1.7217765e+26,1
1.7156394e+26,1
1.2392476e+26,1
1.244464e+26,1
1.2406803e+26,1
2.8081012e+26,1
8.696174e+25,1
8.72681e+25,1
8.704524e+25,1
1.6830857e+26,1
5.8929374e+25,1
5.9100306e+25,1
5.897607e+25,1
9.977435e+25,1
5.5446364e+26,1
3.8701896e+25,1
3.879198e+25,1
3.8725914e+25,1
5.863954e+25,1
2.473362e+25,1
2.477955e+25,1
2.4745864e+25,1
3.4230073e+25,1
2.234847e+25,1
1.5445814e+25,1
1.5468544e+25,1
1.545175e+25,1
1.4250438e+25,1
8.643486e+25,1
9.4664096e+24,1
9.4635394e+24,1
9.474443e+24,1
8.882879e+24,1
5.709116e+24,1
5.714153e+24,1
5.710364e+24,1
5.434217e+24,1
3.5817322e+24,1
3.5842032e+24,1
3.582297e+24,1
2.4547284e+24,1
2.4561312e+24,1
2.4550498e+24,1
1.7755635e+24,1
1.7764334e+24,1
1.7757624e+24,1
3.4425273e+24,1
1.2460248e+24,1
1.2465246e+24,1
1.246129e+24,1
2.1352351e+24,1
1.4483503e+25,1
8.4439005e+23,1
8.44666e+23,1
8.444466e+23,1
1.3009317e+24,1
5.545451e+23,1
5.5469086e+23,1
5.545742e+23,1
7.812657e+23,1
3.5440414e+23,1
3.5447746e+23,1
3.5441744e+23,1
4.6386244e+23,1
2.5094674e+24,1
2.213272e+23,1
2.2136318e+23,1
2.2133338e+23,1
2.7294307e+23,1
1.35607285e+23,1
1.3561005e+23,1
1.3562446e+23,1
1.5948253e+23,1
9.897497e+22,1
6.6514356e+22,1
9.858472e+16,1
4.6692582e+22,1
8.180089e+22,1
8.180942e+22,1
8.180248e+22,1
5.1309767e+22,1
5.1314e+22,1
5.1310623e+22,1
3.5161023e+22,1
3.516347e+22,1
3.5161372e+22,1
4.3971327e+23,1
2.5430823e+22,1
2.5430823e+22,1
2.5432014e+22,1
3.249726e+22,1
1.7844465e+22,1
1.7845212e+22,1
1.7844465e+22,1
2.186722e+22,1
1.2091826e+22,1
1.2092234e+22,1
1.2091826e+22,1
1.4267444e+22,1
7.9406534e+21,1
7.940903e+21,1
7.9406534e+21,1
9.07021e+21,1
7.725352e+22,1
5.0744354e+21,1
5.0745677e+21,1
5.0744354e+21,1
5.637226e+21,1
3.1688895e+21,1
3.1689424e+21,1
3.1688895e+21,1
3.441943e+21,1
1.9415067e+21,1
1.9415314e+21,1
1.9414981e+21,1
2.0683826e+21,1
1.361632e+22,1
1.1712597e+21,1
1.1712662e+21,1
1.1712534e+21,1
1.2300759e+21,1
7.348137e+20,1
7.3481886e+20,1
7.3481886e+20,1
5.0361144e+20,1
5.0361144e+20,1
5.0360725e+20,1
3.642806e+20,1
3.642806e+20,1
3.642806e+20,1
7.635522e+20,1
2.5563644e+20,1
2.5563941e+20,1
2.5563644e+20,1
4.656935e+20,1
2.4120297e+21,1
1.7324382e+20,1
1.7324382e+20,1
1.7324382e+20,1
2.7992018e+20,1
1.1378523e+20,1
1.1378523e+20,1
1.1378523e+20,1
1.6631116e+20,1
7.2718317e+19,1
7.2718436e+19,1
7.271821e+19,1
9.7907236e+19,1
4.5414035e+19,1
4.541409e+19,1
4.54139e+19,1
5.7231643e+19,1
2.7825182e+19,1
2.7825086e+19,1
2.78249e+19,1
3.3270314e+19,1
1.6786541e+19,1
1.6786494e+19,1
1.6786409e+19,1
1.9259277e+19,1
1.0531073e+19,1
1.0531051e+19,1
1.0531007e+19,1
7.217364e+18,1
7.2173455e+18,1
7.2172746e+18,1
5.220434e+18,1
5.220415e+18,1
5.220372e+18,1
1.1726627e+19,1
1.3217546e+20,1
3.6633418e+18,1
3.6633309e+18,1
3.6633053e+18,1
7.04261e+18,1
2.482442e+18,1
2.4824317e+18,1
2.482412e+18,1
4.1779465e+18,1
1.6303439e+18,1
1.6303385e+18,1
1.630325e+18,1
2.45886e+18,1
1.6609206e+19,1
1.0419322e+18,1
1.04192945e+18,1
1.04192264e+18,1
1.436138e+18,1
6.5069854e+17,1
6.506972e+17,1
6.506938e+17,1
8.34838e+17,1
3.9869168e+17,1
3.9869103e+17,1
3.986894e+17,1
4.829799e+17,1
2.5867451e+18,1
2.4052726e+17,1
2.4052693e+17,1
2.4052616e+17,1
2.7869234e+17,1
1.5090606e+17,1
1.5090591e+17,1
1.5090551e+17,1
1.0342669e+17,1
1.0342678e+17,1
1.0342635e+17,1
7.481329e+16,1
7.481324e+16,1
7.481302e+16,1
1.6934798e+17,1
5.2501775e+16,1
5.250174e+16,1
5.2501624e+16,1
1.0153637e+17,1
3.5579988e+16,1
3.557988e+16,1
3.5579808e+16,1
4.3347387e+17,1
6.0207324e+16,1
2.336823e+16,1
2.3368172e+16,1
2.3368133e+16,1
3.5391295e+16,1
1.4934895e+16,1
1.4934865e+16,1
1.4934847e+16,1
2.0663098e+16,1
9.858487e+16,1
1.3281782e+16,1
9.326492e+15,1
9.326477e+15,1
9.32645e+15,1
8.495952e+15,1
7.470387e+16,1
5.782219e+15,1
5.78218e+15,1
5.782167e+15,1
3.8940055e+15,1
3.893984e+15,1
3.8939714e+15,1
5.3708797e+15,1
2.5433688e+15,1
2.543358e+15,1
2.5433508e+15,1
3.2844697e+15,1
1.6933546e+15,1
1.6933487e+15,1
1.6933447e+15,1
1.2078584e+15,1
1.2078523e+15,1
1.2078502e+15,1
8.995976e+14,1
8.995939e+14,1
8.9959224e+14,1
2.0799289e+15,1
1.3092441e+16,1
6.488091e+14,1
6.4880326e+14,1
6.488012e+14,1
1.2897065e+15,1
4.509551e+14,1
4.50951e+14,1
4.5094972e+14,1
7.8565126e+14,1
3.029369e+14,1
3.0293468e+14,1
3.0293398e+14,1
4.717802e+14,1
2.3083114e+15,1
1.9743468e+14,1
1.9743178e+14,1
1.9743099e+14,1
2.800771e+14,1
1.2535379e+14,1
1.2535231e+14,1
1.25351666e+14,1
1.6478345e+14,1
7.785868e+13,1
7.785798e+13,1
7.785764e+13,1
9.6277715e+13,1
4.0786707e+14,1
4.74923e+13,1
4.749195e+13,1
4.7491806e+13,1
5.5949532e+13,1
3.0030673e+13,1
3.003035e+13,1
3.003027e+13,1
2.0688486e+13,1
2.0688302e+13,1
2.0688226e+13,1
1.5020493e+13,1
1.5020287e+13,1
3.4116131e+13,1
2.2585213e+13,1
1.0576732e+13,1
1.0576577e+13,1
1.3786864e+13,1
7.18998e+12,1
7.189858e+12,1
8.922643e+12,1
1.3140115e+13,1
7.207135e+13,1
4.7349283e+12,1
4.734862e+12,1
5.6313507e+12,1
7.605107e+12,1
3.032991e+12,1
3.032957e+12,1
3.4801805e+12,1
4.3902543e+12,1
1.8977021e+12,1
1.8976853e+12,1
2.1141199e+12,1
2.5263808e+12,1
1.2742326e+13,1
1.1643809e+12,1
1.2665322e+12,1
1.4517969e+12,1
7.0330404e+11,1
1.0170825e+12,1
7.505711e+11,1
8.3271e+11,1
4.4167417e+11,1
4.6495603e+11,1
5.882479e+11,1
3.0290035e+11,1
3.1602894e+11,1
3.7979642e+11,1
2.1921302e+11,1
2.2725725e+11,1
5.0435277e+11,1
2.2548639e+12,1
2.4128183e+11,1
1.5390812e+11,1
1.5861916e+11,1
3.0131936e+11,1
1.4993505e+11,1
1.0434564e+11,1
1.0696474e+11,1
1.7825535e+11,1
9.1492295e+10,1
6.8556804e+10,1
6.994655e+10,1
1.0459492e+11,1
5.501753e+10,1
4.453889e+10,1
4.3830686e+10,1
3.9888853e+11,1
6.0983775e+10,1
3.2699376e+10,1
2.7381756e+10,1
2.7730424e+10,1
3.5382157e+10,1
1.9256693e+10,1
1.6781397e+10,1
1.6948302e+10,1
2.045143e+10,1
1.125895e+10,1
1.0126024e+10,1
1.0204103e+10,1
1.1786905e+10,1
7.0290235e+10,1
6.9077253e+09,1
6.3539267e+09,1
6.3926845e+09,1
4.668193e+09,1
4.3570284e+09,1
4.3790213e+09,1
3.3426755e+09,1
3.152572e+09,1
3.1660961e+09,1
7.159292e+09,1
2.3236244e+09,1
2.2126477e+09,1
2.220588e+09,1
4.2887619e+09,1
1.5612657e+09,1
1.4997473e+09,1
1.5041582e+09,1
2.5413504e+09,1
1.238311e+10,1
1.01770963e+09,1
9.8514605e+08,1
9.874883e+08,1
1.4930743e+09,1
6.462503e+08,1
6.296933e+08,1
6.308886e+08,1
8.7134816e+08,1
4.0142506e+08,1
3.9328426e+08,1
3.9387315e+08,1
5.059008e+08,1
2.1968054e+09,1
2.448814e+08,1
2.4099035e+08,1
2.4127222e+08,1
2.92573e+08,1
1.4720989e+08,1
1.455236e+08,1
1.453918e+08,1
1.6868355e+08,1
9.217342e+07,1
9.126875e+07,1
9.1334136e+07,1
6.332019e+07,1
6.2803676e+07,1
6.2841276e+07,1
4.584715e+07,1
4.55264e+07,1
4.5549296e+07,1
1.025043e+08,1
3.2161162e+07,1
3.1972506e+07,1
3.1985968e+07,1
6.1431548e+07,1
4.101282e+07,1
3.882574e+08,1
2.1692132e+07,1
2.1797162e+07,1
2.1699408e+07,1
2.6534434e+07,1
1.4317336e+07,1
1.426127e+07,1
1.4265192e+07,1
1.6745956e+07,1
9.151701e+06,1
9.123026e+06,1
9.12499e+06,1
1.0349441e+07,1
6.8556184e+07,1
5.7025635e+06,1
5.7165885e+06,1
5.7034205e+06,1
6.28803e+06,1
3.4974285e+06,1
3.768755e+06,1
3.1959932e+06,1
3.1904415e+06,1
2.1120182e+06,1
2.2345902e+06,1
1.2139989e+07,1
1.8742865e+06,1
1.8715769e+06,1
1.3323854e+06,1
1.2825626e+06,1
1.2822578e+06,1
951862.0,1
914101.1,1
914686.94,1
698180.94,1
1.3933711e+06,1
493195.97,1
621850.44,1
621265.94,1
849454.9,1
411797.88,1
411447.97,1
337868.9,1
511236.6,1
2.1530395e+06,1
265636.75,1
265422.7,1
224654.67,1
304648.53,1
167746.05,1
167600.58,1
145588.75,1
180384.89,1
104312.03,1
104200.85,1
92516.445,1
106537.38,1
64305.676,1
64211.277,1
58061.906,1
382576.66,1
63058.625,1
39609.637,1
39523.58,1
36285.555,1
37653.254,1
26787.143,1
26574.295,1
30840.861,1
31420.95,1
22198.75,1
21894.916,1
24698.984,1
26130.176,1
15930.54,1
15781.2705,1
16179.246,1
16369.535,1
69825.41,1
11996.578,1
11915.549,1
11027.087,1
10866.356,1
9160.605,1
9083.343,1
7807.2275,1
7539.675,1
7083.707,1
7006.0156,1
5826.6533,1
5549.651,1
14631.389,1
5630.0713,1
5551.7153,1
4626.6675,1
4371.4624,1
4653.5225,1
4574.7627,1
3908.269,1
3678.9417,1
4019.1313,1
3940.058,1
3481.806,1
3273.614,1
3764.585,1
3559.1611,1
3208.5842,1
10990.727,1
12116.589,1
12175.07,1
7180.561,1
6874.0947,1
6597.981,1
4294.9473,1
4882.6987,1
5089.806,1
4821.8086,1
4836.443,1
3167.76,1
4348.776,1
4268.0415,1
4129.0034,1
3001.1047,1
3987.0051,1
3911.4277,1
3784.677,1
2903.3203,1
3159.489,1
3631.7214,1
3621.6545,1
3577.2441,1
2839.14,1
3476.7124,1
3399.115,1
3304.859,1
2796.641,1
3315.9656,1
3237.6365,1
3157.8506,1
2768.9136,1
2855.8152,1
3204.438,1
3125.6394,1
3057.1194,1
2749.8247,1
3163.689,1
2956.265,1
2846.8567,1
10198.846,1
11324.401,1
11529.966,1
6441.963,1
6135.9414,1
5939.4653,1
3800.9836,1
4537.602,1
4365.918,1
4274.5244,1
2889.5522,1
2800.9,1
3937.6404,1
3857.3318,1
3803.6326,1
2834.0403,1
3696.0554,1
3620.6482,1
3568.7698,1
2803.9492,1
3501.2004,1
3424.7297,1
3373.671,1
2781.2205,1
3348.115,1
3270.6284,1
3220.654,1
2795.1711,1
2763.4993,1
3234.5188,1
3156.2773,1
3107.3933,1
2749.6226,1
3154.1777,1
3075.4172,1
3027.4429,1
2738.8982,1
3123.4011,1
2915.7615,1
2821.162,1
10125.511,1
11249.585,1
11466.776,1
6372.3745,1
6065.853,1
5877.7866,1
3781.1519,1
2787.1301,1
4482.6772,1
4310.9487,1
4228.5444,1
2875.6172,1
3895.9495,1
3815.6091,1
3770.487,1
2815.0007,1
3667.463,1
3591.363,1
3546.7793,1
2798.7576,1
4114.0645,1
4006.4966,1
3891.3796,1
3.897892e+07,1
2.3141025e+06,1
2797.5627,1
741604.3,1
2.5930415e+06,1
307480.5,1
152005.52,1
133149.56,1
790060.7,1
112974.2,1
103494.95,1
542926.3,1
88775.89,1
4.3715756e+07,1
3.3251048e+06,1
1.7993992e+06,1
1.2206865e+06,1
4.800684e+06,1
2790.5513,1
377271.16,1
321163.2,1
1.6803045e+06,1
267978.28,1
245344.98,1
226359.75,1
1.1594194e+06,1
959108.3,1
184684.9,1
170820.64,1
153127.08,1
141593.38,1
706930.9,1
123807.21,1
113307.87,1
104016.375,1
534873.3,1
89986.79,1
82400.95,1
75113.8,1
390765.66,1
64360.54,1
2787.9211,1
58729.547,1
53200.332,1
277314.1,1
45221.125,1
41203.89,1
37159.34,1
191094.55,1
31476.3,1
28722.115,1
25847.611,1
128263.055,1
21927.709,1
2794.8481,1
20113.0,1
18109.455,1
84310.234,1
15464.684,1
14319.222,1
12935.621,1
54661.316,1
11168.068,1
11158.998,1
10516.239,1
43064.363,1
16647.465,1
41870.77,1
11958.825,1
11134.374,1
27041.562,1
8329.604,1
2790.6316,1
8302.757,1
8033.777,1
19406.545,1
6237.871,1
6689.1167,1
6546.3423,1
14370.018,1
5284.297,1
9.474619e+12,1
5399.6646,1
5359.5825,1
10572.279,1
4365.6,1
2788.8076,1
4747.098,1
4704.4805,1
8048.5996,1
3956.8171,1
5909.778,1
6010.9775,1
9259.866,1
4895.3228,1
5401.1426,1
5117.882,1
7184.217,1
4132.9385,1
4436.78,1
4372.2397,1
5786.6797,1
3720.8396,1
4061.9692,1
4006.387,1
4896.052,1
2788.6836,1
3467.9688,1
3813.228,1
3601.1692,1
4491.3213,1
10621.542,1
11763.155,1
12735.477,1
6766.8687,1
6460.12,1
6811.2495,1
4236.371,1
4837.983,1
4672.145,1
4981.131,1
3240.151,1
4207.164,1
4137.175,1
4365.509,1
3113.76,1
2794.3237,1
3930.0254,1
3866.2947,1
4005.7297,1
3023.7646,1
3696.483,1
3630.3125,1
3704.4043,1
2951.1047,1
3505.4941,1
3435.5742,1
3464.728,1
2893.4177,1
2792.2664,1
3357.9324,1
3284.4375,1
3284.0103,1
2848.383,1
3249.0735,1
3205.0137,1
3121.2798,1
2813.5164,1
3202.0894,1
2995.0886,1
2975.6074,1
10170.954,1
11299.912,1
11577.079,1
6407.295,1
6102.3325,1
5954.8423,1
3821.6855,1
4517.9253,1
4346.891,1
4294.347,1
2915.073,1
2788.0432,1
3927.5996,1
3848.7693,1
3824.372,1
2845.5056,1
3695.0574,1
3620.4995,1
3589.7131,1
2823.5137,1
3503.916,1
3428.7754,1
3392.5784,1
2787.654,1
2789.7102,1
3354.4417,1
3277.1992,1
3236.9978,1
2776.1702,1
2490.1873,1
7670.2656,1
9.858544e+16,1
3569.2078,1
3411.0698,1
3311.4536,1
3052.9102,1
3015.1042,1
2986.6035,1
8379.159,1
2792.568,1
3074.746,1
2872.8965,1
10796.996,1
6372.0386,1
11067.034,1
5953.225,1
4273.209,1
5543.6123,1
4990.9897,1
4308.0107,1
3459.5632,1
4116.999,1
3777.4365,1
3808.9524,1
3266.1196,1
3697.2625,1
3262.5188,1
2790.5603,1
3599.9695,1
3174.9353,1
3488.6555,1
3165.537,1
3174.1377,1
3355.368,1
3066.6362,1
6770.138,1
3072.6125,1
3201.6943,1
2924.252,1
2794.1858,1
5125.047,1
3023.5657,1
3093.5908,1
2808.81,1
3069.7937,1
3063.923,1
2931.8015,1
4530.3296,1
2713.7053,1
2731.7163,1
49357.977,1
11167.437,1
11483.854,1
17700.492,1
6043.635,1
5901.4937,1
3863.3645,1
4453.371,1
7398.5522,1
4240.5513,1
2931.9429,1
2790.252,1
5737.167,1
3782.5898,1
3779.65,1
2848.8696,1
4767.0244,1
3562.8267,1
3554.524,1
2822.926,1
3488.7715,1
3382.3098,1
2926.2502,1
2796.7913,1
7722.26,1
3273.1836,1
3244.8447,1
2810.2424,1
5658.668,1
3160.4336,1
3126.771,1
2769.1177,1
4482.317,1
3081.5762,1
3043.181,1
2760.573,1
4365.482,1
2918.317,1
2830.925,1
12236.186,1
11257.843,1
11473.487,1
8509.512,1
6064.85,1
5882.604,1
2792.1023,1
3791.4365,1
5945.9277,1
4309.8047,1
4233.1045,1
2886.4678,1
4875.509,1
3814.17,1
3774.562,1
2824.746,1
4295.4946,1
3590.2603,1
3550.4404,1
2805.7568,1
2791.7593,1
3870.4534,1
3404.1125,1
3362.7688,1
2773.003,1
3571.5178,1
3257.9128,1
3214.8809,1
2765.6047,1
3366.1414,1
3148.3896,1
3104.4448,1
2742.4575,1
2788.7615,1
3232.382,1
3071.3884,1
3026.5005,1
2740.866,1
3199.5312,1
2912.4263,1
2820.2043,1
10277.492,1
11236.26,1
11459.414,1
6539.2163,1
6055.2183,1
5869.194,1
3782.1218,1
4603.9116,1
4303.652,1
4222.936,1
2875.6736,1
2788.1497,1
3891.0007,1
3811.33,1
2957.5208,1
8220.431,1
3616.0254,1
3570.1868,1
2833.5935,1
6101.5493,1
3423.762,1
3377.832,1
2799.2134,1
2793.3923,1
4809.688,1
3272.486,1
3226.1594,1
2777.459,1
4074.3572,1
3159.6858,1
3113.164,1
2761.001,1
3636.075,1
3079.3716,1
3032.8027,1
2747.8286,1
3559.4695,1
2918.5771,1
2824.206,1
10922.52,1
11264.798,1
11464.384,1
7178.0674,1
6060.987,1
5874.3496,1
3789.8147,1
2792.9727,1
5054.5386,1
4308.778,1
4227.3145,1
2878.954,1
4293.356,1
3814.549,1
3770.8245,1
2820.8896,1
3929.9666,1
3590.6248,1
3546.703,1
2801.2424,1
2788.7627,1
3648.0266,1
3404.3958,1
3359.854,1
2760.711,1
3440.6675,1
3258.6726,1
3213.085,1
2763.2683,1
3288.7195,1
3148.5056,1
3102.9583,1
2738.2227,1
2792.4595,1
3187.703,1
3071.4612,1
3025.489,1
2738.3235,1
3154.2048,1
2911.1873,1
2818.293,1
10188.982,1
11238.833,1
11461.093,1
6442.447,1
6055.587,1
5868.564,1
3766.3176,1
4534.8633,1
4303.828,1
4222.827,1
2874.384,1
3932.8145,1
3810.4817,1
3766.625,1
2790.0784,1
2824.6602,1
3690.9192,1
3587.3062,1
3543.9153,1
2798.5942,1
3496.6663,1
3402.0645,1
3357.7415,1
2778.4192,1
3344.578,1
3255.8406,1
3210.8755,1
2761.8044,1
2791.001,1
3232.0085,1
3146.9324,1
3101.551,1
2748.6155,1
3152.5063,1
3069.6582,1
3024.0166,1
2737.3896,1
3123.136,1
2911.483,1
2818.6162,1
10118.181,1
11235.202,1
11457.645,1
6364.1973,1
6046.059,1
5857.831,1
3751.9172,1
2791.546,1
4482.105,1
4302.3203,1
4220.1597,1
2873.3745,1
3895.0823,1
3809.4294,1
3765.133,1
2824.0583,1
3665.4307,1
3586.4495,1
3542.821,1
2796.162,1
2790.3914,1
3480.433,1
3401.5344,1
3357.0645,1
2777.8687,1
3334.4038,1
3255.5505,1
3210.5283,1
2761.5828,1
3225.791,1
3146.7134,1
3101.2952,1
2748.4878,1
2790.5952,1
3148.75,1
3069.516,1
3023.8682,1
2739.0034,1
3120.2192,1
2911.9937,1
2818.7666,1
10151.098,1
11262.578,1
11457.074,1
6361.178,1
6054.8647,1
5869.527,1
3779.731,1
4476.5737,1
4304.1904,1
4223.109,1
2874.0369,1
3891.2068,1
3810.2786,1
3766.3792,1
2815.907,1
2794.9983,1
3663.9695,1
3587.7063,1
3544.3489,1
2798.855,1
3478.7085,1
3402.013,1
3357.733,1
2767.4912,1
3334.5442,1
3256.1665,1
3211.029,1
2761.4395,1
2788.541,1
3225.283,1
3146.9944,1
3101.6519,1
2738.6326,1
3149.652,1
3070.0671,1
3024.2415,1
2738.493,1
3117.5076,1
2909.8347,1
2817.1497,1
10110.585,1
11237.355,1
11460.161,1
6360.424,1
6054.2,1
5867.412,1
3752.6235,1
4475.169,1
4303.1523,1
4221.67,1
2792.9502,1
2873.209,1
3890.0989,1
3809.685,1
3765.6755,1
2816.791,1
3662.9158,1
3587.0298,1
3543.4954,1
2798.0222,1
3478.2139,1
3401.748,1
3357.473,1
2788.33,1
2767.462,1
2137.6313,1
6731.3145,1
5994.9053,1
5198.2705,1
3706.839,1
3388.9216,1
3261.751,1
3200.519,1
3085.026,1
3221.6995,1
3139.4807,1
3091.5723,1
2928.056,1
2793.378,1
3156.8801,1
2938.9766,1
2837.3682,1
10133.368,1
11264.395,1
11490.218,1
6389.5376,1
6083.7593,1
5898.151,1
3972.0579,1
566425.75,1
2891.1824,1
4720.189,1
4514.7744,1
3044.1235,1
7970.117,1
3881.6729,1
3835.828,1
2997.1494,1
11487.904,1
3792.8777,1
3653.6682,1
2721.2375,1
7037.832,1
4494.2344,1
4296.38,1
3218.6516,1
5241.0254,1
3754.7441,1
3708.039,1
3084.819,1
5894.8784,1
4686.634,1
3669.6682,1
3608.5166,1
3381.9924,1
72054.75,1
4085.0918,1
3472.3325,1
3428.821,1
3222.55,1
3734.7683,1
3337.142,1
3291.6033,1
3101.839,1
3551.2156,1
3045.1667,1
2925.6013,1
10608.937,1
11288.931,1
11520.26,1
6853.828,1
6082.6196,1
5899.424,1
4067.3145,1
4869.107,1
4357.695,1
4278.456,1
3074.2854,1
84537.516,1
4203.4565,1
3879.0894,1
3835.8005,1
2991.3052,1
3899.028,1
3659.1826,1
3615.9211,1
2915.043,1
3652.903,1
3469.5198,1
3005.974,1
21993.512,1
3494.6172,1
3343.8052,1
6808.812,1
2857.3726,1
3337.7976,1
3216.2468,1
5121.5615,1
2818.0337,1
3227.6123,1
3122.8293,1
4138.6274,1
2780.5894,1
6491.65,1
3182.88,1
2945.8997,1
3781.321,1
10176.004,1
11253.195,1
13025.182,1
6428.8145,1
6069.455,1
7443.8423,1
3858.9897,1
4529.975,1
4320.1533,1
5327.139,1
2906.2922,1
3934.8325,1
3826.739,1
4526.0684,1
2848.3506,1
3696.3723,1
3602.12,1
4043.5618,1
3468.0176,1
2816.2542,1
3503.4863,1
3414.772,1
3675.1194,1
2791.002,1
3351.3945,1
3266.1565,1
3407.1755,1
2771.4424,1
3238.044,1
3155.0464,1
3220.827,1
2913.811,1
2755.7727,1
3157.546,1
3075.9058,1
3095.7231,1
2731.6362,1
3125.4343,1
2977.911,1
2821.751,1
10114.889,1
11236.426,1
11591.958,1
6369.323,1
6057.0615,1
6009.9663,1
3826.4382,1
4480.6426,1
4405.9277,1
4223.497,1
2868.967,1
2814.082,1
3896.8276,1
3812.485,1
3840.1467,1
2827.973,1
3666.647,1
3589.1572,1
3594.0735,1
2790.4631,1
2151.4521,1
6872.594,1
6133.0723,1
5368.8984,1
3717.685,1
2791.8452,1
3494.7114,1
3367.7979,1
3326.733,1
3097.689,1
6121.833,1
3496.2173,1
3341.897,1
3283.3037,1
3470.3489,1
3275.293,1
3190.6626,1
3148.7456,1
3240.9836,1
3191.4536,1
2963.5425,1
2860.8699,1
10155.028,1
11283.499,1
11521.833,1
6413.228,1
6108.683,1
5939.461,1
4095.3894,1
2792.1877,1
4523.9385,1
4352.8647,1
4283.86,1
3135.5466,1
3933.2808,1
3853.2498,1
3817.818,1
3006.0583,1
3701.6736,1
3624.7534,1
3586.3777,1
2941.7236,1
2792.2307,1
3509.2698,1
3432.5706,1
3391.514,1
2870.1877,1
3359.3027,1
3280.9478,1
3237.6543,1
2830.262,1
3245.2722,1
3166.635,1
3122.1353,1
2785.984,1
2789.1921,1
3165.2773,1
3085.5657,1
3040.129,1
2769.1458,1
3128.4907,1
2918.2114,1
2823.9607,1
10117.993,1
11243.736,1
11467.478,1
6367.817,1
6061.8804,1
5877.509,1
3818.7593,1
4481.42,1
4309.9106,1
4229.509,1
2897.0076,1
2792.8108,1
3895.9353,1
3815.6113,1
3772.4048,1
2832.435,1
3667.8838,1
3591.927,1
3548.9614,1
2809.2256,1
3482.1543,1
3405.6174,1
3361.6594,1
2769.3716,1
3338.328,1
3259.5862,1
3214.4783,1
2794.5762,1
2766.7603,1
3227.7195,1
3149.3508,1
3104.0684,1
2734.068,1
3152.8318,1
3072.6187,1
3026.629,1
2740.8684,1
3119.036,1
2911.067,1
2818.1753,1
10111.17,1
11239.037,1
11461.968,1
6362.212,1
6056.1245,1
5869.475,1
3718.9246,1
2789.224,1
4477.5312,1
4305.119,1
4223.6646,1
2875.9233,1
3891.0227,1
3810.644,1
3766.7075,1
2825.123,1
3662.964,1
3587.5706,1
3544.2122,1
2799.1714,1
2790.8389,1
3478.6956,1
3402.2322,1
3357.9578,1
2778.4255,1
3333.4302,1
3255.9265,1
3210.9822,1
2762.0066,1
3225.2808,1
3147.134,1
3101.795,1
2748.572,1
2791.1682,1
3148.5747,1
3069.796,1
3024.169,1
2730.3413,1
3116.9006,1
2909.6084,1
2817.1323,1
10114.221,1
11239.638,1
11460.938,1
6361.3613,1
6055.308,1
5866.792,1
3819.5398,1
4474.3853,1
4303.184,1
4221.58,1
2866.3423,1
3891.5337,1
3810.7153,1
3766.336,1
2825.383,1
2791.1138,1
3662.7551,1
3587.3047,1
2929.7693,1
7414.2773,1
3432.1277,1
3384.2673,1
2813.8027,1
5547.7056,1
3277.9028,1
3230.642,1
2772.8687,1
2790.1592,1
4448.9146,1
3164.2773,1
3116.9062,1
2764.694,1
3845.5935,1
3082.5474,1
3035.4744,1
2741.11,1
3740.9866,1
2919.793,1
2825.2024,1
11192.768,1
11244.92,1
11468.98,1
7481.5386,1
6073.5557,1
5884.835,1
3824.1206,1
2789.3308,1
5256.5454,1
4310.989,1
4229.2573,1
2862.0593,1
4432.349,1
3817.1726,1
3772.2678,1
2830.2036,1
4017.7217,1
3592.1736,1
3548.3616,1
2791.0527,1
5147.1685,1
4749.077,1
4672.7866,1
3.921832e+07,1
1.9456725e+06,1
2793.4897,1
512895.12,1
306456.84,1
2.14276e+06,1
195978.89,1
148593.05,1
135559.03,1
9.8586155e+16,1
110096.836,1
99713.71,1
90881.38,1
80515.336,1
72625.06,1
611875.0,1
64385.312,1
55619.586,1
49938.43,1
357567.44,1
2791.6353,1
43052.312,1
39903.773,1
37041.266,1
261068.48,1
39184.836,1
37761.89,1
205406.0,1
28900.92,1
26778.844,1
139054.48,1
22962.945,1
21368.248,1
19727.072,1
99463.71,1
16919.879,1
16212.343,1
70711.61,1
14036.037,1
2790.062,1
17806.469,1
49335.336,1
11381.965,1
10514.077,1
12808.79,1
9398.802,1
32779.28,1
8157.4463,1
9456.478,1
7386.8066,1
22093.906,1
6448.862,1
2792.5376,1
7285.252,1
5992.335,1
15039.064,1
5320.6704,1
5858.47,1
5036.9326,1
10493.769,1
4509.195,1
5277.208,1
4578.3877,1
9579.114,1
12370.81,1
12603.086,1
16608.85,1
8305.079,1
7120.4243,1
9547.721,1
4848.8716,1
5942.02,1
5135.038,1
6902.8687,1
3648.5872,1
2789.2832,1
4988.37,1
4453.116,1
5672.0054,1
3435.5503,1
4461.4624,1
4076.6536,1
4866.6304,1
3250.9248,1
4054.3975,1
3772.5747,1
3294.979,1
2789.7988,1
3809.1084,1
3587.4248,1
7552.5146,1
3068.297,1
3561.1433,1
3391.835,1
5570.922,1
2980.154,1
3387.3528,1
3250.343,1
4417.764,1
2908.9097,1
2793.6157,1
3324.308,1
3078.219,1
4216.3774,1
10336.09,1
11377.77,1
13387.16,1
6564.73,1
6170.344,1
7726.0874,1
3887.5142,1
4632.0156,1
4395.2856,1
5526.534,1
2964.3918,1
4010.2495,1
3882.24,1
4663.48,1
2893.973,1
2789.0122,1
3752.2246,1
3643.5857,1
4137.334,1
2852.6716,1
3544.5693,1
3445.6997,1
3738.4768,1
2820.5225,1
3381.5022,1
3289.1917,1
3449.754,1
2793.722,1
2795.6138,1
3260.3691,1
3172.4653,1
3249.745,1
2773.045,1
566305.6,1
3497.483,1
3374.999,1
3208.3513,1
3206.0457,1
2970.4326,1
3130.467,1
2913.2312,1
2899.6843,1
10114.991,1
11240.552,1
11622.657,1
6385.4043,1
6075.6777,1
6048.4727,1
3941.4546,1
4055.9512,1
3900.8337,1
3895.2334,1
2624.6658,1
5210.6494,1
5202.192,1
5171.033,1
2789.9114,1
4103.869,1
4019.2197,1
4053.6555,1
3282.6611,1
3883.9805,1
3810.4426,1
3825.6362,1
3081.4072,1
3703.498,1
3627.2058,1
3622.5056,1
2986.4202,1
2791.9475,1
3533.5466,1
3456.057,1
3436.5544,1
2902.2998,1
3390.6309,1
3311.291,1
3281.2075,1
2855.3862,1
3276.0767,1
3196.5261,1
3159.8284,1
2815.4993,1
3207.0798,1
2997.557,1
2884.4543,1
10140.209,1
11268.0205,1
11509.892,1
2788.6426,1
6363.0825,1
6058.1567,1
5890.0522,1
3883.1812,1
4495.658,1
4324.1943,1
4257.031,1
2921.3699,1
3920.9954,1
3840.5496,1
3806.293,1
2858.3223,1
6067.757,1
3884.9614,1
3737.224,1
3677.74,1
3329.5862,1
2792.9343,1
3573.6138,1
3493.4617,1
3451.8416,1
3109.5427,1
3407.9956,1
3329.9707,1
3286.7363,1
2993.6355,1
3285.0015,1
3206.2427,1
3161.478,1
2907.451,1
2790.6616,1
3195.3062,1
3115.9136,1
3070.249,1
2844.8767,1
3151.122,1
2936.7937,1
2839.3096,1
10120.202,1
11248.666,1
11474.725,1
6374.6597,1
6069.039,1
5884.3315,1
3867.6226,1
4490.7397,1
4319.5483,1
4239.2344,1
2938.8433,1
2790.1995,1
3905.451,1
3825.2576,1
3782.1172,1
2870.2925,1
3675.841,1
3600.4778,1
3557.6086,1
2829.6147,1
3489.8909,1
3413.4182,1
3369.4207,1
2799.8596,1
2790.0774,1
3342.5562,1
3265.0312,1
3220.2324,1
2776.921,1
3232.4167,1
3154.1165,1
3108.745,1
2749.5583,1
3155.1018,1
3075.6409,1
3029.801,1
2745.672,1
3122.9973,1
2914.5776,1
2821.1218,1
10112.575,1
11238.125,1
11460.423,1
6362.4746,1
6056.4478,1
5869.7905,1
3785.9927,1
2794.5244,1
4477.3496,1
4305.7515,1
4224.6143,1
2880.6323,1
3892.24,1
3811.9207,1
3768.012,1
2820.3142,1
3665.0864,1
3589.2236,1
3545.7305,1
2801.2827,1
2789.033,1
3479.8435,1
3403.3716,1
3359.0964,1
2769.6482,1
3335.5078,1
3257.2786,1
3212.1218,1
2762.3743,1
3226.1062,1
3147.7625,1
3102.3606,1
2741.6782,1
2790.2432,1
3149.9534,1
3070.698,1
3024.9282,1
2739.377,1
3119.463,1
2911.798,1
2818.862,1
10109.769,1
11236.76,1
11458.607,1
6361.078,1
6055.1206,1
5868.0977,1
3818.8909,1
4473.863,1
4303.2427,1
4222.164,1
2875.7415,1
3890.5476,1
3810.086,1
3766.2925,1
2792.2107,1
2825.141,1
3662.6338,1
3587.2703,1
3543.932,1
2798.9297,1
6004.059,1
5155.7437,1
3886.8894,1
3664.8862,1
3568.4182,1
3833.153,1
3468.4011,1
3383.445,1
3335.4836,1
3432.2678,1
2792.6147,1
3326.7112,1
3247.7708,1
3200.8396,1
3248.7234,1
3229.952,1
3150.376,1
3103.049,1
3096.7124,1
3167.9612,1
2946.6323,1
2842.397,1
10147.666,1
11274.661,1
11493.811,1
6389.2183,1
6085.71,1
5900.989,1
4070.6519,1
2788.5776,1
4505.4766,1
4335.224,1
4254.5967,1
3063.9612,1
3918.3745,1
3838.5088,1
3794.637,1
2961.6335,1
3686.4148,1
3611.206,1
3567.7493,1
2894.3623,1
2792.3757,1
3498.3477,1
3422.0334,1
2979.5764,1
3387.4873,1
6738.5386,1
3253.7312,1
2841.297,1
3263.581,1
5087.123,1
3134.449,1
2800.2588,1
2796.7087,1
3177.813,1
4131.585,1
3049.0967,1
2761.9263,1
3138.1572,1
3850.1296,1
2830.576,1
10126.469,1
12808.565,1
11475.605,1
6377.039,1
7643.1367,1
5883.8647,1
3853.386,1
4487.666,1
4315.829,1
3005.7642,1
3938.496,1
9829.392,1
3801.485,1
2875.2612,1
2789.5215,1
3694.761,1
7099.0415,1
3571.1057,1
2823.3093,1
3504.5684,1
5424.1494,1
3379.1638,1
2802.589,1
3352.9573,1
4425.599,1
3227.0906,1
2769.9048,1
2787.1226,1
3241.5303,1
3820.669,1
3114.2695,1
2763.0923,1
3160.1445,1
3456.4226,1
3033.5266,1
2739.598,1
3126.5647,1
3267.4011,1
2823.8005,1
10122.402,1
11907.736,1
11466.3955,1
6367.124,1
6750.366,1
5874.1167,1
3828.019,1
2791.6545,1
4479.84,1
4796.103,1
4227.0723,1
2871.8293,1
2208.7346,1
7256.3394,1
6868.0645,1
5739.3296,1
3729.662,1
3813.776,1
3913.2544,1
3632.3135,1
3109.4263,1
3546.1943,1
3606.6536,1
3419.6018,1
2789.0652,1
2983.002,1
3384.35,1
3392.541,1
3260.1335,1
2902.5933,1
3266.7793,1
3239.1514,1
3140.8352,1
2851.8572,1
3180.8484,1
3131.9475,1
3054.8225,1
2807.7336,1
6111.6475,1
5235.365,1
2792.7678,1
3055.0984,1
2931.313,1
2822.4766,1
10106.019,1
11347.655,1
11558.965,1
6507.9146,1
6302.3286,1
6062.3657,1
4778.352,1
4620.5776,1
4483.4087,1
4344.0747,1
3609.0203,1
3983.239,1
3939.495,1
3860.0134,1
3407.2246,1
2791.442,1
3741.1138,1
3690.9534,1
3623.4038,1
3249.3296,1
3544.6458,1
3483.9578,1
3423.5923,1
3109.1802,1
3387.729,1
3319.567,1
3264.1133,1
2994.2166,1
2795.9072,1
3269.1677,1
3196.1619,1
3143.984,1
2900.0266,1
3184.3025,1
3107.854,1
3057.6843,1
2844.2842,1
3140.1245,1
2930.1846,1
2829.0747,1
10120.328,1
11258.052,1
11473.174,1
6376.0293,1
6077.3833,1
5881.6426,1
3833.6755,1
4489.489,1
4323.4766,1
4235.789,1
2937.4797,1
2789.4126,1
3902.2468,1
3826.1074,1
3777.6714,1
2858.7727,1
3673.6487,1
3600.3093,1
3553.6326,1
2828.9568,1
3486.7617,1
3411.9973,1
3365.6372,1
2784.5537,1
2789.701,1
3341.8047,1
3264.2861,1
3217.7021,1
2775.6033,1
3230.7263,1
3153.0176,1
3106.7654,1
2758.3252,1
3152.724,1
3074.2744,1
3028.0889,1
2745.129,1
2792.7102,1
3121.64,1
2913.6257,1
2819.7305,1
10110.641,1
11237.816,1
11459.772,1
6362.6143,1
6057.907,1
5869.604,1
3790.3464,1
4476.778,1
4305.462,1
4223.84,1
2880.0967,1
3891.8223,1
3811.8557,1
3767.4773,1
2828.1519,1
3663.5635,1
3588.4382,1
3544.6738,1
2801.3062,1
3479.2148,1
3402.989,1
3358.44,1
2780.6028,1
3333.758,1
3256.408,1
3211.2842,1
2762.7563,1
3225.5913,1
3147.4587,1
3101.9863,1
71855.59,1
2749.4812,1
3148.77,1
3070.0884,1
3024.4045,1
2738.999,1
3117.3994,1
2909.6797,1
2816.9558,1
10110.761,1
11237.636,1
11461.468,1
6357.9536,1
6052.538,1
5865.76,1
3786.489,1
4474.357,1
4302.3765,1
4221.4966,1
83924.69,1
3748.3245,1
3712.0605,1
3680.4307,1
4571.731,1
3593.4585,1
3522.188,1
3480.896,1
3779.6313,1
3426.4304,1
3350.9678,1
3307.896,1
3292.0676,1
566073.94,1
3962.38,1
21968.69,1
3567.1433,1
3380.6995,1
3291.1873,1
3589.4814,1
3242.4858,1
3160.4644,1
3116.243,1
3275.013,1
3432.0122,1
3247.266,1
3127.2998,1
2927.8481,1
3935.4321,1
4526.1797,1
4454.3584,1
4278.58,1
3988.629,1
3302.4546,1
3072.723,1
2950.6492,1
9912.059,1
11081.013,1
11342.882,1
6244.3184,1
5963.947,1
5793.8813,1
3686.072,1
6447.062,1
4578.809,1
4399.022,1
4316.6006,1
3431.8865,1
4013.044,1
3939.1467,1
3900.0808,1
3301.6843,1
3814.2324,1
3743.902,1
3703.341,1
3179.5674,1
3463.1885,1
3633.63,1
3560.0474,1
3516.777,1
3067.3567,1
3473.7073,1
3397.4941,1
3352.4043,1
2973.3167,1
3342.424,1
3264.4634,1
3218.289,1
2899.8052,1
2912.2485,1
3241.2473,1
3162.275,1
2982.6746,1
3022.0522,1
3336.3794,1
2768.7039,1
10084.758,1
47911.484,1
11505.982,1
6398.9546,1
14553.919,1
5908.272,1
3894.5527,1
4512.7827,1
5627.451,1
4257.173,1
2954.919,1
2816.1658,1
3928.1882,1
4587.7847,1
3802.6548,1
2885.0618,1
3698.7727,1
4063.6755,1
3578.3572,1
2843.4902,1
3510.6404,1
3685.041,1
3388.1245,1
2811.3347,1
3360.1401,1
3420.8303,1
3235.9805,1
2792.0354,1
2785.984,1
3246.5679,1
3242.6907,1
3121.447,1
2766.4473,1
3164.9595,1
3125.6367,1
3039.2576,1
2751.136,1
3131.6343,1
2974.0063,1
2827.2883,1
10114.746,1
11378.095,1
11462.869,1
6363.1455,1
6213.8657,1
5870.312,1
3655.6108,1
2792.7493,1
4483.34,1
4310.086,1
4336.1294,1
2878.5093,1
3160.771,1
3046.269,1
3109.111,1
4.3450204e+07,1
1.3600946e+07,1
8.0628545e+06,1
1.5559324e+07,1
1.6464491e+06,1
327990.9,1
211259.36,1
2.016703e+06,1
152469.06,1
126677.37,1
120288.38,1
2791.1343,1
9.858686e+16,1
95130.61,1
86623.01,1
553107.44,1
79065.484,1
67600.04,1
61375.58,1
374095.94,1
54087.016,1
51030.324,1
297824.7,1
45585.105,1
4.082254e+07,1
2.1821878e+06,1
704668.75,1
453210.1,1
2.780273e+06,1
307056.25,1
2786.9492,1
222598.38,1
199546.81,1
1.1576652e+06,1
170224.55,1
158225.45,1
878517.4,1
137168.45,1
3.128469e+07,1
7.196055e+06,1
4.54531e+06,1
1.1510772e+07,1
2.478159e+06,1
1.9639879e+06,1
6.700609e+06,1
1.1686905e+06,1
966015.9,1
828281.25,1
3.7485905e+06,1
378007.66,1
304567.78,1
1.5784925e+06,1
249303.52,1
214836.56,1
196896.56,1
1.01528356e+06,1
170760.03,1
2798.6091,1
155683.73,1
756600.2,1
130023.914,1
121444.28,1
110194.75,1
99695.125,1
535671.5,1
84456.4,1
76285.59,1
68602.16,1
372822.28,1
57789.664,1
2789.1816,1
52047.535,1
46613.062,1
251812.28,1
39184.23,1
35323.74,1
31576.182,1
165795.3,1
26634.064,1
25528.654,1
23819.14,1
125652.2,1
27846.154,1
27406.043,1
104257.78,1
19921.324,1
18538.797,1
70374.664,1
14854.811,1
2793.2546,1
14591.935,1
13565.696,1
50889.258,1
11046.879,1
12707.012,1
44016.977,1
12014.247,1
3.7919524e+07,1
1.6852556e+06,1
463218.56,1
287405.0,1
2.0283134e+06,1
147178.92,1
132280.34,1
729410.2,1
115080.7,1
2789.4224,1
101359.305,1
91336.79,1
483531.28,1
78356.02,1
69414.414,1
62234.406,1
331294.84,1
52992.668,1
47024.92,1
42023.883,1
221694.73,1
35708.727,1
31811.805,1
28402.053,1
145091.14,1
2789.1208,1
24202.43,1
23068.82,1
21545.328,1
110162.86,1
25900.562,1
25615.9,1
92365.39,1
18396.078,1
63000.668,1
16085.433,1
13879.064,1
13451.677,1
12505.747,1
44739.117,1
10279.863,1
10468.698,1
9777.4795,1
32110.016,1
8171.008,1
2789.7927,1
8405.691,1
7863.6533,1
22808.994,1
6616.349,1
6862.052,1
6437.5786,1
16135.174,1
5489.1787,1
5733.8096,1
5400.9653,1
11522.057,1
4685.3013,1
2791.5447,1
4925.856,1
4663.718,1
8431.963,1
4117.0293,1
4357.866,1
4144.711,1
6412.972,1
3717.0198,1
4104.8525,1
3879.1711,1
6235.8745,1
10962.617,1
13837.856,1
12183.116,1
7030.497,1
6675.37,1
7685.548,1
4375.795,1
5009.5874,1
4795.9614,1
5563.472,1
3341.6985,1
2792.7163,1
4309.8257,1
4804.6396,1
4118.378,1
3185.6628,1
3987.4617,1
3882.5405,1
4221.3984,1
3075.625,1
3727.713,1
3627.4312,1
3827.3203,1
2989.3142,1
2791.734,1
3523.0151,1
3426.5833,1
3533.1401,1
2913.8877,1
3369.79,1
3276.1602,1
3322.142,1
2869.8462,1
3257.0466,1
3166.791,1
3175.036,1
2820.0598,1
3211.0432,1
3004.0073,1
3057.4768,1
10199.838,1
11319.75,1
11642.96,1
6429.9517,1
6117.295,1
6003.5054,1
3883.1155,1
4529.696,1
4353.2056,1
4324.198,1
2916.8003,1
3936.059,1
3851.1494,1
3842.6907,1
2864.1497,1
72929.63,1
3697.8237,1
3619.0935,1
3599.1924,1
2819.0994,1
3506.95,1
3427.049,1
3397.4978,1
3198.7397,1
3170.6375,1
3125.605,1
4156.2793,1
86257.51,1
3157.238,1
3083.2766,1
3047.1543,1
3561.532,1
3099.6252,1
3021.731,1
2981.5322,1
3170.707,1
3095.298,1
2897.5466,1
2827.909,1
10258.708,1
11295.554,1
11401.719,1
6337.7437,1
6032.9233,1
5854.052,1
4347.267,1
4460.224,1
4287.5693,1
4211.396,1
3202.7397,1
22516.564,1
3876.327,1
3795.454,1
3755.321,1
3007.695,1
3650.3196,1
3574.5645,1
3533.8225,1
2900.272,1
3468.1392,1
3391.5254,1
3349.0608,1
2833.7483,1
6602.572,1
3324.7732,1
3247.2505,1
3203.6301,1
2791.563,1
3218.3303,1
3140.0933,1
3095.496,1
2764.3062,1
3142.9587,1
3064.225,1
3019.1418,1
2746.2314,1
3117.549,1
2911.05,1
2820.7737,1
10106.84,1
11232.559,1
11454.907,1
8822.083,1
8555.028,1
8244.026,1
3485.8374,1
8770.525,1
7099.8794,1
8354.233,1
3988.2676,1
5635.838,1
5041.924,1
5271.179,1
3056.1348,1
4438.7495,1
4355.4116,1
3070.739,1
4154.2676,1
8858.453,1
4031.3755,1
2929.6077,1
2915.1953,1
3240.9536,1
3101.6414,1
6032.644,1
4.3510972e+07,1
4.1042165e+06,1
2.6087458e+06,1
6.8493725e+06,1
1.4299672e+06,1
309722.88,1
214333.34,1
1.3855068e+06,1
159221.53,1
128719.45,1
116137.3,1
614716.2,1
96117.2,1
2818.7102,1
85746.52,1
77268.984,1
402372.8,1
63690.113,1
59769.082,1
55889.293,1
304033.22,1
54242.473,1
52229.215,1
242396.02,1
40121.695,1
37880.81,1
171416.45,1
31044.43,1
29430.85,1
27675.617,1
125499.06,1
22701.35,1
2791.861,1
21929.186,1
20570.223,1
89604.4,1
16928.275,1
16428.621,1
15360.794,1
62498.51,1
12671.493,1
12373.931,1
11549.754,1
42743.87,1
9617.285,1
2792.8132,1
9472.731,1
8844.407,1
28907.926,1
7478.588,1
7445.962,1
6968.1763,1
19551.203,1
5995.256,1
6054.4375,1
5687.838,1
13407.104,1
4996.405,1
5363.0576,1
5117.9546,1
11914.51,1
12015.142,1
13062.212,1
18259.994,1
7844.674,1
7506.934,1
10630.961,1
5030.9175,1
2791.6133,1
5693.702,1
5373.631,1
7692.8594,1
3844.9373,1
4789.573,1
4672.8066,1
6229.345,1
3568.5159,1
566745.1,1
3318.7349,1
4633.1064,1
4406.5483,1
5364.8374,1
3392.0208,1
2790.5762,1
4009.876,1
3901.1223,1
4540.142,1
3263.9429,1
3474.8103,1
3264.7004,1
4041.7974,1
2675.594,1
5130.627,1
5225.149,1
5702.0884,1
3990.9385,1
3883.3027,1
4217.3784,1
3321.944,1
2789.7717,1
3726.3406,1
3638.1025,1
3841.0361,1
3125.2114,1
3524.15,1
3284.9846,1
3478.7444,1
10323.375,1
11692.132,1
11680.103,1
6496.801,1
3788.2664,1
4676.943,1
4532.309,1
4548.0396,1
3134.6267,1
4017.2974,1
4025.4646,1
3993.0027,1
2792.4907,1
3030.7542,1
3866.4114,1
3729.639,1
3092.2273,1
6989.2817,1
3606.3813,1
3473.6282,1
2939.8496,1
5294.797,1
3418.9663,1
3291.0833,1
2879.522,1
2796.944,1
4308.33,1
3273.2976,1
2980.3323,1
3818.6125,1
3200.7798,1
5420.275,1
2846.2817,1
3741.1804,1
2994.8872,1
6745.2124,1
11203.536,1
11302.623,1
16935.184,1
7508.7876,1
6108.077,1
10409.772,1
3843.952,1
2788.1855,1
5280.962,1
4352.5425,1
6628.043,1
2924.3872,1
4444.283,1
3854.3276,1
5316.006,1
2864.141,1
4027.0227,1
3625.4082,1
4527.855,1
2830.0977,1
2789.1746,1
3710.5608,1
3433.4744,1
3964.6035,1
2802.5693,1
3478.0144,1
3280.6577,1
3577.416,1
2780.6309,1
3314.5017,1
3166.0896,1
3320.2163,1
2763.5432,1
2793.061,1
3203.5112,1
3084.1162,1
3153.6328,1
2749.507,1
3170.474,1
2920.0674,1
2941.8745,1
10214.919,1
11247.292,1
11708.478,1
6471.0195,1
6059.947,1
6127.429,1
3791.599,1
4554.66,1
4308.6333,1
4409.0215,1
2879.6265,1
3947.1282,1
3814.779,1
3898.0735,1
2829.122,1
2788.9,1
3700.581,1
3591.0383,1
3631.8767,1
2794.6587,1
3503.8481,1
3459.0134,1
3360.7708,1
2780.5464,1
3348.8838,1
3258.37,1
3246.069,1
2763.9358,1
2791.1665,1
3234.8298,1
3148.937,1
3123.071,1
2750.2998,1
3154.436,1
3071.2021,1
3037.0088,1
2739.434,1
3124.6433,1
2912.1326,1
2831.1072,1
10127.857,1
11240.8955,1
11486.034,1
5189.903,1
4955.833,1
4779.226,1
9614.945,1
9833.188,1
9550.966,1
2.4644228e+07,1
1.8776725e+06,1
2791.388,1
298060.4,1
199518.88,1
2.1471705e+06,1
140431.55,1
104534.48,1
94280.68,1
531100.75,1
80506.94,1
73226.64,1
66338.63,1
353166.84,1
56093.543,1
52940.094,1
274139.0,1
46133.95,1
4.437387e+07,1
3.2982665e+06,1
1.9161399e+06,1
1.3233282e+06,1
4.977955e+06,1
2789.7854,1
779262.75,1
307281.03,1
252910.61,1
1.4843655e+06,1
208840.4,1
181962.72,1
883507.06,1
148352.9,1
138105.92,1
123305.85,1
608055.4,1
102158.875,1
2795.182,1
95222.25,1
86873.484,1
462952.53,1
117126.06,1
75196.63,1
366121.9,1
68308.52,1
55260.215,1
262442.72,1
46928.703,1
49883.832,1
218876.02,1
41247.84,1
3.7228892e+07,1
549493.75,1
377311.3,1
2.2459838e+06,1
266658.38,1
238173.02,1
1.1312121e+06,1
198404.5,1
4.2130276e+07,1
2.397075e+06,1
913352.9,1
3.437614e+06,1
520813.34,1
433203.44,1
1.8314499e+06,1
358428.72,1
3.3304804e+07,1
3.6937625e+06,1
2788.9136,1
1.6266846e+06,1
1.1194309e+06,1
4.434048e+06,1
763898.56,1
543025.2,1
491228.88,1
2.2091095e+06,1
424792.06,1
384280.97,1
349602.34,1
1.5883259e+06,1
298943.4,1
1.346945e+06,1
263243.56,1
4.6179788e+07,1
3.1193918e+06,1
2792.401,1
1.1497761e+06,1
808432.75,1
3.6242862e+06,1
592019.8,1
468080.34,1
422447.8,1
1.9095421e+06,1
359801.62,1
333870.6,1
310009.56,1
1.5026334e+06,1
272530.88,1
252549.08,1
1.2238134e+06,1
212611.72,1
197102.75,1
956876.44,1
172551.11,1
165434.56,1
825208.06,1
149598.4,1
3.5527604e+07,1
1.2103916e+06,1
593136.0,1
464264.56,1
2.782397e+06,1
367311.1,1
2790.6758,1
306544.06,1
281036.38,1
1.377099e+06,1
244661.52,1
227685.7,1
212214.14,1
3.653549e+07,1
6.1705365e+06,1
4.651991e+06,1
2.6317718e+06,1
2.2914865e+06,1
519685.72,1
1.068717e+06,1
421319.62,1
2790.351,1
926330.94,1
328542.2,1
735700.94,1
277862.1,1
610651.94,1
222813.52,1
501897.72,1
186514.6,1
402937.88,1
147954.44,1
333078.44,1
123030.54,1
2791.049,1
114128.27,1
281229.38,1
248517.4,1
228881.53,1
89546.01,1
197642.58,1
163045.28,1
66408.945,1
140188.27,1
56692.36,1
118322.47,1
48260.742,1
101455.15,1
41001.023,1
84089.61,1
35007.625,1
71934.05,1
29651.568,1
58572.37,1
25234.697,1
49993.188,1
2790.3936,1
21309.94,1
40175.906,1
18172.43,1
34259.777,1
15385.413,1
27396.88,1
13226.157,1
23386.832,1
11288.71,1
18794.264,1
9844.806,1
16100.784,1
2790.6543,1
8509.7,1
13144.598,1
7572.091,1
11334.673,1
6645.426,1
88380.87,1
11150.441,1
6826.4673,1
4.247559e+07,1
2.5519755e+06,1
1.7817686e+06,1
1.3651786e+06,1
5.478032e+06,1
886052.75,1
730689.44,1
3.6070385e+06,1
515710.88,1
437858.9,1
2.0001168e+06,1
204692.19,1
880460.7,1
140351.19,1
137976.28,1
125852.0,1
686593.3,1
2.7451472e+07,1
1.8430584e+06,1
2791.8694,1
535380.56,1
3.0985918e+06,1
339103.28,1
311453.16,1
264360.34,1
239498.14,1
1.1512698e+06,1
205195.83,1
186308.11,1
167951.08,1
827490.25,1
142169.4,1
2794.8252,1
128512.81,1
115058.875,1
587242.0,1
96579.46,1
86909.64,1
77403.24,1
403908.75,1
64680.91,1
58075.26,1
51553.055,1
269983.88,1
43069.766,1
41007.527,1
37848.88,1
204021.34,1
39780.297,1
38067.285,1
164316.34,1
28967.865,1
26715.045,1
113272.0,1
22000.729,1
21200.91,1
19488.383,1
82272.32,1
16144.468,1
16014.604,1
14736.324,1
58624.35,1
12315.062,1
11441.641,1
15942.381,1
9.858759e+16,1
15060.426,1
11090.492,1
10333.224,1
40118.63,1
71645.63,1
8630.898,1
8074.0635,1
27607.057,1
9967.087,1
7080.8936,1
6627.128,1
19052.562,1
6703.7515,1
5915.2627,1
5555.9766,1
13270.544,1
5704.448,1
84538.92,1
5068.526,1
4784.314,1
9472.204,1
4700.8413,1
4655.519,1
4379.8047,1
8753.667,1
11428.129,1
12440.373,1
15903.538,1
7406.4287,1
7016.891,1
9017.287,1
5093.624,1
5306.257,1
5064.1216,1
6531.246,1
3785.0327,1
21883.264,1
4543.784,1
4403.946,1
5416.7197,1
3544.586,1
4161.888,1
4047.7737,1
4697.39,1
3282.4421,1
3870.9402,1
3752.5208,1
4153.152,1
3168.1396,1
3625.9783,1
3518.7642,1
3751.1453,1
6476.0806,1
3032.062,1
3446.5913,1
3345.045,1
3467.722,1
2958.4548,1
3314.3706,1
3218.1082,1
3272.0525,1
2881.5337,1
3262.382,1
3051.558,1
3184.4634,1
10248.82,1
11363.045,1
11735.838,1
6461.673,1
6147.764,1
6074.8193,1
3932.3547,1
4348.586,1
4452.8184,1
4235.9873,1
3.902626e+07,1
3469.0667,1
1.6520902e+06,1
2.9071235e+06,1
454181.0,1
329543.47,1
260392.14,1
124797.164,1
708320.56,1
98550.59,1
92403.14,1
427702.25,1
75052.97,1
68726.914,1
63979.15,1
2912.4277,1
294262.56,1
52563.723,1
47903.926,1
44507.47,1
198984.88,1
36398.004,1
33070.984,1
30757.797,1
131714.67,1
25162.422,1
22845.922,1
21343.107,1
2822.0237,1
85696.62,1
17568.906,1
15981.619,1
15005.771,1
65040.96,1
13834.135,1
13113.116,1
57074.566,1
19736.744,1
19284.12,1
38775.145,1
12631.618,1
11965.517,1
9745.721,1
571701.3,1
7896.013,1
27629.045,1
8999.341,1
8554.831,1
20018.432,1
7157.3154,1
6848.38,1
6054.7837,1
2791.231,1
16320.538,1
5716.034,1
5602.7275,1
17786.326,1
10204.526,1
9831.392,1
5590.9434,1
11397.208,1
5944.0127,1
5729.423,1
4603.997,1
8740.472,1
5106.099,1
4953.7466,1
4081.774,1
2793.1655,1
4715.7163,1
6771.837,1
4408.224,1
3738.1904,1
5670.592,1
4095.719,1
3984.4722,1
3461.0671,1
5430.753,1
3734.5562,1
3610.4636,1
11901.892,1
11913.364,1
12107.579,1
7687.413,1
6585.0347,1
6374.1343,1
4275.8276,1
2788.5918,1
5507.9487,1
4753.496,1
4650.8643,1
3211.3823,1
4685.558,1
4189.294,1
4125.449,1
3109.6516,1
4254.1475,1
3894.719,1
3834.9211,1
3009.7095,1
2793.087,1
3912.2869,1
3645.0703,1
3586.9236,1
2949.32,1
3644.11,1
3442.1292,1
3386.0435,1
2893.1074,1
3445.52,1
3287.171,1
3232.9265,1
2848.9329,1
3303.5122,1
3173.6484,1
3121.0112,1
2786.9985,1
2814.6875,1
3314.563,1
3003.1257,1
2907.5488,1
10266.574,1
11314.254,1
11531.776,1
6476.665,1
6113.573,1
5923.893,1
3829.115,1
4568.1733,1
4354.743,1
4270.8394,1
2915.058,1
3963.2256,1
3853.096,1
3806.8403,1
2856.041,1
2793.146,1
3718.2302,1
3622.214,1
3576.8743,1
2823.6306,1
3520.055,1
3429.6914,1
3383.8218,1
2797.7441,1
3363.8523,1
3277.164,1
3230.9324,1
2776.7952,1
2789.701,1
3247.2869,1
3163.0032,1
3116.5647,1
2760.1987,1
3164.305,1
3081.6392,1
3035.2046,1
2747.4116,1
3139.1824,1
2920.2898,1
2827.5579,1
10128.039,1
11246.436,1
11469.512,1
6374.428,1
6061.86,1
5874.481,1
3781.4104,1
4485.104,1
4308.963,1
4227.1577,1
2878.4258,1
2794.8582,1
3898.415,1
3814.7424,1
3770.5522,1
2827.9216,1
3668.714,1
3591.1006,1
3547.5552,1
2801.4165,1
3482.9536,1
3404.951,1
3360.5188,1
2780.0552,1
2794.4104,1
3336.558,1
3258.0684,1
3213.0088,1
2763.3398,1
3227.48,1
3148.589,1
3103.1282,1
2749.7432,1
3150.081,1
3070.882,1
3025.178,1
2739.3694,1
2791.0527,1
3122.3923,1
2913.4568,1
2820.3562,1
10117.513,1
11251.383,1
11456.648,1
6359.4956,1
6052.9204,1
5866.9,1
3786.0303,1
4476.224,1
4304.3794,1
4222.8926,1
2874.4226,1
3891.386,1
3810.624,1
3766.6587,1
2824.805,1
2786.185,1
3663.0947,1
3587.4636,1
3544.1072,1
2798.5928,1
3478.9167,1
3402.3647,1
3358.0908,1
2778.2424,1
3333.524,1
3255.9568,1
3210.9578,1
2760.6707,1
2793.5085,1
3225.372,1
3147.0088,1
3101.612,1
2748.7307,1
3148.4744,1
3069.6687,1
3024.0332,1
2738.3635,1
3118.9731,1
2911.1543,1
2818.2852,1
10113.028,1
11237.78,1
11458.558,1
6360.4355,1
6054.765,1
5867.634,1
3784.7024,1
4474.478,1
4303.5474,1
4222.2617,1
2790.9155,1
3748.7278,1
3712.8135,1
3681.081,1
4567.5977,1
3593.6416,1
3522.6157,1
3481.3674,1
3775.3027,1
3426.558,1
3351.1172,1
3308.0598,1
3277.5962,1
2788.6228,1
3293.2004,1
3215.9304,1
3183.7578,1
3231.2737,1
6146.9165,1
3097.3677,1
2930.6135,1
4807.844,1
3067.882,1
3020.335,1
2845.025,1
4565.6343,1
2916.8823,1
2824.0503,1
12486.41,1
11248.138,1
11464.445,1
2789.9395,1
8693.328,1
6057.766,1
5869.823,1
3936.0151,1
6055.5645,1
4305.661,1
4223.414,1
2970.424,1
4951.256,1
3811.0923,1
3766.365,1
2872.9895,1
4346.723,1
3587.6926,1
3543.5505,1
2831.2334,1
2791.9558,1
3903.836,1
3401.9343,1
3357.1677,1
2781.8826,1
3593.0137,1
3256.2383,1
3210.599,1
2772.8237,1
3378.6208,1
3146.7476,1
3101.0903,1
2755.282,1
2797.5127,1
3238.3933,1
3069.4158,1
3023.613,1
2742.182,1
3205.4958,1
2912.422,1
2819.404,1
10292.598,1
11239.445,1
11459.035,1
6549.0474,1
6055.2207,1
5868.958,1
3792.0261,1
4611.3384,1
4304.1655,1
4222.269,1
2881.4172,1
3987.163,1
3810.6472,1
3766.4028,1
2829.2004,1
3727.096,1
3587.1128,1
3543.598,1
2800.908,1
3519.83,1
3401.8816,1
3357.5283,1
2779.6104,1
71386.36,1
3358.8665,1
3255.6436,1
3210.6567,1
2762.6013,1
3240.5632,1
3146.6926,1
3101.2852,1
2748.9343,1
3157.5342,1
3069.4995,1
3023.8535,1
2727.7573,1
3123.212,1
2907.0095,1
2814.8904,1
10134.834,1
11241.739,1
11465.131,1
6382.551,1
6054.436,1
5866.011,1
3823.0657,1
84794.945,1
4489.3325,1
4301.862,1
4221.155,1
2876.577,1
3901.0295,1
3809.5535,1
3765.3071,1
2825.598,1
3669.4568,1
3586.503,1
3542.929,1
2799.0032,1
22199.744,1
3482.7202,1
3401.3772,1
3356.9487,1
2768.204,1
3337.0044,1
3255.8179,1
3210.5996,1
2762.0105,1
3226.7327,1
3146.6191,1
3101.2156,1
2741.2402,1
6518.7793,1
3150.1594,1
3069.7664,1
3023.9172,1
2738.3716,1
3116.3384,1
2907.4937,1
2814.6335,1
10138.055,1
11255.508,1
11465.421,1
6374.1343,1
6064.0684,1
5878.052,1
3781.734,1
4478.0054,1
4304.472,1
4223.261,1
2874.2766,1
3891.964,1
3810.2866,1
3766.4185,1
3472.921,1
2816.2437,1
2165.0918,1
7045.759,1
6309.5396,1
5515.7515,1
8697.449,1
7528.2964,1
7313.4473,1
3.6775684e+07,1
2.009521e+06,1
367373.3,1
233089.88,1
1.9596094e+06,1
163833.83,1
124503.89,1
111338.78,1
646207.0,1
98959.28,1
505151.28,1
87753.37,1
3.8400508e+07,1
2.4089775e+06,1
2914.716,1
590203.9,1
2.7645395e+06,1
362048.22,1
329398.4,1
272817.84,1
244984.19,1
1.2335176e+06,1
206442.98,1
191701.33,1
177448.44,1
951134.9,1
158167.36,1
146853.83,1
760687.56,1
121312.68,1
112265.11,1
572157.5,1
97160.64,1
92646.47,1
479375.78,1
83424.02,1
4.044084e+07,1
1.7391435e+06,1
2814.3364,1
841837.5,1
3.2406488e+06,1
457971.62,1
270158.34,1
242769.38,1
1.2545336e+06,1
210312.64,1
194571.23,1
946983.1,1
169571.5,1
158431.66,1
148479.44,1
138017.56,1
711147.9,1
2793.6484,1
115572.414,1
104974.164,1
534683.06,1
89982.484,1
81909.2,1
74113.74,1
384069.88,1
62882.777,1
57124.324,1
51409.32,1
267564.12,1
43371.168,1
2795.7932,1
39388.78,1
35328.684,1
181144.25,1
29761.523,1
28472.453,1
26471.682,1
137985.8,1
30125.658,1
29501.61,1
114701.84,1
21764.031,1
20245.916,1
79088.14,1
16325.802,1
15139.892,1
58020.15,1
12768.076,1
12593.94,1
11684.933,1
41812.043,1
9851.784,1
2789.472,1
8838.472,1
13042.767,1
11705.911,1
31440.61,1
9084.724,1
7947.543,1
7395.1255,1
20835.459,1
6848.8877,1
9952.538,1
6599.2217,1
6155.4814,1
14738.225,1
6262.374,1
2788.2173,1
5497.9653,1
5197.726,1
10548.017,1
5197.0464,1
567679.4,1
4986.2417,1
4877.514,1
4561.858,1
7795.3906,1
4399.2637,1
5274.8447,1
4176.949,1
3948.6714,1
7105.517,1
11028.377,1
12131.443,1
14768.179,1
7212.348,1
6883.2065,1
8321.938,1
5090.422,1
5193.6494,1
6156.999,1
2792.335,1
4138.7793,1
4846.352,1
4945.391,1
6005.2183,1
4068.4934,1
5497.3555,1
4993.6904,1
5687.2754,1
3971.7986,1
4487.8667,1
4331.0044,1
4892.958,1
3718.4058,1
4141.638,1
4026.5215,1
4417.569,1
2788.3672,1
3539.8564,1
3836.934,1
3797.452,1
4019.8994,1
3367.4216,1
3615.858,1
3579.5159,1
3701.879,1
3212.4958,1
3447.5388,1
3403.4883,1
3459.7312,1
3084.9434,1
2796.5168,1
3374.2773,1
3125.134,1
3212.8735,1
10306.061,1
11408.628,1
11759.865,1
6529.9155,1
6173.1875,1
6083.325,1
3996.336,1
4621.182,1
4422.935,1
4411.762,1
3053.2297,1
4011.6047,1
3922.245,1
3926.316,1
2962.904,1
2789.3203,1
3760.4873,1
3686.6025,1
3674.8037,1
2903.6648,1
3555.729,1
3485.325,1
3461.0193,1
2856.2659,1
3393.2505,1
3322.5913,1
3289.7695,1
2819.5803,1
2791.0703,1
3271.1582,1
3198.738,1
3160.4407,1
2792.0215,1
3183.3665,1
3108.8188,1
3067.1099,1
2769.8535,1
3150.0437,1
2937.2407,1
2862.6943,1
10141.531,1
11262.277,1
11492.636,1
6378.6367,1
6067.107,1
5889.9985,1
3800.2744,1
4492.3477,1
4317.6553,1
4242.474,1
2893.2524,1
2793.02,1
3904.626,1
3823.3848,1
3783.77,1
2838.2522,1
6032.4434,1
3866.3267,1
3718.8416,1
3655.6067,1
3294.6372,1
3554.0308,1
3474.6155,1
3430.592,1
3084.9983,1
2790.0076,1
3390.4304,1
3313.342,1
3268.7068,1
2976.2678,1
3270.8152,1
3192.7917,1
3147.121,1
2895.1516,1
3184.545,1
3105.805,1
3059.6538,1
2836.7832,1
2791.632,1
3141.2893,1
2928.3079,1
2832.892,1
10127.652,1
11255.051,1
11477.185,1
6376.7153,1
6070.609,1
5885.178,1
3860.7156,1
4489.247,1
4318.093,1
4237.594,1
2934.187,1
2954.444,1
7630.145,1
9.85883e+16,1
4147.6846,1
3988.1538,1
3897.9666,1
7648.408,1
4063.0676,1
3967.001,1
3853.002,1
3.864174e+07,1
2.2081145e+06,1
724068.5,1
414484.6,1
2.508086e+06,1
2789.6582,1
232281.3,1
121836.28,1
107112.89,1
747661.3,1
92265.91,1
82004.08,1
74262.09,1
450094.72,1
63771.45,1
57236.65,1
51580.293,1
302556.6,1
2792.952,1
44095.016,1
39515.777,1
35486.477,1
199858.58,1
30341.06,1
28678.783,1
152717.52,1
25075.527,1
30348.254,1
125041.18,1
28452.525,1
21959.39,1
20442.242,1
84244.81,1
16766.607,1
16742.646,1
70253.4,1
15712.632,1
3.2903016e+07,1
1.2849214e+06,1
471880.22,1
313083.72,1
2.160213e+06,1
208777.11,1
2792.788,1
142188.58,1
128095.49,1
752289.75,1
110563.93,1
100224.19,1
91224.086,1
503405.1,1
77968.61,1
70883.914,1
64116.59,1
352306.1,1
54352.1,1
51166.574,1
273902.28,1
44534.58,1
4.415589e+07,1
2790.5818,1
3.2259555e+06,1
1.720935e+06,1
1.1505819e+06,1
4.5435255e+06,1
305967.2,1
256441.11,1
1.4564115e+06,1
213212.88,1
186117.25,1
166738.95,1
867627.9,1
140008.86,1
129973.36,1
120210.164,1
668097.25,1
109124.15,1
101668.37,1
530198.8,1
82614.05,1
394279.2,1
70909.75,1
65795.17,1
2790.7664,1
60868.2,1
293428.66,1
51630.727,1
47865.117,1
44180.84,1
45390.78,1
41302.387,1
208403.88,1
32209.75,1
29299.428,1
145669.9,1
24886.06,1
2791.1367,1
23122.518,1
21002.896,1
99237.93,1
17829.232,1
16674.074,1
15131.994,1
66195.164,1
12932.218,1
12804.115,1
52479.81,1
11443.264,1
4.287337e+07,1
3.0775472e+06,1
1.5521912e+06,1
1.0028172e+06,1
4.1274402e+06,1
561984.56,1
2787.634,1
230976.2,1
192429.33,1
1.2058296e+06,1
159012.27,1
145300.22,1
133756.39,1
767897.94,1
120790.27,1
112539.29,1
609364.5,1
92708.67,1
479931.7,1
82439.414,1
81809.63,1
76867.85,1
395813.5,1
2.6563678e+07,1
2.243226e+06,1
446463.47,1
336828.22,1
2.5725262e+06,1
261649.22,1
2794.0767,1
215539.6,1
196654.83,1
1.0079663e+06,1
169816.89,1
154468.28,1
140511.33,1
724523.75,1
119804.33,1
108602.32,1
98081.15,1
518329.0,1
82791.26,1
79534.695,1
417424.75,1
70299.6,1
3.616627e+07,1
826365.06,1
533128.9,1
2.9425412e+06,1
2788.6458,1
367066.2,1
275063.34,1
245988.72,1
1.2494202e+06,1
207700.94,1
9.858846e+16,1
9.858846e+16,1
9.858846e+16,1
9.858846e+16,1
3.6081567e+33,1
3.6081567e+33,1
3.6081567e+33,1
2.2627913e+33,1
2.2627913e+33,1
2.2627913e+33,1
1.4473913e+33,1
1.4473913e+33,1
1.4473913e+33,1
3.5973043e+33,1
9.858846e+16,1
8.399763e+32,1
8.399763e+32,1
8.399763e+32,1
1.7274348e+33,1
5.1772498e+32,1
5.1772498e+32,1
5.1772498e+32,1
9.128554e+32,1
3.1061747e+32,1
3.1061747e+32,1
3.1061747e+32,1
4.8021744e+32,1
1.9372536e+33,1
1.9046959e+32,1
1.9046959e+32,1
1.9046959e+32,1
1.2731305e+32,1
2.6630437e+32,1
1.252174e+32,1
9.046958e+31,1
1.252174e+32,1
1.632087e+32,1
7.980557e+31,1
7.980557e+31,1
6.1210526e+31,1
9.770434e+31,1
4.983035e+31,1
4.983035e+31,1
4.0208696e+31,1
5.8612263e+31,1
4.3242607e+32,1
3.047513e+31,1
3.047513e+31,1
2.5733565e+31,1
3.4622697e+31,1
1.9290521e+31,1
1.9290521e+31,1
1.6834782e+31,1
1.3294e+31,1
1.3294e+31,1
1.1904349e+31,1
9.700522e+30,1
9.700522e+30,1
8.7933915e+30,1
2.1306522e+31,1
6.817391e+30,1
6.817391e+30,1
6.292261e+30,1
1.2956174e+31,1
4.6400873e+30,1
4.6400873e+30,1
4.3242612e+30,1
7.722086e+30,1
8.080835e+31,1
3.073391e+30,1
2.8803474e+30,1
3.073391e+30,1
4.6000005e+30,1
1.9565219e+30,1
1.9565219e+30,1
1.8790435e+30,1
2.693565e+30,1
1.23139144e+30,1
1.23139144e+30,1
1.1903478e+30,1
1.5613912e+30,1
1.4546174e+31,1
7.5333925e+29,1
7.5333616e+29,1
7.329711e+29,1
9.0469556e+29,1
4.5524882e+29,1
4.5524637e+29,1
4.4563594e+29,1
5.273126e+29,1
2.8593617e+29,1
2.8593513e+29,1
2.8113559e+29,1
1.961147e+29,1
1.9611385e+29,1
1.9338144e+29,1
1.4193189e+29,1
1.4193189e+29,1
1.402471e+29,1
3.2083395e+29,1
2.5725216e+30,1
9.965088e+28,1
9.965146e+28,1
9.865838e+28,1
1.9254335e+29,1
7.167364e+28,1
7.106679e+28,1
7.167264e+28,1
5.3567173e+28,1
1.2327396e+29,1
5.1311043e+28,1
5.1310623e+28,1
3.9999214e+28,1
8.03628e+28,1
3.541748e+28,1
3.541713e+28,1
2.8736415e+28,1
5.101701e+28,1
4.5863514e+29,1
2.3645798e+28,1
2.3645224e+28,1
1.990108e+28,1
3.1696703e+28,1
1.5328124e+28,1
1.5327891e+28,1
1.3326048e+28,1
1.9339439e+28,1
9.687655e+27,1
9.6874715e+27,1
8.660696e+27,1
1.1622524e+28,1
5.9944055e+27,1
5.994261e+27,1
5.485698e+27,1
8.136835e+28,1
6.9079e+27,1
3.8308767e+27,1
3.5675737e+27,1
3.830807e+27,1
2.657776e+27,1
2.657728e+27,1
2.5042795e+27,1
1.9394938e+27,1
1.9394691e+27,1
1.8431934e+27,1
4.2826035e+27,1
1.3722258e+27,1
1.3722052e+27,1
1.3145634e+27,1
2.611244e+27,1
9.369226e+26,1
9.369111e+26,1
9.042116e+26,1
1.568635e+27,1
1.4372783e+28,1
6.1944934e+26,1
6.194447e+26,1
6.0177603e+26,1
9.3191136e+26,1
3.9817028e+26,1
3.9816655e+26,1
3.890239e+26,1
5.4835437e+26,1
2.4986954e+26,1
2.4986657e+26,1
2.4530633e+26,1
3.2055317e+26,1
2.5454e+27,1
1.5726441e+26,1
1.549784e+26,1
1.5726207e+26,1
1.0657618e+26,1
1.9102852e+26,1
1.0597441e+26,1
1.0597247e+26,1
7.659156e+25,1
6.9254745e+25,1
6.9254275e+25,1
5.3056115e+25,1
1.0993113e+26,1
4.6566666e+25,1
3.7332154e+25,1
4.6566025e+25,1
2.7660913e+25,1
3.317769e+25,1
3.3177364e+25,1
2.119613e+25,1
2.4831015e+25,1
2.483073e+25,1
1.6758654e+25,1
6.736791e+25,1
1.9182301e+25,1
1.9182141e+25,1
1.3524492e+25,1
1.4332436e+25,1
1.4332294e+25,1
1.0559247e+25,1
4.023247e+25,1
4.4882076e+26,1
1.0302953e+25,1
1.0302834e+25,1
7.9286297e+24,1
2.3767945e+25,1
7.138982e+24,1
7.1388825e+24,1
5.727045e+24,1
1.3933364e+25,1
9.858882e+16,1
9.858882e+16,1
9.858882e+16,1
9.858882e+16,1
9.8588835e+16,1
2.8175655e+33,1
2.8175655e+33,1
2.8175655e+33,1
2.8218438e+33,1
1.534447e+33,1
1.534447e+33,1
1.534447e+33,1
9.859171e+16,1
9.859174e+16,1
9.859174e+16,1
9.859174e+16,1
9.859174e+16,1
2.8175655e+33,1
2.8175655e+33,1
2.8175655e+33,1
2.8175655e+33,1
1.6422024e+33,1
1.6422024e+33,1
1.6422024e+33,1
1.0065328e+33,1
1.0065328e+33,1
1.0065328e+33,1
6.677487e+32,1
6.6774865e+32,1
6.6774865e+32,1
1.6421251e+33,1
1.9372535e+33,1
4.285728e+32,1
4.285728e+32,1
4.285728e+32,1
8.738379e+32,1
2.6935658e+32,1
2.6935658e+32,1
2.6935658e+32,1
4.6400882e+32,1
1.656e+32,1
1.656e+32,1
1.656e+32,1
2.5130432e+32,1
4.3242607e+32,1
9.955651e+31,1
9.955651e+31,1
9.955651e+31,1
1.3586956e+32,1
5.8898174e+31,1
5.8898174e+31,1
5.8898174e+31,1
7.5047035e+31,1
3.4732523e+31,1
3.4732523e+31,1
3.4732523e+31,1
4.1640347e+31,1
2.0286e+31,1
2.0286e+31,1
2.0286e+31,1
8.0306167e+31,1
2.3332522e+31,1
1.2424694e+31,1
1.2424694e+31,1
1.2424694e+31,1
8.410522e+30,1
8.410522e+30,1
8.410522e+30,1
6.014696e+30,1
6.014696e+30,1
6.014696e+30,1
1.3843566e+31,1
4.1705215e+30,1
4.1705215e+30,1
4.1705215e+30,1
8.1422605e+30,1
2.8173913e+30,1
2.8173913e+30,1
2.8173913e+30,1
4.7613912e+30,1
1.4475129e+31,1
1.8282608e+30,1
1.8282608e+30,1
1.8282608e+30,1
2.786174e+30,1
1.17008696e+30,1
1.17008696e+30,1
1.17008696e+30,1
1.6083478e+30,1
7.220078e+29,1
7.2200314e+29,1
7.2200314e+29,1
9.2252185e+29,1
2.5725216e+30,1
4.4039256e+29,1
4.4039003e+29,1
4.4039003e+29,1
5.344917e+29,1
2.6470755e+29,1
2.6470662e+29,1
2.6470662e+29,1
3.0693998e+29,1
1.6562482e+29,1
1.6562403e+29,1
1.6562403e+29,1
1.133113e+29,1
1.133113e+29,1
1.133113e+29,1
8.185797e+28,1
8.185797e+28,1
8.185797e+28,1
1.8602796e+29,1
5.7378505e+28,1
5.7377608e+28,1
5.7377608e+28,1
1.111993e+29,1
4.553911e+29,1
3.8843925e+28,1
3.8843559e+28,1
3.8843559e+28,1
6.581445e+28,1
2.5488555e+28,1
2.5488255e+28,1
2.5488255e+28,1
3.8616732e+28,1
2.2890515e+28,1
1.6276582e+28,1
1.6276346e+28,1
1.6276346e+28,1
1.4924203e+28,1
8.068986e+28,1
1.0159143e+28,1
1.0158955e+28,1
1.0158955e+28,1
9.475888e+27,1
6.221587e+27,1
6.221557e+27,1
6.221557e+27,1
5.890533e+27,1
3.751904e+27,1
3.7518588e+27,1
3.751836e+27,1
3.5954995e+27,1
1.4286162e+28,1
2.3531043e+27,1
2.3530864e+27,1
2.3530772e+27,1
1.6123759e+27,1
1.6123611e+27,1
1.6123611e+27,1
1.1661145e+27,1
1.1660954e+27,1
1.166089e+27,1
2.2704309e+27,1
8.1822216e+26,1
8.18217e+26,1
8.182062e+26,1
1.4067136e+27,1
5.5442848e+26,1
5.5442412e+26,1
5.544197e+26,1
8.563466e+26,1
2.5308086e+27,1
3.6410257e+26,1
3.6409903e+26,1
3.640955e+26,1
5.139557e+26,1
3.153587e+26,1
2.1038473e+26,1
2.3268472e+26,1
2.326819e+26,1
2.326819e+26,1
9.8591885e+16,1
1.4833435e+26,1
1.4530397e+26,1
1.4530397e+26,1
1.4530397e+26,1
1.00990805e+26,1
4.460238e+26,1
8.902432e+25,1
8.902257e+25,1
8.902257e+25,1
6.6600586e+25,1
5.370349e+25,1
5.3702254e+25,1
5.3702254e+25,1
4.271382e+25,1
3.369089e+25,1
3.3690352e+25,1
3.369024e+25,1
2.3089651e+25,1
2.3089381e+25,1
2.3089291e+25,1
1.6701288e+25,1
1.6701136e+25,1
1.6701058e+25,1
2.8044184e+25,1
1.1720259e+25,1
1.1720131e+25,1
1.1720131e+25,1
1.7918394e+25,1
7.856916e+25,1
7.942709e+24,1
7.942657e+24,1
7.942657e+24,1
1.1188197e+25,1
5.216753e+24,1
5.2167116e+24,1
5.2167116e+24,1
6.8542065e+24,1
3.3342187e+24,1
3.3342187e+24,1
3.3341844e+24,1
4.1347212e+24,1
1.3879185e+25,1
2.0824506e+24,1
2.0824235e+24,1
2.0824235e+24,1
2.4636192e+24,1
1.275973e+24,1
1.275973e+24,1
1.275973e+24,1
1.4536243e+24,1
9.8591945e+16,1
8.878165e+23,1
7.697921e+23,1
7.697904e+23,1
7.6978544e+23,1
5.773347e+23,1
4.8292974e+23,1
4.8292845e+23,1
4.829272e+23,1
3.3096957e+23,1
3.3096957e+23,1
3.309685e+23,1
2.3939734e+23,1
2.3939642e+23,1
2.3939552e+23,1
2.4577975e+24,1
3.832504e+23,1
1.6799372e+23,1
1.6799372e+23,1
1.6799372e+23,1
2.4719893e+23,1
1.1384494e+23,1
1.1384494e+23,1
1.138443e+23,1
1.5558013e+23,1
7.95796e+22,1
7.957907e+22,1
7.957907e+22,1
1.0293976e+23,1
5.5671004e+22,1
5.567144e+22,1
5.5671004e+22,1
6.888281e+22,1
4.341277e+23,1
3.761942e+22,1
3.761942e+22,1
3.761942e+22,1
4.474035e+22,1
2.464556e+22,1
2.464556e+22,1
2.464556e+22,1
2.8324374e+22,1
1.5718024e+22,1
1.5717788e+22,1
1.5717788e+22,1
1.7551204e+22,1
7.673602e+22,1
9.798845e+21,1
9.798845e+21,1
9.798845e+21,1
1.0685168e+22,1
6.2969707e+21,1
6.2969566e+21,1
6.2969566e+21,1
4.3848732e+21,1
4.3848614e+21,1
4.384849e+21,1
3.2084556e+21,1
3.2084556e+21,1
3.2084452e+21,1
6.7474337e+21,1
2.2757393e+21,1
2.2757393e+21,1
2.2757393e+21,1
4.1718853e+21,1
1.3603048e+22,1
1.5573759e+21,1
1.5573687e+21,1
1.5573687e+21,1
2.5354174e+21,1
1.03175054e+21,1
1.0317445e+21,1
1.0317445e+21,1
1.5196444e+21,1
6.6433105e+20,1
6.6433105e+20,1
6.643262e+20,1
9.008386e+20,1
5.938009e+20,1
2.4055215e+21,1
4.1748647e+20,1
4.1748647e+20,1
4.1748647e+20,1
3.8175272e+20,1
2.571116e+20,1
2.571086e+20,1
2.571086e+20,1
2.3959431e+20,1
1.5575485e+20,1
1.5575252e+20,1
1.5575252e+20,1
1.47399975e+20,1
9.802168e+19,1
9.801983e+19,1
9.801983e+19,1
6.731655e+19,1
6.731622e+19,1
6.731617e+19,1
4.8763838e+19,1
4.87636e+19,1
4.8763635e+19,1
9.378287e+19,1
4.2500804e+20,1
3.426717e+19,1
3.4266986e+19,1
3.4266885e+19,1
5.837197e+19,1
2.3250543e+19,1
2.3250442e+19,1
2.3250383e+19,1
3.5665595e+19,1
1.5286932e+19,1
1.528688e+19,1
1.5286848e+19,1
2.1468739e+19,1
7.48929e+19,1
9.778828e+18,1
9.778791e+18,1
9.778754e+18,1
1.2769496e+19,1
6.111851e+18,1
6.1118333e+18,1
6.111814e+18,1
7.5244006e+18,1
3.7470878e+18,1
3.747079e+18,1
3.7470702e+18,1
4.4013412e+18,1
1.3265481e+19,1
2.2617096e+18,1
2.2616978e+18,1
2.2616935e+18,1
2.5600633e+18,1
1.4193299e+18,1
1.4193241e+18,1
1.4193121e+18,1
9.729167e+17,1
9.729117e+17,1
9.729049e+17,1
7.0383354e+17,1
7.0383045e+17,1
7.0382626e+17,1
1.5630847e+18,1
4.939727e+17,1
4.9396683e+17,1
4.9396433e+17,1
9.4132145e+17,1
3.3478157e+17,1
3.3477824e+17,1
3.3477693e+17,1
5.6010655e+17,1
2.348989e+18,1
2.1989748e+17,1
2.1989549e+17,1
2.1989427e+17,1
3.3014843e+17,1
1.4055334e+17,1
1.405523e+17,1
1.4055167e+17,1
1.9317471e+17,1
8.778654e+16,1
8.778602e+16,1
8.778571e+16,1
1.1238367e+17,1
4.1461065e+17,1
5.379323e+16,1
5.3792984e+16,1
5.379284e+16,1
6.5052563e+16,1
3.2456245e+16,1
3.245613e+16,1
3.245606e+16,1
3.755928e+16,1
2.0362292e+16,1
2.0362234e+16,1
2.03622e+16,1
1.3955453e+16,1
1.3955421e+16,1
1.3955384e+16,1
1.0094465e+16,1
1.0094405e+16,1
1.0094426e+16,1
2.2827725e+16,1
7.355726e+16,1
7.083895e+15,1
7.0838737e+15,1
7.0838614e+15,1
1.3689544e+16,1
4.80073e+15,1
4.80071e+15,1
4.8007174e+15,1
8.112939e+15,1
3.1530842e+15,1
3.1530775e+15,1
3.1530743e+15,1
4.770488e+15,1
1.3004306e+16,1
2.0151485e+15,1
2.015141e+15,1
2.0151314e+15,1
2.7843728e+15,1
1.2585191e+15,1
1.2585155e+15,1
1.2585064e+15,1
1.6176566e+15,1
7.7112286e+14,1
7.71121e+14,1
7.711166e+14,1
9.3553494e+14,1
2.2868306e+15,1
4.6523257e+14,1
4.6523176e+14,1
4.652298e+14,1
5.39698e+14,1
2.918739e+14,1
2.9187172e+14,1
2.918707e+14,1
2.000364e+14,1
2.0003513e+14,1
2.000346e+14,1
1.4469216e+14,1
1.446914e+14,1
1.4469104e+14,1
3.2777113e+14,1
1.015394e+14,1
1.0153895e+14,1
1.0153778e+14,1
1.9648457e+14,1
6.8811877e+13,1
6.881163e+13,1
6.881083e+13,1
1.1649193e+14,1
4.046413e+14,1
4.519186e+13,1
4.519172e+13,1
4.5191298e+13,1
6.8464614e+13,1
2.8882204e+13,1
2.8882135e+13,1
2.8881919e+13,1
3.9969104e+13,1
1.8037787e+13,1
1.8037753e+13,1
1.8037646e+13,1
2.3212746e+13,1
7.1546505e+13,1
1.1052308e+13,1
1.1052291e+13,1
1.105224e+13,1
1.3427565e+13,1
6.667773e+12,1
6.667766e+12,1
6.667741e+12,1
7.7432257e+12,1
4.183094e+12,1
4.18309e+12,1
4.183078e+12,1
2.866912e+12,1
2.8669027e+12,1
2.8668957e+12,1
2.0737229e+12,1
2.0737171e+12,1
2.0737129e+12,1
4.704638e+12,1
1.4552429e+12,1
1.4552395e+12,1
1.4552371e+12,1
1.2673118e+13,1
2.8191978e+12,1
9.861976e+11,1
9.8619576e+11,1
9.8619425e+11,1
1.6709735e+12,1
6.477186e+11,1
6.477177e+11,1
6.477169e+11,1
9.8191947e+11,1
4.1395067e+11,1
4.1395018e+11,1
4.139498e+11,1
5.7312825e+11,1
2.239288e+12,1
2.585227e+11,1
2.5852114e+11,1
2.5852094e+11,1
3.328029e+11,1
1.5839923e+11,1
1.5839851e+11,1
1.583984e+11,1
1.9248633e+11,1
9.55568e+10,1
9.5556444e+10,1
9.55564e+10,1
1.1098612e+11,1
3.965627e+11,1
5.9950834e+10,1
5.995066e+10,1
5.9950637e+10,1
4.109372e+10,1
4.1093628e+10,1
4.109361e+10,1
2.9727013e+10,1
2.9726925e+10,1
2.972687e+10,1
6.7393114e+10,1
2.0861534e+10,1
2.0861446e+10,1
2.0861377e+10,1
4.0388764e+10,1
1.4138075e+10,1
1.4138025e+10,1
1.4137968e+10,1
2.3940792e+10,1
7.025417e+10,1
9.285854e+09,1
9.285829e+09,1
9.285797e+09,1
1.4069094e+10,1
5.9347635e+09,1
5.9347497e+09,1
5.934734e+09,1
8.212424e+09,1
3.7065009e+09,1
3.7064522e+09,1
3.7064445e+09,1
4.7690107e+09,1
1.2407718e+10,1
2.2711252e+09,1
2.2711017e+09,1
2.2710979e+09,1
2.7584397e+09,1
1.3702131e+09,1
1.3702022e+09,1
1.3702002e+09,1
1.5906693e+09,1
8.598241e+08,1
8.5981523e+08,1
8.598143e+08,1
5.900491e+08,1
5.900425e+08,1
5.9004224e+08,1
4.271116e+08,1
4.271039e+08,1
4.2710346e+08,1
9.66694e+08,1
2.9980733e+08,1
2.998028e+08,1
2.9980256e+08,1
5.793158e+08,1
2.1813722e+09,1
2.0325253e+08,1
2.0324966e+08,1
2.032495e+08,1
3.4337978e+08,1
1.33539256e+08,1
1.3353766e+08,1
1.3353756e+08,1
2.0179082e+08,1
8.537486e+07,1
8.5374e+07,1
8.537393e+07,1
1.1779455e+08,1
3.8532016e+08,1
5.333531e+07,1
5.333485e+07,1
5.3334536e+07,1
6.840766e+07,1
3.2688798e+07,1
3.268833e+07,1
3.268815e+07,1
3.9569924e+07,1
1.9725956e+07,1
1.9725692e+07,1
1.972554e+07,1
2.2819046e+07,1
6.818003e+07,1
1.2395987e+07,1
1.2395685e+07,1
1.2395542e+07,1
8.593022e+06,1
8.594093e+06,1
8.594273e+06,1
6.2516655e+06,1
6.251156e+06,1
6.251107e+06,1
1.3897918e+07,1
4.395987e+06,1
4.395635e+06,1
4.3956965e+06,1
8.3302605e+06,1
2.9888655e+06,1
2.9886168e+06,1
2.988714e+06,1
4.9391955e+06,1
1.969294e+06,1
1.9690551e+06,1
1.9691598e+06,1
1.2088081e+07,1
2.8994372e+06,1
1.2625994e+06,1
1.2623291e+06,1
1.2624679e+06,1
1.6942961e+06,1
791170.0,1
790902.7,1
791043.3,1
985351.4,1
486688.3,1
486420.3,1
486561.78,1
570522.5,1
2.137663e+06,1
295188.4,1
294919.28,1
295059.97,1
330301.84,1
188677.95,1
188407.22,1
188376.8,1
147999.23,1
149063.03,1
149349.36,1
110539.78,1
110002.74,1
110045.78,1
206125.36,1
78639.695,1
78244.7,1
78384.44,1
124393.875,1
380326.1,1
55214.688,1
55133.77,1
54869.887,1
74913.16,1
37989.875,1
37693.566,1
37869.273,1
45225.58,1
25755.521,1
25459.584,1
25634.584,1
27542.531,1
69641.13,1
17424.982,1
17127.057,1
17301.023,1
17164.963,1
11947.404,1
11649.869,1
11823.501,1
11064.998,1
8455.95,1
8156.7974,1
8329.831,1
7546.5947,1
6725.9614,1
6455.522,1
6425.342,1
13868.302,1
14932.118,1
15217.114,1
9608.871,1
9072.898,1
9116.39,1
7195.127,1
14572.242,1
6879.4854,1
6486.3306,1
6626.8193,1
4924.133,1
5648.0996,1
5347.803,1
5523.5767,1
4051.24,1
4891.0776,1
4596.2974,1
4772.333,1
3524.8486,1
4871.417,1
4304.082,1
4008.4045,1
4183.423,1
3204.0872,1
9.476685e+12,1
2655.1638,1
4586.2627,1
4084.2842,1
4134.402,1
3646.6306,1
3658.748,1
3330.5986,1
3496.7278,1
3281.616,1
3158.0676,1
3391.2715,1
3095.4983,1
3271.1294,1
3063.4346,1
3287.775,1
3007.5803,1
2969.8994,1
10362.298,1
11431.629,1
11722.346,1
6622.8374,1
6089.7305,1
6136.1875,1
4077.3289,1
4242.657,1
4039.3103,1
3980.459,1
2738.766,1
5341.4844,1
5088.357,1
5182.2344,1
2855.8372,1
4202.8853,1
3904.8274,1
4085.307,1
3412.886,1
3965.6777,1
3644.0024,1
3854.4316,1
3137.3845,1
3765.531,1
3438.8066,1
3645.764,1
3022.2153,1
3574.3286,1
3247.3733,1
3452.957,1
2802.895,1
2910.2542,1
3418.6638,1
3088.6604,1
3292.671,1
2864.3523,1
3292.5093,1
2963.0352,1
3166.8289,1
2797.9617,1
3215.8074,1
2904.481,1
2897.3174,1
10164.266,1
11200.642,1
11521.49,1
6394.2305,1
5827.625,1
5903.3315,1
3897.2715,1
2793.635,1
4515.5156,1
4091.4453,1
4263.6304,1
2909.2314,1
3938.0293,1
3605.1533,1
3811.975,1
2863.6013,1
3705.6318,1
3379.592,1
3586.8865,1
2802.6614,1
2791.5059,1
3519.652,1
3190.3237,1
3395.8413,1
2798.2107,1
3363.824,1
3035.6943,1
3241.002,1
2758.0789,1
3250.8684,1
2920.6047,1
3125.0334,1
2759.8223,1
2789.6658,1
3165.6987,1
2836.4343,1
3040.9102,1
2746.5862,1
3131.7703,1
2828.7822,1
2828.5151,1
10023.263,1
11243.093,1
11465.773,1
6364.4478,1
5797.2754,1
5872.145,1
3826.171,1
4479.126,1
4054.7415,1
4226.507,1
2881.0024,1
3895.9888,1
3564.5688,1
3771.689,1
2828.1619,1
2796.616,1
3667.799,1
3341.65,1
3548.9463,1
2801.748,1
3232.2227,1
3406.3716,1
3362.0366,1
2780.3523,1
3336.6685,1
3008.6895,1
3214.1697,1
2762.445,1
2787.025,1
3227.7808,1
2899.1016,1
3104.0808,1
2749.8223,1
3150.2803,1
3071.3115,1
3025.8591,1
2739.2715,1
3118.7424,1
2910.8953,1
2818.0176,1
10111.059,1
11237.951,1
11461.556,1
6360.6157,1
6054.765,1
5867.547,1
3786.046,1
2794.5112,1
4475.0957,1
4303.65,1
4222.126,1
2874.8315,1
3890.825,1
3810.6702,1
3766.6255,1
2826.3386,1
3662.4214,1
3587.022,1
3543.5537,1
2798.563,1
2790.19,1
3478.3892,1
3401.9546,1
3357.6016,1
2778.1274,1
3333.419,1
3256.1113,1
3211.2222,1
2765.7292,1
3224.8267,1
3146.6414,1
3101.2695,1
2748.4473,1
3148.3567,1
3069.5898,1
3023.9624,1
2787.7754,1
2738.379,1
3118.8672,1
2911.2449,1
2818.3623,1
10112.422,1
11236.922,1
11457.023,1
6356.455,1
6050.8604,1
5864.0244,1
3731.5615,1
4475.029,1
4302.79,1
4221.0723,1
2872.853,1
3889.7908,1
3809.4407,1
3765.329,1
2823.828,1
2791.7244,1
2507.4944,1
5691.6846,1
4500.6963,1
4216.4224,1
4032.8542,1
9.85926e+16,1
6501.883,1
3554.9824,1
3450.9717,1
3400.399,1
5994.293,1
3352.731,1
3279.1804,1
3238.2068,1
3870.359,1
2790.7888,1
3240.6765,1
3167.0247,1
3125.0625,1
3516.5793,1
3162.2275,1
3087.031,1
3043.9426,1
3265.1782,1
3114.611,1
2898.5664,1
2800.9229,1
10115.055,1
11242.338,1
11458.031,1
6358.736,1
6059.424,1
5874.191,1
4028.5625,1
4475.6616,1
4306.335,1
4226.5083,1
3119.2598,1
2790.319,1
3891.6582,1
3813.3586,1
3770.7017,1
2991.1096,1
3664.3079,1
3590.516,1
3548.1414,1
2907.7615,1
3480.4766,1
3405.2026,1
3361.6726,1
2848.0967,1
2794.0693,1
3335.304,1
3258.7117,1
3214.3237,1
2805.6318,1
3227.0464,1
3149.4924,1
3104.5479,1
2775.872,1
3150.0938,1
3071.8386,1
3026.515,1
2755.0483,1
2789.3076,1
3117.0745,1
2908.4023,1
2814.9492,1
10121.44,1
11245.675,1
11460.972,1
6356.297,1
6052.022,1
5865.0557,1
3800.2793,1
4474.0845,1
4302.832,1
4221.7935,1
2885.8953,1
3889.9546,1
3809.8782,1
3766.1072,1
2832.0684,1
2792.6553,1
3662.1162,1
3586.9592,1
3543.723,1
2803.407,1
3478.1655,1
3401.8547,1
3357.6821,1
2781.1558,1
3333.0627,1
3255.6638,1
3210.794,1
2763.541,1
3225.0486,1
3146.937,1
3101.6453,1
2792.753,1
2750.4053,1
3148.339,1
3069.6404,1
3024.063,1
2739.0786,1
3116.271,1
2908.4287,1
2815.7415,1
10113.969,1
11239.83,1
11461.935,1
6353.301,1
6048.3433,1
5862.566,1
3823.02,1
4472.1646,1
4301.1255,1
4220.1987,1
2875.8428,1
2786.3672,1
3889.2173,1
3808.962,1
3765.0112,1
2825.281,1
3661.453,1
3586.112,1
3542.7346,1
2798.8542,1
3477.65,1
3401.265,1
3356.9973,1
2778.2136,1
2793.1326,1
3332.7207,1
3255.322,1
3210.4023,1
2761.9932,1
3224.695,1
3146.46,1
3101.096,1
2748.6274,1
3148.0745,1
3069.3616,1
3023.7573,1
2738.4043,1
3118.7913,1
2911.18,1
2818.3435,1
10109.599,1
11236.316,1
11457.919,1
6360.2915,1
6054.2114,1
5867.356,1
2791.5215,1
3775.9392,1
4475.1333,1
4303.451,1
4222.0757,1
2874.1018,1
3890.3103,1
3810.001,1
3765.9973,1
2824.3843,1
3662.2192,1
3586.854,1
3543.4443,1
2798.312,1
2793.7563,1
3478.1577,1
3401.7427,1
3357.4492,1
2777.9294,1
3332.993,1
3255.5208,1
3210.5603,1
2752.7239,1
3225.9229,1
3147.0928,1
3101.557,1
2748.5015,1
2788.9097,1
3148.3438,1
3069.591,1
3023.9673,1
2718.135,1
10351.357,1
3066.611,1
2897.1396,1
2817.5605,1
10108.363,1
11262.965,1
11514.194,1
6441.3174,1
6151.5513,1
5973.0576,1
4483.1084,1
4549.764,1
4368.149,1
4282.085,1
3262.9438,1
2794.4006,1
3936.4841,1
3855.3564,1
3811.0664,1
3103.7341,1
3699.9612,1
3624.7961,1
3581.162,1
2987.0754,1
3510.3684,1
3433.2578,1
3388.4058,1
2911.7932,1
2790.0417,1
3358.6172,1
3280.8875,1
3235.4006,1
2843.152,1
3246.3347,1
3167.2307,1
3121.19,1
2807.5657,1
3164.5278,1
3085.4922,1
3039.4004,1
2766.7205,1
3125.374,1
2915.7493,1
2821.315,1
10122.652,1
11248.257,1
11469.513,1
6367.0103,1
6061.2363,1
5874.7905,1
3862.818,1
2790.6875,1
4480.2544,1
4309.22,1
4228.1494,1
2895.969,1
3896.555,1
3815.706,1
3771.527,1
2845.2427,1
3666.7856,1
3591.4253,1
3547.9792,1
2801.514,1
2787.6987,1
3483.1748,1
3405.9373,1
3361.3582,1
2787.3982,1
3336.1418,1
3258.5833,1
3213.5457,1
2759.8293,1
3228.3198,1
3149.4692,1
3103.8728,1
2752.8264,1
2792.4722,1
3150.2893,1
3071.5413,1
3025.8582,1
2731.3586,1
3118.668,1
2910.9526,1
2818.1482,1
10116.126,1
11241.208,1
11460.702,1
6362.62,1
6058.0396,1
5871.21,1
3825.186,1
4475.1616,1
4304.114,1
4222.417,1
2865.89,1
3892.52,1
3811.5474,1
3767.0676,1
2827.5486,1
2790.8752,1
565888.9,1
3561.2063,1
3524.684,1
3492.8423,1
2731.6858,1
3421.6196,1
3357.9065,1
3320.0154,1
2723.36,1
3295.8308,1
3223.6929,1
3182.9504,1
2717.4592,1
2793.241,1
3198.1309,1
3123.033,1
3080.731,1
2723.7917,1
3390.8145,1
3207.99,1
3094.3108,1
2491.1,1
4513.524,1
4311.94,1
4104.3457,1
3173.8748,1
3307.7651,1
3078.5322,1
2959.6274,1
9908.067,1
11068.218,1
11323.048,1
6218.029,1
5929.6895,1
5754.027,1
3931.6157,1
2791.8154,1
4523.2773,1
4352.7603,1
4273.0825,1
3031.7312,1
3983.445,1
3907.7625,1
3866.6035,1
2960.7727,1
3787.055,1
3714.7036,1
3672.678,1
2914.5178,1
2789.8308,1
3608.5881,1
3533.7153,1
3489.6604,1
2872.1555,1
3451.7788,1
3374.9236,1
3329.522,1
2835.9187,1
3323.808,1
3245.486,1
3199.277,1
2806.1284,1
2791.2522,1
3225.8752,1
3146.7354,1
3100.1548,1
2782.4705,1
3171.146,1
2954.9375,1
2855.1992,1
10119.7295,1
11248.381,1
11473.664,1
6356.799,1
6051.587,1
5865.3057,1
3810.0654,1
4482.634,1
4311.6167,1
4230.633,1
2896.4312,1
3905.0203,1
3825.0583,1
3781.1355,1
2842.3892,1
2791.7034,1
3680.0127,1
3604.837,1
3561.3872,1
2812.9163,1
3495.4841,1
3419.063,1
3374.6304,1
2789.2515,1
3348.108,1
3270.585,1
3225.4678,1
2770.374,1
2790.1216,1
3237.141,1
3158.8613,1
3113.3335,1
2755.1748,1
3157.669,1
3078.8132,1
3033.0288,1
2743.4111,1
3124.5698,1
2915.8748,1
2822.2803,1
10112.152,1
11239.895,1
11461.611,1
6360.3423,1
6054.0845,1
5867.2197,1
3789.9126,1
4475.785,1
4304.2373,1
4222.934,1
2792.0928,1
2877.0076,1
3892.0574,1
3811.7703,1
3767.7708,1
2826.4712,1
3664.3562,1
3588.9885,1
3545.5647,1
2799.9429,1
3480.1687,1
3403.6953,1
3359.368,1
2779.2659,1
2787.404,1
3334.7239,1
3257.2092,1
3212.228,1
2748.4011,1
3228.1082,1
3148.8196,1
3103.1394,1
2749.1067,1
3149.576,1
3070.7205,1
3025.0566,1
2738.8706,1
2798.6377,1
3117.014,1
2909.1758,1
2816.556,1
10115.212,1
11240.897,1
11462.559,1
6360.2495,1
6053.8022,1
5866.2246,1
3773.0454,1
4474.8525,1
4303.0933,1
4221.564,1
2864.6038,1
3891.2366,1
3810.229,1
3765.9255,1
2824.1594,1
2790.4746,1
3662.279,1
3586.8254,1
3543.3188,1
2798.3745,1
3478.176,1
3401.7073,1
3357.3496,1
2778.02,1
3333.0425,1
3255.5347,1
3210.541,1
2749.6082,1
2791.001,1
3226.4438,1
3147.3489,1
3101.7412,1
2748.644,1
3148.499,1
3069.693,1
3024.0242,1
2727.4443,1
3115.5989,1
2908.1042,1
2815.7515,1
10119.361,1
11244.43,1
11462.69,1
6364.7153,1
6059.797,1
5872.4414,1
3820.1658,1
4474.415,1
4303.2974,1
4221.4644,1
2867.5442,1
2786.959,1
3891.0088,1
3810.2769,1
3765.87,1
2825.0195,1
3662.2976,1
3587.0552,1
3543.5574,1
2790.3132,1
3479.1355,1
3402.154,1
3357.6533,1
2778.1902,1
2793.99,1
3333.1072,1
3255.6204,1
3210.6355,1
2753.4524,1
2128.58,1
6628.9517,1
5892.1196,1
5094.5957,1
3703.1716,1
3315.9233,1
3187.8943,1
3126.0266,1
3068.2449,1
2788.7893,1
3165.2634,1
2945.1265,1
2841.4402,1
10140.962,1
11273.083,1
11499.547,1
6401.1445,1
6097.258,1
5911.7275,1
4013.929,1
4510.7373,1
4339.485,1
4259.145,1
3023.0752,1
3922.5837,1
3842.2122,1
3797.9048,1
2941.86,1
3689.0938,1
3613.7444,1
3570.216,1
2789.8928,1
2875.865,1
3501.3235,1
3424.259,1
3379.5085,1
2837.3318,1
3351.2598,1
3273.538,1
3228.1929,1
2802.5002,1
3239.5464,1
3161.104,1
3115.3694,1
2776.4016,1
2795.95,1
3159.8228,1
3080.808,1
3034.8357,1
2757.2217,1
3124.36,1
2914.7788,1
2820.5034,1
10113.762,1
11240.861,1
11465.115,1
6364.99,1
6059.216,1
5872.4424,1
3793.6472,1
4479.331,1
4307.174,1
4225.838,1
2888.1648,1
2790.7363,1
3894.0688,1
3813.5713,1
3769.534,1
2834.6064,1
3665.4983,1
3590.1016,1
3546.653,1
2805.5203,1
3480.8284,1
3404.358,1
3360.0027,1
2781.8596,1
2793.3706,1
3335.2217,1
3257.6135,1
3212.5737,1
2765.0127,1
3226.603,1
3148.3047,1
3102.878,1
2750.921,1
3149.5647,1
3070.7976,1
3025.1365,1
2739.9697,1
3117.8118,1
2909.939,1
2817.1401,1
10110.764,1
11238.405,1
11461.506,1
6361.4355,1
6055.3457,1
5868.391,1
3786.7207,1
2786.8804,1
4475.068,1
4303.517,1
4222.1816,1
2875.7349,1
3890.4417,1
3810.12,1
3766.1067,1
2825.3582,1
3662.391,1
3587.0498,1
3543.6514,1
2799.3342,1
2789.3657,1
3478.3408,1
3401.943,1
3357.6477,1
2778.468,1
3333.1782,1
3255.701,1
3210.737,1
2761.908,1
3225.052,1
3146.7954,1
3101.4116,1
2748.7664,1
2790.3333,1
3148.3237,1
3069.6963,1
3024.0952,1
2740.8188,1
3120.659,1
2913.318,1
2820.2087,1
10109.729,1
11235.523,1
11455.68,1
6357.4585,1
6053.314,1
5866.7876,1
3739.9426,1
4476.3413,1
4304.499,1
4222.9478,1
2873.313,1
2792.5698,1
3890.4827,1
3810.2312,1
3766.2231,1
2823.954,1
3662.426,1
3587.172,1
3543.7795,1
2798.1218,1
3478.2954,1
3401.9238,1
3357.632,1
2777.7268,1
3333.1565,1
3255.762,1
3210.8247,1
2790.1477,1
2761.5288,1
3225.029,1
3146.8481,1
3101.4827,1
2748.5835,1
3148.3135,1
3069.5583,1
3023.9336,1
2738.3076,1
3116.573,1
2908.9036,1
2816.3125,1
10123.004,1
11245.7705,1
11462.233,1
6360.0776,1
6054.202,1
5867.365,1
3772.5566,1
2797.043,1
4474.8755,1
4303.2466,1
4221.8735,1
2873.7026,1
3890.0305,1
3809.7124,1
3765.6804,1
2823.7869,1
3662.0874,1
3586.7441,1
3543.3271,1
2798.1448,1
2788.3892,1
3478.0237,1
3401.6155,1
3357.3135,1
2777.828,1
3332.8557,1
3255.3586,1
3210.4104,1
2761.3445,1
3224.8127,1
3146.5627,1
3101.1746,1
2748.4392,1
2790.149,1
3148.1523,1
3069.4185,1
3023.7974,1
2738.3198,1
3117.2686,1
2909.5996,1
2816.9214,1
10109.727,1
11236.437,1
11460.377,1
6360.9844,1
6054.77,1
5867.811,1
3786.5847,1
4474.549,1
4303.0176,1
4221.6797,1
2874.0903,1
2562.7932,1
5775.267,1
4434.2393,1
4294.7036,1
4160.392,1
1.3043734e+06,1
5946.813,1
2792.683,1
3727.8481,1
3627.728,1
3579.2012,1
5794.0195,1
3493.554,1
3421.0898,1
3380.851,1
3830.1602,1
3345.9658,1
3273.1013,1
3231.6394,1
3319.1565,1
2790.0503,1
3238.5195,1
3162.947,1
3119.9087,1
3254.509,1
3159.182,1
3083.0645,1
3039.3125,1
2984.7937,1
3114.545,1
2901.5063,1
2805.2466,1
10105.148,1
11233.344,1
11457.193,1
6357.764,1
6053.92,1
5868.78,1
4048.638,1
2793.1362,1
4473.803,1
4303.5376,1
4223.6016,1
565889.1,1
3017.1384,1
3840.098,1
3770.2834,1
3731.8506,1
2868.039,1
3626.924,1
3556.8562,1
3517.8645,1
2810.5122,1
2786.4944,1
3452.4644,1
3379.5674,1
3338.677,1
2796.804,1
3025.1257,1
2819.8665,1
2757.0222,1
2285.5706,1
4776.48,1
4884.9375,1
4790.979,1
3696.5105,1
3598.3027,1
3548.2432,1
3015.7693,1
3493.6895,1
3416.5059,1
3371.0117,1
2798.0293,1
2894.0703,1
3336.1606,1
3099.9548,1
2984.0005,1
10160.388,1
11295.672,1
11526.624,1
6357.272,1
6055.417,1
5871.783,1
3945.0693,1
4519.7373,1
4351.58,1
4272.48,1
2959.1409,1
3966.6328,1
3887.6907,1
3844.6492,1
2896.0576,1
2788.8066,1
3749.62,1
3675.3481,1
3632.3608,1
2840.7234,1
3564.0173,1
3487.2036,1
3442.6184,1
2820.0195,1
3405.8862,1
3328.4985,1
3283.2366,1
2794.1716,1
2790.9207,1
3282.9644,1
3204.6384,1
3158.8562,1
2773.2578,1
3192.1821,1
3113.2458,1
3067.183,1
2757.735,1
3149.3337,1
2937.6418,1
2841.7102,1
10121.401,1
11248.7,1
11472.645,1
6361.075,1
6055.379,1
5867.6714,1
3763.2483,1
4482.4277,1
4310.638,1
4228.9277,1
2883.7937,1
2791.9136,1
3900.5056,1
3820.3599,1
3776.2598,1
2832.1587,1
3673.4941,1
3598.2195,1
3554.6968,1
2804.5745,1
3488.7668,1
3412.444,1
3368.0378,1
2782.867,1
2787.205,1
3341.896,1
3264.4036,1
3219.3357,1
2765.2634,1
3231.8794,1
3153.612,1
3108.1445,1
2751.5557,1
3153.4214,1
3074.666,1
3028.9744,1
2740.6384,1
2791.2158,1
3121.366,1
2913.1812,1
2820.1812,1
10111.657,1
11239.165,1
11462.143,1
6361.1406,1
6055.047,1
5867.4575,1
3819.7764,1
4474.683,1
4303.54,1
4222.2725,1
2876.124,1
3891.2183,1
3810.9368,1
3766.8386,1
2825.35,1
2791.884,1
3663.453,1
3588.1172,1
3544.6409,1
2799.185,1
3479.264,1
3402.8218,1
3358.467,1
2778.55,1
3333.9163,1
3256.4136,1
3211.4175,1
2761.9783,1
3225.6494,1
3147.4187,1
3102.0256,1
2792.0176,1
2748.8843,1
3148.7966,1
3070.034,1
3024.3928,1
2738.586,1
3116.18,1
2908.3933,1
2815.8013,1
10116.119,1
11243.019,1
11463.516,1
6356.855,1
6051.2383,1
5865.0522,1
3778.429,1
4473.9136,1
4302.331,1
4220.938,1
2873.952,1
2791.5464,1
3889.6428,1
3809.329,1
3765.3333,1
2823.9106,1
3661.7737,1
3586.3552,1
3542.9277,1
2798.239,1
3477.8616,1
3401.4414,1
3357.1448,1
2777.7678,1
2792.1235,1
3332.8044,1
3255.2827,1
3210.322,1
2761.4858,1
3224.8125,1
3146.6487,1
3101.2935,1
2748.5898,1
3148.1846,1
3069.4731,1
3023.864,1
2724.031,1
3115.918,1
2908.999,1
2816.7695,1
10110.68,1
11238.219,1
11460.824,1
6356.429,1
6051.5044,1
5865.2266,1
3825.0684,1
2789.4883,1
4473.428,1
4302.247,1
4220.486,1
2875.9453,1
3889.8174,1
3809.5076,1
3765.2764,1
2825.1753,1
3661.8486,1
3586.4744,1
3542.9854,1
2798.2346,1
2792.9321,1
3477.925,1
3401.4568,1
3357.121,1
2768.4976,1
3333.9355,1
3255.7708,1
3210.6157,1
2761.6812,1
3224.9277,1
3146.6748,1
3101.2957,1
2739.8228,1
2788.6067,1
3149.2563,1
3069.9395,1
3024.1655,1
2739.0093,1
3117.3428,1
2909.8105,1
2817.2542,1
10110.2705,1
11236.672,1
11460.321,1
6362.9644,1
6056.7275,1
5871.4346,1
3766.3796,1
4475.536,1
4303.2466,1
4221.962,1
2873.7754,1
2791.877,1
3890.228,1
3809.7244,1
3765.7534,1
2814.9402,1
3663.1921,1
3587.1626,1
3543.6064,1
2798.1404,1
3478.1929,1
3401.7266,1
3357.438,1
2769.025,1
2791.4915,1
3334.051,1
3256.0376,1
3210.9343,1
2761.75,1
3225.0847,1
3146.824,1
3101.4568,1
2748.5361,1
3148.3433,1
3069.5955,1
3023.9768,1
2738.3638,1
3117.5828,1
2909.9275,1
2817.2185,1
10109.791,1
11236.307,1
11460.063,1
6361.585,1
6055.285,1
5868.3164,1
3784.6877,1
2787.7605,1
4474.78,1
4303.273,1
4222.0034,1
2874.1091,1
3890.5176,1
3810.302,1
3766.33,1
2824.353,1
3662.43,1
3587.0916,1
3543.6692,1
2798.2986,1
2798.2349,1
3478.1584,1
3401.7,1
3357.3823,1
2777.8936,1
3332.9685,1
3255.5183,1
3210.565,1
2761.0127,1
3224.9297,1
3146.676,1
3101.2952,1
2748.5916,1
2790.5464,1
3148.1929,1
3069.4297,1
3023.8013,1
2738.297,1
3117.8828,1
2910.1777,1
2817.431,1
10110.501,1
11237.357,1
11459.59,1
6360.318,1
6054.662,1
5867.7964,1
3766.7246,1
4475.2593,1
4303.4453,1
4221.4043,1
2873.7136,1
3890.0554,1
3809.7185,1
3765.505,1
2824.0408,1
2789.6365,1
3662.0793,1
3586.7498,1
3543.2708,1
2798.1528,1
3478.0144,1
3401.569,1
3357.2332,1
2766.8074,1
3334.276,1
3256.093,1
3210.9304,1
2761.7231,1
2793.8074,1
3225.046,1
3146.7905,1
3101.4043,1
2737.06,1
3149.6917,1
3070.1182,1
3024.2625,1
2738.277,1
3118.9688,1
2911.3735,1
2818.472,1
10112.456,1
11237.169,1
11457.681,1
6360.0127,1
6053.9604,1
5867.2837,1
3730.521,1
2789.9043,1
4475.931,1
4303.678,1
4222.0474,1
2872.9841,1
3890.2532,1
3809.899,1
3765.8848,1
2815.6204,1
3663.1052,1
3587.146,1
3543.5735,1
2797.904,1
2789.746,1
3478.3271,1
3401.9043,1
3357.5889,1
2767.767,1
3334.299,1
3256.1038,1
3210.9521,1
2761.4106,1
3225.1558,1
3146.8613,1
3101.475,1
2748.5676,1
2788.972,1
3148.3794,1
3069.615,1
3023.9858,1
2738.383,1
3117.147,1
2909.4355,1
2816.7612,1
10109.875,1
11236.625,1
11460.583,1
6360.91,1
6054.792,1
5867.8125,1
3774.3987,1
4474.862,1
4302.571,1
4221.189,1
2873.289,1
3890.2476,1
3809.7383,1
3765.7192,1
2824.06,1
2792.6025,1
3662.1733,1
3586.7517,1
3543.3298,1
2798.2163,1
3478.1106,1
3401.731,1
3357.428,1
2778.0684,1
3332.9634,1
3255.4631,1
3210.5073,1
2761.5005,1
2791.5593,1
3224.8733,1
3146.612,1
3101.233,1
2748.4778,1
3148.1882,1
3069.4766,1
3023.8745,1
2739.2473,1
3117.8237,1
2910.139,1
2817.4875,1
10109.939,1
11236.392,1
11459.884,1
6361.0225,1
6054.4756,1
5865.9966,1
3058.3582,1
4628.7734,1
4303.1636,1
4834.187,1
4575.427,1
4439.4644,1
2792.063,1
3816.342,1
4002.1567,1
3913.4172,1
3868.0557,1
3439.1414,1
3746.3,1
3671.5464,1
3627.9583,1
3275.939,1
6404.873,1
5336.322,1
3932.3757,1
3713.6284,1
3619.2341,1
4057.4543,1
2789.973,1
3512.141,1
3428.3347,1
3381.1492,1
3682.1326,1
3364.286,1
3286.2341,1
3239.5537,1
3481.8809,1
6556.9634,1
566102.3,1
3265.2458,1
4319.439,1
3919.1987,1
3691.8972,1
2793.626,1
3168.0386,1
2963.546,1
2844.513,1
10131.281,1
11245.96,1
11456.637,1
6365.441,1
6068.2554,1
5889.571,1
4312.0693,1
4504.683,1
4343.7114,1
4268.6147,1
3319.3489,1
3928.198,1
3852.6086,1
3811.8464,1
3183.7312,1
2788.321,1
3015.876,1
2898.509,1
2883.9014,1
8193.179,1
8173.249,1
7963.069,1
3562.2244,1
4425.3154,1
4234.033,1
4153.3647,1
3160.644,1
3911.4634,1
3832.7932,1
3788.641,1
3012.1812,1
2789.327,1
3678.067,1
3601.664,1
3556.4912,1
2941.0217,1
3489.7202,1
3411.8218,1
3365.3481,1
2873.0535,1
3353.4688,1
3123.7034,1
3012.6553,1
10271.563,1
11405.382,1
11633.478,1
6485.5527,1
6182.4814,1
5997.718,1
3917.8362,1
4602.7925,1
4433.515,1
4353.543,1
2944.5303,1
2793.322,1
4016.1204,1
3936.415,1
3892.8237,1
2885.6265,1
3773.787,1
3698.9907,1
3655.6902,1
2834.6858,1
3571.9941,1
3495.0217,1
3450.3677,1
2814.0583,1
2791.245,1
3405.4763,1
3327.9036,1
3282.553,1
2788.826,1
3279.0168,1
3200.596,1
3154.811,1
2768.868,1
3187.366,1
3108.3826,1
3062.3538,1
2753.633,1
2794.9478,1
3146.262,1
2935.626,1
2840.5308,1
10132.276,1
11259.58,1
11483.948,1
6376.91,1
6071.197,1
5884.438,1
3773.663,1
4491.4683,1
4319.308,1
4237.964,1
2882.202,1
3905.5642,1
3825.0881,1
3781.0837,1
2830.7437,1
3675.638,1
3600.2285,1
3556.7883,1
2790.8613,1
2803.4788,1
3489.11,1
3412.6553,1
3368.3005,1
2781.8384,1
3341.5688,1
3264.1055,1
3219.1106,1
2764.6204,1
3231.2893,1
3153.0227,1
3107.5903,1
2750.86,1
2788.278,1
3152.817,1
3074.04,1
3028.364,1
2740.002,1
5975.612,1
3087.447,1
2908.8381,1
2824.9077,1
10110.391,1
11263.94,1
11515.537,1
6439.3086,1
6147.2456,1
5966.9,1
4307.036,1
4547.6045,1
4366.9697,1
4281.4756,1
3212.5015,1
2789.4758,1
3936.0886,1
3855.396,1
3811.2793,1
3066.4905,1
3700.5938,1
3625.3523,1
3581.702,1
2970.4495,1
3510.0823,1
3433.558,1
3388.8342,1
2896.4631,1
2790.481,1
3358.9736,1
3281.2148,1
3235.731,1
2841.3083,1
3245.703,1
3167.192,1
3121.3127,1
2801.5818,1
3164.6338,1
3085.5752,1
3039.4805,1
2773.8872,1
3128.8328,1
2918.5447,1
2823.4834,1
10113.937,1
11240.987,1
11465.278,1
6368.0576,1
6062.0815,1
5875.366,1
3813.408,1
2790.4653,1
4481.6523,1
4310.1255,1
4228.201,1
2899.9285,1
3895.9097,1
3815.6301,1
3771.3933,1
2842.4236,1
3667.113,1
3591.775,1
3548.2449,1
2801.2761,1
2792.693,1
3483.2407,1
3406.1052,1
3361.5261,1
2786.2695,1
3336.3286,1
3258.7612,1
3213.711,1
2757.0376,1
3228.7266,1
3149.717,1
3104.07,1
2752.418,1
2789.7595,1
3150.4187,1
3071.566,1
3025.8645,1
2733.0059,1
3118.4065,1
2910.8342,1
2817.9377,1
10154.907,1
11265.965,1
11458.933,1
6360.1704,1
6054.855,1
5868.7363,1
3823.2437,1
2782.8953,1
7753.0767,1
4807.017,1
4695.519,1
4571.1777,1
9.859404e+16,1
8014.2856,1
3957.2046,1
3849.188,1
3798.6594,1
2798.9329,1
3865.63,1
3088.455,1
7036.925,1
6309.707,1
5522.093,1
4157.4697,1
3632.471,1
3513.1067,1
3458.1313,1
3608.5312,1
3403.8613,1
3327.5845,1
3284.1787,1
2787.7046,1
3374.5503,1
3281.7136,1
3205.931,1
3161.8286,1
3205.0671,1
3194.92,1
3117.784,1
3072.7932,1
3063.202,1
3141.5957,1
2923.1714,1
2822.0352,1
10117.536,1
11246.435,1
11471.177,1
6376.115,1
6072.1597,1
5887.2397,1
4032.7585,1
2793.2651,1
4489.7705,1
4320.2017,1
4239.737,1
3037.4407,1
3904.8948,1
3825.7747,1
3782.414,1
2941.4368,1
3675.2449,1
3600.6704,1
3557.7,1
2879.1184,1
2787.702,1
3489.4006,1
3413.5283,1
3369.521,1
2832.3523,1
3342.366,1
3265.283,1
3220.4902,1
2797.737,1
3232.5269,1
3154.4836,1
3109.178,1
2771.9377,1
2789.8242,1
3154.327,1
3075.7014,1
3030.0972,1
2753.5574,1
3120.3655,1
2911.3176,1
2817.5762,1
10117.2295,1
11242.113,1
11462.196,1
6361.8145,1
6055.615,1
5868.9546,1
3798.4377,1
4476.527,1
4304.3906,1
4223.186,1
2885.868,1
3891.8174,1
3811.3318,1
3767.3752,1
2832.4583,1
2789.7485,1
3663.5972,1
3588.1914,1
3544.806,1
2803.7986,1
3479.4136,1
3403.0142,1
3358.7441,1
2781.69,1
3334.0615,1
3256.597,1
3211.6484,1
2764.0884,1
2792.0835,1
3225.7769,1
3147.5422,1
3102.1765,1
2750.2087,1
3148.9265,1
3070.1824,1
3024.5579,1
2739.4155,1
3117.0728,1
2909.1787,1
2816.341,1
10123.425,1
11259.18,1
11460.695,1
6360.925,1
6055.068,1
5868.8926,1
3771.819,1
2793.8657,1
4475.3315,1
4303.6987,1
4222.4663,1
2874.9778,1
3890.2202,1
3809.9148,1
3765.914,1
2824.9067,1
3662.2034,1
3586.8723,1
3543.4802,1
2798.2222,1
3478.1833,1
3401.7336,1
3357.4358,1
2794.3413,1
2778.2053,1
3333.045,1
3255.6182,1
3210.6824,1
2761.801,1
3224.964,1
3146.7302,1
3101.3616,1
2748.669,1
3148.2668,1
3069.584,1
3023.9827,1
2787.8074,1
2738.481,1
3118.3452,1
2910.682,1
2817.8057,1
10114.512,1
11239.188,1
11459.525,1
6360.878,1
6054.8105,1
5867.1826,1
3704.3386,1
4477.2603,1
4304.591,1
4222.6436,1
2872.4756,1
3890.4128,1
3809.9275,1
3765.9578,1
2823.5344,1
2794.5386,1
3662.4312,1
3587.1753,1
3543.7598,1
2797.8936,1
3478.2742,1
3401.7786,1
3357.4912,1
2777.6697,1
3333.0679,1
3255.5664,1
3210.63,1
2761.4175,1
2788.081,1
3224.9631,1
3146.7158,1
3101.3533,1
2748.4685,1
3148.2712,1
3069.515,1
3023.8982,1
2738.2908,1
3117.8276,1
2910.128,1
2817.353,1
10112.137,1
11237.75,1
11459.711,1
6360.6895,1
6054.26,1
5867.2925,1
3783.622,1
4474.7017,1
4303.1426,1
4221.93,1
2874.0027,1
2791.2212,1
3890.2852,1
3810.0168,1
3766.0454,1
2824.022,1
3662.298,1
3586.9517,1
3543.6396,1
2786.2244,1
3479.5527,1
3402.226,1
3357.6523,1
2777.7327,1
2792.0303,1
3333.0928,1
3255.5557,1
3210.5789,1
2749.9453,1
3226.3484,1
3147.3496,1
3101.7676,1
2748.4539,1
3148.4553,1
3069.639,1
3023.992,1
2726.968,1
2790.5962,1
3116.3716,1
2909.2444,1
2816.8037,1
10113.898,1
11239.461,1
11460.792,1
6361.4175,1
6055.7207,1
5869.29,1
3820.7788,1
4474.2446,1
4303.0693,1
4221.4023,1
2865.5417,1
2203.571,1
7252.2393,1
6513.356,1
5722.3433,1
3732.865,1
2791.5752,1
3809.6748,1
3686.8235,1
3628.9104,1
3105.6458,1
3543.3682,1
3463.0085,1
3417.0403,1
2981.3872,1
565889.2,1
3269.4849,1
3233.6055,1
3201.133,1
2686.5122,1
3208.763,1
3140.4858,1
3100.3572,1
2794.945,1
2790.698,1
3140.3843,1
3066.606,1
3024.64,1
2756.1475,1
3096.3699,1
2883.913,1
2788.2192,1
10085.321,1
11216.102,1
11443.868,1
6347.3857,1
6044.2993,1
5859.749,1
3857.9443,1
4464.108,1
4294.582,1
4215.8867,1
2870.9453,1
9643.385,1
4462.242,1
4372.0625,1
4283.891,1
3990.8525,1
2788.8416,1
4878.8633,1
4581.833,1
4402.632,1
3680.7686,1
4034.422,1
3942.665,1
3899.263,1
3405.9817,1
3807.943,1
3737.5369,1
3696.993,1
3268.1067,1
6404.601,1
2790.045,1
3798.8616,1
3655.422,1
3591.5923,1
3625.559,1
3522.4888,1
3444.1868,1
3398.6692,1
3381.4336,1
3382.4236,1
3304.8179,1
3258.288,1
3217.4202,1
3271.8662,1
3036.3657,1
2921.2112,1
10181.74,1
11316.464,1
11544.503,1
6413.5854,1
6111.2183,1
5927.043,1
4129.0137,1
2792.6543,1
4540.4155,1
4371.612,1
4292.085,1
3123.774,1
3961.5544,1
3882.6423,1
3839.3164,1
3012.8438,1
3730.8801,1
3656.159,1
3612.81,1
2935.321,1
2789.5667,1
3538.877,1
3462.608,1
3417.9966,1
2875.3743,1
3383.2805,1
3305.6836,1
3260.2283,1
2828.9558,1
3264.7305,1
3186.174,1
3140.2373,1
2795.0308,1
2791.9373,1
3178.725,1
3099.6672,1
3053.4956,1
2770.5046,1
3139.3115,1
2928.0693,1
2832.2239,1
10122.75,1
11250.474,1
11470.607,1
6365.3574,1
6059.082,1
5872.778,1
3805.3313,1
4483.5557,1
4311.888,1
4230.623,1
2896.079,1
2789.2834,1
3899.1216,1
3818.7798,1
3774.7678,1
2840.3152,1
3670.5955,1
3595.1914,1
3551.733,1
2809.929,1
3485.528,1
3409.0928,1
3364.7312,1
2785.9949,1
2791.373,1
3339.1187,1
3261.5933,1
3216.5598,1
2767.3196,1
3229.7207,1
3151.4287,1
3105.9792,1
2752.577,1
3151.9011,1
3073.075,1
3027.3708,1
2741.209,1
3120.049,1
2911.8801,1
2818.8015,1
10111.971,1
11239.8545,1
11461.599,1
6361.2256,1
6055.4946,1
5868.4526,1
3821.3572,1
2795.1753,1
4474.633,1
4303.536,1
4222.3687,1
2877.327,1
3891.093,1
3810.856,1
3766.8374,1
2826.23,1
3663.1846,1
3587.8606,1
3544.4329,1
2799.7637,1
2790.5603,1
3479.1145,1
3402.8174,1
3358.538,1
2779.2302,1
3333.741,1
3256.2532,1
3211.301,1
2761.9275,1
3225.4768,1
3147.188,1
3101.7844,1
2748.966,1
2785.936,1
3148.609,1
3069.861,1
3024.2283,1
2738.6567,1
3120.5596,1
6355.9575,1
5640.1045,1
9860.093,1
4066.8564,1
3899.2131,1
5217.2056,1
3417.6995,1
3477.392,1
3378.9177,1
4045.419,1
2724.9365,1
3298.171,1
3224.2812,1
3652.7305,1
2727.6807,1
2792.063,1
3214.772,1
3141.0059,1
3452.1416,1
2712.238,1
3149.1472,1
3073.5383,1
3284.7312,1
2716.0803,1
3097.7986,1
3021.73,1
3153.2415,1
2693.4949,1
2791.7854,1
3064.6682,1
2986.0466,1
3057.0923,1
2710.5535,1
3037.9485,1
2960.1758,1
2989.2327,1
2697.6704,1
3021.4863,1
2820.4126,1
2805.6077,1
10022.437,1
11149.122,1
11443.907,1
6299.043,1
5992.545,1
5851.5244,1
3807.0688,1
2792.8403,1
4414.843,1
4243.455,1
4207.292,1
2852.702,1
3837.011,1
3755.932,1
3754.149,1
2814.7588,1
3615.7822,1
3540.4011,1
3533.4827,1
2780.956,1
2788.738,1
3442.001,1
3364.9697,1
3349.4172,1
2771.2378,1
3304.9978,1
3227.5874,1
3204.0242,1
2747.9463,1
3205.633,1
3126.9731,1
3096.4072,1
2744.2837,1
2789.8105,1
3134.2385,1
3055.5405,1
3019.8723,1
2727.059,1
3104.3926,1
2906.787,1
2805.9714,1
10100.508,1
11227.349,1
11460.054,1
6354.48,1
6048.367,1
5866.635,1
3817.574,1
4467.081,1
4295.818,1
4219.939,1
2865.9976,1
3884.6797,1
3803.851,1
3764.737,1
2823.7576,1
2789.897,1
3656.7822,1
3581.4033,1
3542.3506,1
2797.7002,1
3473.6492,1
3397.185,1
3356.3508,1
2777.2703,1
3329.5537,1
3252.0688,1
3209.6943,1
2761.0515,1
2795.8909,1
3222.4102,1
3144.1948,1
3100.6338,1
2748.065,1
3146.4785,1
3067.8215,1
3023.437,1
2738.059,1
3118.0212,1
2910.502,1
2818.7603,1
10115.22,1
11238.599,1
11457.744,1
6359.1816,1
6053.0273,1
5866.767,1
3778.4534,1
4474.546,1
4302.8276,1
4222.0664,1
2792.9524,1
2874.0537,1
3889.6233,1
3809.2566,1
3765.8237,1
2824.1606,1
3661.6292,1
3586.4246,1
3543.5195,1
2799.0298,1
3477.6973,1
3401.2327,1
3357.338,1
2777.8374,1
2788.012,1
3332.6733,1
3255.1868,1
3210.5334,1
2761.5989,1
3224.6514,1
3146.4106,1
3101.2708,1
2748.6438,1
3148.0369,1
3069.3884,1
3023.6392,1
2738.2397,1
2791.549,1
3118.6606,1
2911.0247,1
2818.2507,1
10109.743,1
11235.266,1
11457.396,1
6360.182,1
6054.1704,1
5867.4595,1
3747.6013,1
4475.246,1
4303.199,1
4221.7207,1
2873.125,1
3889.9783,1
3809.6006,1
3765.6514,1
2823.6072,1
2792.9236,1
3662.0684,1
3586.6677,1
3543.305,1
2798.0466,1
3478.0164,1
3401.5596,1
3357.303,1
2777.752,1
3332.9473,1
3255.4895,1
3210.5796,1
2761.538,1
2789.8855,1
3224.9023,1
3146.704,1
3101.3691,1
2748.5112,1
3148.241,1
3069.4878,1
3023.883,1
2738.2812,1
3117.9275,1
2910.2808,1
2817.5447,1
10108.541,1
11235.141,1
11459.128,1
6356.7163,1
6051.231,1
5864.539,1
3774.4048,1
4474.4033,1
4302.277,1
4221.475,1
2873.444,1
2791.0908,1
3890.0476,1
3809.5225,1
3765.698,1
2823.9407,1
3661.9778,1
3586.582,1
3543.0962,1
2798.1436,1
3477.971,1
3401.544,1
3357.2605,1
2777.8525,1
2792.7761,1
3332.8286,1
3255.32,1
3210.3801,1
2761.495,1
3224.787,1
3146.5508,1
3101.1663,1
2748.4058,1
3148.1462,1
3069.4326,1
3023.8179,1
2738.2966,1
2790.613,1
3120.5698,1
2913.0378,1
2819.985,1
10104.409,1
11231.567,1
11454.508,1
6360.0386,1
6053.9043,1
5866.9775,1
3780.0815,1
4475.162,1
4303.5894,1
4222.203,1
2874.438,1
3890.388,1
3810.0603,1
3766.0327,1
2824.3328,1
3662.4312,1
3587.0886,1
3543.6729,1
2791.9922,1
2798.3098,1
3478.379,1
3402.0337,1
3357.747,1
2778.7058,1
3333.044,1
3255.5283,1
3210.5603,1
2761.5476,1
3224.9539,1
3146.721,1
3101.3496,1
2748.5063,1
2789.8782,1
3148.2615,1
3069.524,1
3023.9067,1
2738.6445,1
3514.8645,1
7815.7783,1
9.859475e+16,1
5145.14,1
4224.472,1
3735.9192,1
10703.253,1
11299.073,1
11323.687,1
6259.186,1
6009.677,1
5860.618,1
4355.9033,1
4224.4907,1
4160.991,1
8042.301,1
2789.0024,1
3843.3442,1
3770.0647,1
3731.0015,1
4162.319,1
3627.8135,1
3556.9204,1
3517.318,1
3667.2239,1
566882.8,1
4369.3164,1
3627.906,1
3479.1062,1
3412.0984,1
3561.7234,1
2794.0571,1
3347.5842,1
3271.9817,1
3231.0059,1
3303.821,1
3233.336,1
3160.3586,1
3119.0457,1
3121.3228,1
3156.3752,1
3081.8386,1
3039.2888,1
6960.558,1
7028.8975,1
6904.1094,1
3271.7986,1
3608.94,1
3449.3528,1
3365.1443,1
10275.682,1
11462.147,1
11749.737,1
6728.056,1
6458.8623,1
6294.3076,1
4141.2866,1
2791.5105,1
4905.809,1
4721.0737,1
4635.975,1
3113.127,1
4250.4546,1
4173.9194,1
4133.3203,1
3002.3335,1
3991.824,1
3919.8997,1
3878.4514,1
2934.1404,1
2788.1426,1
3758.3325,1
3683.8357,1
3640.23,1
2880.5667,1
3555.9055,1
3479.297,1
3434.2314,1
2838.9302,1
3393.1938,1
3315.1543,1
3269.2378,1
2806.8125,1
2795.0044,1
3270.452,1
3191.576,1
3145.241,1
2782.2595,1
3208.0957,1
2992.127,1
2892.4856,1
10180.56,1
11307.362,1
11529.404,1
6411.1,1
6106.1523,1
5919.89,1
3847.6487,1
4524.547,1
4353.521,1
4273.3433,1
2898.754,1
3938.2183,1
3858.185,1
3814.576,1
2792.9087,1
2843.145,1
3704.5737,1
3629.5894,1
3586.2092,1
2813.3062,1
3512.7036,1
3436.3147,1
3391.9648,1
2789.1775,1
3359.657,1
3282.2322,1
3237.176,1
2790.0813,1
2770.6067,1
3244.575,1
3166.2598,1
3120.757,1
2755.066,1
3162.296,1
3083.4966,1
3037.7544,1
2743.3184,1
3128.7402,1
2920.0566,1
2826.4622,1
10122.325,1
11247.429,1
11468.224,1
6366.324,1
6060.4067,1
5873.625,1
3820.8923,1
2790.7227,1
4479.8926,1
4308.8604,1
4227.8027,1
2867.263,1
3897.153,1
3816.722,1
3772.5461,1
2828.6282,1
3667.197,1
3591.6155,1
3548.1965,1
2782.926,1
2790.1206,1
3484.4712,1
3406.5989,1
3361.9043,1
2779.1199,1
3500.5684,1
3302.1086,1
3185.8638,1
6.3447004e+07,1
2.6855685e+06,1
1.1219799e+06,1
3.3382398e+06,1
476258.97,1
178873.11,1
961643.25,1
135684.25,1
126949.516,1
2788.2263,1
114681.125,1
105391.71,1
591287.75,1
6.595961e+07,1
3.5705512e+06,1
2.4122602e+06,1
6.78365e+06,1
1.4019758e+06,1
792208.8,1
2.7572545e+06,1
474151.16,1
411519.34,1
363374.8,1
1.9257345e+06,1
288013.78,1
1.2816644e+06,1
240032.06,1
224248.22,1
192729.42,1
902897.6,1
161923.4,1
152045.22,1
138478.23,1
126513.43,1
648001.3,1
108440.26,1
2792.2615,1
98750.836,1
475182.4,1
81675.6,1
75956.83,1
72324.82,1
67798.54,1
370539.38,1
6.357071e+07,1
2.6585302e+06,1
1.0574868e+06,1
3.5748028e+06,1
507132.44,1
282487.12,1
1.3249366e+06,1
226815.02,1
214237.98,1
200841.75,1
991449.06,1
5.9053144e+07,1
7.8257065e+06,1
2788.996,1
807259.2,1
3.4112055e+06,1
507543.06,1
461563.6,1
384478.88,1
1.6288988e+06,1
321627.38,1
296237.53,1
274794.28,1
1.2760115e+06,1
238386.97,1
1.04437044e+06,1
240103.02,1
182690.5,1
177119.33,1
789500.3,1
147489.25,1
144548.84,1
674453.0,1
2.4622458e+07,1
1.9240966e+07,1
1.1507388e+07,1
6.5918465e+06,1
2796.251,1
578012.5,1
866106.5,1
1.7403205e+06,1
344410.66,1
279902.7,1
575295.0,1
722843.56,1
222883.39,1
435739.3,1
184742.33,1
481167.75,1
158641.44,1
143365.84,1
294710.78,1
332200.2,1
2791.1155,1
110333.19,1
105032.99,1
265965.0,1
223535.17,1
6.149001e+07,1
2.0884544e+06,1
717411.5,1
2.723498e+06,1
523495.9,1
360990.97,1
308208.25,1
370836.3,1
1.1737456e+06,1
6.5192572e+07,1
3.2690422e+06,1
1.7038835e+06,1
5.017774e+06,1
986696.6,1
770192.06,1
532441.7,1
520378.5,1
2.1335612e+06,1
6.6810556e+07,1
3.9070378e+06,1
2.5967622e+06,1
7.2828105e+06,1
1.6181105e+06,1
2791.2075,1
1.3125288e+06,1
918626.44,1
3.3987132e+06,1
700425.8,1
611161.94,1
2.6393905e+06,1
541234.56,1
473293.6,1
1.9373206e+06,1
429230.72,1
389427.88,1
362610.44,1
356241.1,1
1.5743464e+06,1
6.4416416e+07,1
2.907194e+06,1
1.8643858e+06,1
5.8828575e+06,1
1.1452738e+06,1
948749.0,1
538924.75,1
2.2894142e+06,1
449778.25,1
416103.4,1
2790.941,1
377916.3,1
1.609887e+06,1
329530.16,1
303382.38,1
287193.75,1
276743.66,1
1.3267229e+06,1
6.280148e+07,1
2.6053652e+06,1
1.0469591e+06,1
3.8766102e+06,1
624376.6,1
552289.75,1
439085.56,1
1.9061049e+06,1
371473.5,1
345558.2,1
2790.0417,1
312665.9,1
1.3845301e+06,1
262268.25,1
242468.4,1
218235.42,1
1.0059337e+06,1
180294.62,1
166120.44,1
154382.44,1
785135.3,1
134540.64,1
128989.55,1
626916.25,1
113006.01,1
98662.414,1
92345.36,1
459398.84,1
79155.06,1
73368.695,1
349838.22,1
63039.39,1
57989.266,1
2792.4321,1
53813.074,1
254162.47,1
45683.105,1
41990.074,1
40769.24,1
38897.414,1
199851.12,1
6.3212972e+07,1
2.5584502e+06,1
969455.4,1
3.323059e+06,1
441134.03,1
359991.12,1
217372.88,1
1.1162341e+06,1
175594.06,1
164111.11,1
2785.4634,1
146659.89,1
719884.3,1
120558.51,1
112069.76,1
100571.234,1
498476.9,1
81751.97,1
75881.77,1
67884.84,1
336278.97,1
54729.54,1
50862.008,1
2790.88,1
47808.664,1
252854.22,1
41472.074,1
45046.645,1
202274.3,1
40763.63,1
33109.652,1
141103.16,1
28696.527,1
25530.291,1
24309.969,1
102884.54,1
20926.277,1
18817.873,1
18944.611,1
18040.838,1
82045.945,1
6.3160016e+07,1
2.5495238e+06,1
1.048574e+06,1
3.3745385e+06,1
455714.16,1
359495.0,1
2794.7146,1
181696.47,1
158892.67,1
968236.3,1
134999.73,1
120404.6,1
603514.25,1
99333.46,1
92570.305,1
86997.95,1
81125.45,1
462199.38,1
6.3632516e+07,1
2.9504272e+06,1
1.3758269e+06,1
4.1325905e+06,1
665311.0,1
538471.0,1
302489.16,1
1.5025535e+06,1
240049.6,1
230979.78,1
216859.14,1
1.107871e+06,1
5.7307884e+07,1
2794.7507,1
2.3212822e+06,1
727581.5,1
3.478226e+06,1
489539.25,1
452909.12,1
420117.8,1
1.9280345e+06,1
6.2981864e+07,1
6.5785065e+06,1
1.7122016e+06,1
5.6997365e+06,1
1.0707222e+06,1
915033.7,1
4.157298e+06,1
719961.5,1
641577.75,1
2.5173062e+06,1
537050.6,1
502754.8,1
424042.16,1
1.7811568e+06,1
360471.66,1
340482.72,1
2788.0217,1
311675.34,1
1.3658596e+06,1
265574.88,1
249296.83,1
235240.33,1
221115.67,1
1.1171101e+06,1
3.451172e+07,1
3.1921438e+06,1
1.4601785e+06,1
1.6886852e+06,1
3.0633708e+06,1
641001.6,1
420173.4,1
912537.0,1
1.0044385e+06,1
324590.75,1
2792.0642,1
292547.34,1
656740.44,1
602550.9,1
226771.73,1
204229.05,1
459376.22,1
413441.66,1
155400.94,1
139090.62,1
311798.7,1
278156.06,1
104363.625,1
97208.375,1
232174.83,1
209219.06,1
83546.83,1
187149.03,1
168991.23,1
62837.938,1
134082.56,1
120867.32,1
49595.504,1
2789.7336,1
46262.49,1
98112.97,1
88156.55,1
36205.81,1
35566.742,1
73616.48,1
77357.75,1
6.2541468e+07,1
2.3560025e+06,1
866965.06,1
2.9143675e+06,1
422423.88,1
322668.0,1
197761.72,1
901031.44,1
182175.6,1
150812.66,1
2792.1135,1
138968.56,1
145993.9,1
609932.8,1
6.582582e+07,1
3.5969492e+06,1
7.4062025e+06,1
1.8311041e+06,1
1.4537626e+06,1
1.1528614e+06,1
447167.56,1
1.9261116e+06,1
326421.16,1
294062.9,1
254854.75,1
1.141359e+06,1
216285.69,1
195810.72,1
2788.7266,1
818372.7,1
157962.06,1
147133.3,1
132799.42,1
123484.89,1
616041.7,1
109933.2,1
104418.16,1
489687.06,1
93660.234,1
79348.4,1
358339.62,1
70284.75,1
63167.87,1
58695.87,1
266656.9,1
51392.723,1
46212.582,1
2796.4526,1
43109.617,1
192286.3,1
37330.78,1
33600.293,1
35099.586,1
32565.29,1
30618.197,1
30157.072,1
150604.94,1
5.957111e+07,1
1.5109184e+06,1
538530.25,1
2.623772e+06,1
279225.28,1
241278.5,1
197536.61,1
177394.66,1
1.0527226e+06,1
4.3023188e+07,1
2.8567855e+06,1
2.1281782e+06,1
1.2328844e+06,1
1.4872189e+06,1
3.3834808e+06,1
574599.1,1
2790.0813,1
354581.97,1
763374.56,1
1.0176879e+06,1
272799.25,1
259099.58,1
232420.03,1
529403.4,1
590853.5,1
183222.81,1
170112.6,1
458781.78,1
392001.4,1
6.5024012e+07,1
3.3637838e+06,1
1.9053906e+06,1
5.1277165e+06,1
1.225452e+06,1
814441.0,1
543202.94,1
610166.75,1
1.9489211e+06,1
356739.3,1
1.5224498e+06,1
432838.56,1
272945.12,1
1.0128792e+06,1
332978.66,1
222488.34,1
212099.11,1
283586.03,1
835265.2,1
5.7964492e+07,1
1.2623692e+06,1
644925.4,1
2.9427808e+06,1
501698.9,1
400293.84,1
921375.3,1
333244.22,1
305340.75,1
338376.56,1
1.4108022e+06,1
6.575973e+07,1
3.8506308e+06,1
8.455535e+06,1
2.0461835e+06,1
1.6324789e+06,1
603252.1,1
2.4930768e+06,1
474077.1,1
415574.22,1
73055.2,1
368469.16,1
1.5805504e+06,1
335510.6,1
294910.97,1
268765.28,1
1.1764286e+06,1
240523.3,1
210512.12,1
198581.64,1
952198.75,1
187667.78,1
163610.06,1
726404.75,1
139114.72,1
137247.64,1
119743.836,1
112788.586,1
113080.67,1
562207.06,1
6.3673936e+07,1
2.5949598e+06,1
87954.1,1
1.1005124e+06,1
3.7936715e+06,1
553970.8,1
458313.97,1
1.7025765e+06,1
303130.84,1
280854.8,1
1.363108e+06,1
243235.66,1
230589.58,1
206166.36,1
982091.94,1
183061.9,1
169965.5,1
156194.6,1
757790.1,1
137232.75,1
127017.08,1
117434.56,1
109885.82,1
562344.3,1
93752.84,1
22627.613,1
86211.164,1
417440.2,1
73605.91,1
67515.07,1
61754.31,1
295777.25,1
52056.69,1
50772.6,1
48920.54,1
236554.2,1
6.0462616e+07,1
3.68429e+06,1
534442.4,1
2.5225418e+06,1
301111.62,1
269717.97,1
6586.2515,1
243268.45,1
223192.97,1
1.180567e+06,1
6.356966e+07,1
2.5537078e+06,1
4.1171338e+06,1
715208.0,1
583877.7,1
514685.97,1
398645.8,1
1.7802034e+06,1
329338.12,1
307417.16,1
285805.34,1
1.3784741e+06,1
248254.78,1
235242.06,1
1.1217171e+06,1
203885.2,1
184160.56,1
872154.9,1
159937.1,1
149960.11,1
3489.053,1
140963.62,1
132750.83,1
706263.1,1
6.4628216e+07,1
3.0604218e+06,1
7.128021e+06,1
1.6370004e+06,1
1.369556e+06,1
446047.75,1
1.9115225e+06,1
312703.4,1
290601.6,1
253304.42,1
1.1582279e+06,1
212357.42,1
201604.3,1
190154.45,1
946414.2,1
6.16848e+07,1
4.8831415e+06,1
2920.686,1
742283.44,1
3.2139078e+06,1
470822.84,1
429604.62,1
360944.3,1
1.5617201e+06,1
299078.53,1
279139.38,1
1.1490998e+06,1
226582.8,1
205655.11,1
190972.45,1
2816.1443,1
170905.97,1
798965.4,1
138215.19,1
128053.43,1
119157.0,1
615197.3,1
102454.77,1
100631.766,1
93977.305,1
482021.66,1
75950.51,1
356723.0,1
65243.93,1
60024.137,1
55880.58,1
265328.84,1
47461.72,1
43723.766,1
41431.145,1
38861.242,1
204773.86,1
6.2351492e+07,1
1.3336302e+07,1
1.9306902e+07,1
5.3891235e+06,1
1.6863828e+06,1
2793.5308,1
414671.06,1
2.390458e+06,1
244942.89,1
221728.02,1
182245.7,1
872029.2,1
149484.16,1
139138.81,1
127209.9,1
119434.39,1
595325.8,1
97461.516,1
89502.55,1
83395.13,1
77696.77,1
453026.34,1
6.437337e+07,1
2792.0417,1
1.5626289e+06,1
4.248779e+06,1
702369.44,1
564967.44,1
315201.0,1
1.5192441e+06,1
248882.25,1
231966.22,1
214006.58,1
1.0747924e+06,1
184048.77,1
175795.19,1
863012.1,1
151644.45,1
135528.02,1
653340.06,1
116848.06,1
109251.43,1
100780.18,1
92740.13,1
487299.2,1
2788.5305,1
79928.26,1
73707.43,1
361262.4,1
61860.824,1
57564.957,1
56171.69,1
53186.668,1
287954.12,1
6.191454e+07,1
2.0631496e+06,1
661562.8,1
2.81255e+06,1
339918.75,1
232089.22,1
1.0994546e+06,1
189934.78,1
179407.36,1
2790.2456,1
158981.69,1
749215.3,1
129655.03,1
121571.38,1
107859.65,1
96545.26,1
510616.25,1
81375.65,1
72087.69,1
351195.56,1
57710.19,1
53996.31,1
2795.5476,1
50433.87,1
264083.12,1
43582.47,1
47021.844,1
210878.27,1
42223.215,1
34487.67,1
147285.12,1
29744.254,1
26937.002,1
25244.54,1
107388.22,1
21621.604,1
19685.44,1
18900.58,1
76564.16,1
16156.093,1
14770.292,1
2786.9617,1
14296.815,1
53380.18,1
12211.477,1
11173.829,1
10905.249,1
36569.453,1
9349.982,1
8582.812,1
7667.373,1
11688.364,1
27454.8,1
9218.285,1
2797.9204,1
6752.505,1
16960.092,1
5921.717,1
5553.6978,1
6634.7734,1
10762.425,1
9.859547e+16,1
5392.83,1
11604.895,1
4802.2437,1
10639.6,1
4547.8716,1
4382.706,1
15832.434,1
12516.941,1
12622.007,1
7412.0723,1
9922.549,1
6764.265,1
10180.897,1
5319.976,1
7155.0103,1
4955.807,1
4818.4043,1
2789.7788,1
4570.866,1
5853.2754,1
4340.42,1
4389.974,1
4189.6353,1
5013.117,1
3983.577,1
3875.1384,1
3882.3699,1
4380.486,1
3691.3171,1
3511.8887,1
2790.4897,1
3640.3323,1
3919.9512,1
3462.192,1
3261.2922,1
3457.2817,1
3595.451,1
3290.2136,1
3089.632,1
3323.386,1
3372.6973,1
3165.4163,1
2973.0435,1
2791.941,1
3271.7942,1
3339.5552,1
2969.4287,1
10248.316,1
11562.451,1
11575.259,1
6469.076,1
6299.0586,1
5961.7305,1
3948.4177,1
4563.5376,1
4488.265,1
4297.526,1
4397.0767,1
4521.711,1
4586.8223,1
6.176043e+07,1
2.145488e+06,1
577598.5,1
2.3703038e+06,1
238091.39,1
130418.27,1
670156.5,1
104980.414,1
2790.136,1
99077.76,1
92958.59,1
86881.71,1
471626.03,1
6.353303e+07,1
1.1701062e+06,1
3.6278382e+06,1
541344.56,1
320874.34,1
1.4000025e+06,1
256938.73,1
241368.03,1
212289.78,1
927780.5,1
170877.81,1
161662.17,1
151198.42,1
738877.8,1
6.1453336e+07,1
2790.6172,1
789179.44,1
576552.8,1
3.1483308e+06,1
443241.75,1
407176.44,1
376227.7,1
1.7172325e+06,1
5.9570336e+07,1
2.4291085e+06,1
1.6106804e+06,1
5.687359e+06,1
1.0509739e+06,1
902030.0,1
4.115943e+06,1
707998.8,1
628783.94,1
2.4458082e+06,1
521988.5,1
422071.56,1
1.6867365e+06,1
353487.34,1
338074.8,1
316940.0,1
299994.47,1
1.3823961e+06,1
6.206587e+07,1
2.2083228e+06,1
2791.3813,1
901689.8,1
3.6433615e+06,1
584494.4,1
537963.5,1
447874.6,1
1.8542499e+06,1
378171.12,1
358046.12,1
322834.06,1
294107.62,1
1.3591621e+06,1
252889.22,1
2790.545,1
226912.05,1
1.02150094e+06,1
186263.94,1
174083.56,1
155315.05,1
728078.9,1
125824.21,1
117246.28,1
104172.68,1
501998.88,1
83548.53,1
77797.09,1
72449.23,1
380329.78,1
62362.27,1
64097.203,1
301818.22,1
56509.58,1
47602.32,1
214446.27,1
40913.42,1
37422.184,1
2793.4,1
34879.953,1
157501.78,1
29709.58,1
27249.88,1
25789.582,1
112603.875,1
21844.762,1
20086.398,1
19092.725,1
78430.79,1
16116.777,1
14814.999,1
2791.0005,1
14175.723,1
53445.7,1
11981.438,1
11051.258,1
10674.183,1
35918.06,1
9079.337,1
8428.616,1
8240.999,1
24057.133,1
7086.015,1
6632.162,1
2789.296,1
6578.577,1
16266.8955,1
5736.533,1
5412.2993,1
14378.786,1
5445.2383,1
5247.265,1
18708.32,1
13275.275,1
13338.528,1
8082.7827,1
11928.374,1
7344.639,1
5249.7485,1
5816.478,1
8581.57,1
5359.246,1
4011.3867,1
2790.3374,1
4922.509,1
6845.7837,1
4629.4985,1
3690.8486,1
4446.498,1
5692.519,1
4192.1133,1
3451.9768,1
4068.7207,1
4837.2485,1
3841.1294,1
3268.4888,1
3775.075,1
4223.0103,1
3569.6643,1
2791.632,1
3128.9397,1
3554.8145,1
3795.2905,1
3367.56,1
3023.4263,1
3394.1763,1
3289.0957,1
3436.3252,1
2943.2305,1
3330.7556,1
3490.297,1
3026.2324,1
10301.764,1
11682.71,1
11624.164,1
6511.9136,1
6385.9414,1
5998.6113,1
3909.474,1
2789.3237,1
4597.938,1
4554.182,1
4327.1123,1
2981.3574,1
3988.4087,1
3995.3967,1
3848.7437,1
2908.8677,1
3739.531,1
3721.5024,1
3607.8892,1
2864.3477,1
2790.5054,1
3538.2559,1
3498.201,1
3407.076,1
2829.586,1
3379.2422,1
3323.882,1
3248.2532,1
2800.7727,1
3260.3123,1
3195.1172,1
3129.9487,1
2778.5596,1
2791.1995,1
565840.9,1
3059.3418,1
3032.8616,1
2989.358,1
2566.5474,1
3042.7883,1
2929.2676,1
2809.9355,1
10055.695,1
11188.244,1
11386.998,1
6295.567,1
6015.913,1
5819.108,1
3668.4949,1
4448.0024,1
4294.193,1
4201.983,1
2845.7449,1
3872.8176,1
3802.1187,1
3750.8457,1
2805.0703,1
2796.9277,1
3647.608,1
3580.1338,1
3532.2312,1
2783.71,1
3477.0825,1
3272.9504,1
3149.4014,1
2416.3142,1
4732.694,1
4612.7393,1
4410.8457,1
3200.8696,1
3786.4612,1
3666.161,1
3602.9395,1
3031.1667,1
2788.7124,1
3552.4253,1
3478.7302,1
3430.0503,1
2951.4792,1
3417.8147,1
3342.9023,1
3294.0962,1
2900.2778,1
3292.1062,1
3059.7734,1
2939.4446,1
10152.711,1
11284.574,1
11500.104,1
6345.799,1
6046.5483,1
5860.008,1
3857.646,1
2789.9812,1
4502.474,1
4334.9727,1
4253.3735,1
2953.1353,1
3942.6675,1
3865.0486,1
3820.5054,1
2891.1475,1
3725.873,1
3652.088,1
3607.943,1
2852.687,1
3541.3845,1
3465.7017,1
3420.4995,1
2790.9172,1
2820.9084,1
3388.8203,1
3311.265,1
3266.1753,1
2795.037,1
3270.44,1
3192.1423,1
3145.955,1
2774.412,1
3183.468,1
3104.5505,1
3058.2297,1
2792.2625,1
2758.048,1
3145.0408,1
2934.0437,1
2837.4224,1
10113.789,1
11240.818,1
11463.488,1
6355.741,1
6051.3086,1
5864.62,1
3832.9326,1
4477.837,1
4306.6455,1
4225.9697,1
2885.2715,1
3897.1963,1
3816.9956,1
3773.0664,1
2832.948,1
2792.8552,1
3670.3865,1
3595.1257,1
3551.6348,1
2805.1206,1
3486.062,1
3409.5522,1
3365.1782,1
2782.9404,1
3339.848,1
3262.3684,1
3217.2925,1
2765.5122,1
2790.1084,1
3230.4468,1
3152.2278,1
3106.7717,1
2751.6921,1
3152.4846,1
3073.6917,1
3027.968,1
2740.6804,1
3121.4055,1
2913.2476,1
2820.0042,1
10112.424,1
11238.222,1
11459.974,1
6360.7104,1
6055.383,1
5868.223,1
3771.348,1
4475.905,1
4303.736,1
4222.2456,1
2875.1035,1
2791.509,1
3891.125,1
3810.6636,1
3766.611,1
2813.3535,1
2165.2559,1
7045.7095,1
6310.326,1
5516.408,1
3718.4585,1
3633.1821,1
3508.697,1
3449.418,1
3104.0168,1
10574.464,1
2789.8352,1
3628.694,1
3458.9666,1
3383.4072,1
3538.8796,1
3347.8496,1
3264.5547,1
3216.3901,1
3273.2644,1
3243.1064,1
3162.733,1
3115.069,1
3128.2795,1
2790.8809,1
3173.5068,1
2950.1082,1
2844.4539,1
10148.521,1
11278.699,1
11501.473,1
6406.1143,1
6094.0244,1
5908.744,1
4048.5857,1
4512.44,1
4341.1797,1
4260.5435,1
3077.9836,1
3923.4092,1
3843.2454,1
3799.1865,1
2974.6313,1
2788.8606,1
3690.651,1
3615.2004,1
3571.548,1
2904.8823,1
3501.7139,1
3425.055,1
3380.3972,1
2851.4587,1
3352.0632,1
3274.2505,1
3228.8613,1
2810.883,1
3240.1587,1
3161.6616,1
3115.889,1
2791.9353,1
2781.7595,1
3160.2354,1
3081.3071,1
3035.325,1
2761.4062,1
3128.642,1
2919.7366,1
2824.9717,1
10116.549,1
11240.021,1
11458.482,1
6364.9077,1
6059.4863,1
5872.755,1
3806.6392,1
4480.052,1
4316.361,1
4227.0376,1
2891.755,1
2792.4624,1
3894.8953,1
3815.0771,1
3770.7114,1
2825.7688,1
2172.9053,1
7047.624,1
6319.0737,1
5525.4756,1
3740.8079,1
3634.56,1
3510.4294,1
3451.202,1
3119.7239,1
2791.6108,1
3402.3118,1
3322.0535,1
3275.4348,1
2969.3552,1
3278.9985,1
3199.5742,1
3152.8972,1
2901.3074,1
3190.4866,1
3111.0754,1
3064.3472,1
2828.4045,1
3144.7507,1
2931.2578,1
2832.859,1
10122.049,1
11249.579,1
11472.482,1
6378.96,1
6074.1216,1
5887.678,1
3907.0593,1
2792.5488,1
4491.6157,1
4320.7515,1
4239.6523,1
2931.9238,1
3906.1938,1
3825.5168,1
3781.294,1
2871.6892,1
3675.02,1
3599.6738,1
3556.1228,1
2831.9736,1
2786.814,1
3488.6826,1
3412.247,1
3367.7688,1
2801.1008,1
3341.5427,1
3264.0166,1
3218.871,1
2777.387,1
3231.7173,1
3153.4082,1
3107.8508,1
2759.3396,1
2793.5525,1
3153.5916,1
3074.709,1
3028.933,1
2745.5693,1
3122.842,1
2914.3774,1
2820.7307,1
10109.16,1
11236.391,1
11458.749,1
6361.745,1
6056.1816,1
5869.2905,1
3784.9688,1
4477.2275,1
4305.7993,1
4224.4346,1
2880.6199,1
2790.3164,1
3892.2449,1
3812.0994,1
3768.0903,1
2829.252,1
3663.9116,1
3588.554,1
3545.1064,1
2801.5942,1
3479.544,1
3403.1494,1
3358.8176,1
2780.1663,1
2788.606,1
3334.1846,1
3256.7786,1
2900.9119,1
6266.9683,1
3178.743,1
3129.525,1
2786.7422,1
4833.443,1
3093.099,1
3044.9165,1
2761.2349,1
4577.5054,1
2925.88,1
2829.5874,1
12489.4795,1
11256.083,1
11478.797,1
8704.782,1
6070.344,1
5882.809,1
3797.3125,1
2794.6362,1
6064.5527,1
4315.4653,1
4233.5005,1
2885.3323,1
4959.3687,1
3819.709,1
3775.0034,1
2823.2844,1
4354.2954,1
3595.4392,1
3551.2283,1
2805.4165,1
2791.1628,1
3484.988,1
3832.6482,1
3363.0742,1
2770.2258,1
3597.3916,1
3260.953,1
3215.2666,1
3222.1335,1
3031.6077,1
2999.2507,1
4041.9465,1
2790.657,1
3154.5754,1
2991.9932,1
2950.304,1
3484.3616,1
3072.0398,1
2877.319,1
2880.7495,1
10078.979,1
11379.959,1
11424.631,1
6515.457,1
6020.857,1
5833.2515,1
4781.669,1
4580.698,1
4272.857,1
4191.53,1
3388.022,1
2525.5051,1
7328.8345,1
6503.4307,1
5712.3594,1
4534.8945,1
2793.6782,1
3856.6924,1
3668.8508,1
3610.8289,1
3616.3374,1
3567.5232,1
3446.8372,1
3401.2742,1
3273.8005,1
3395.644,1
3291.4092,1
3245.5916,1
3082.895,1
2794.9258,1
3269.344,1
3175.0103,1
3128.9163,1
2943.0496,1
3181.2668,1
3092.1548,1
3045.7,1
2864.8718,1
3141.5762,1
2921.1787,1
2825.2402,1
10136.188,1
11244.522,1
11468.132,1
6391.1733,1
6064.0723,1
5877.532,1
3889.4836,1
2792.4495,1
4499.789,1
4312.7095,1
4231.2866,1
2954.5842,1
3909.1194,1
3817.7585,1
3773.6946,1
2877.4316,1
3676.361,1
3593.5286,1
3550.0457,1
2832.9927,1
2790.501,1
3488.374,1
3407.0376,1
3362.614,1
2800.0605,1
3340.3755,1
3259.8174,1
3214.742,1
2775.7026,1
3230.2673,1
3150.239,1
3104.7827,1
2758.3123,1
2788.089,1
3152.0667,1
3072.1875,1
3026.4731,1
2744.197,1
3119.636,1
2910.247,1
2817.2903,1
10119.054,1
11243.013,1
11463.094,1
6369.556,1
6061.3594,1
5873.6924,1
3726.9453,1
4479.7046,1
4305.669,1
4223.9995,1
2879.3145,1
3891.569,1
3812.4534,1
3767.2146,1
2828.1013,1
2792.4958,1
3663.2222,1
3588.683,1
3544.4514,1
2800.9077,1
3479.5002,1
3402.5513,1
3358.279,1
2779.615,1
3334.1038,1
3256.2205,1
3211.2747,1
2762.6975,1
566786.5,1
3633.6594,1
12234.028,1
4.6845996e+07,1
2790.657,1
3316.051,1
3202.8782,1
3143.44,1
11638.655,1
3143.7017,1
3070.8381,1
3032.2673,1
4340.4355,1
3078.902,1
2857.866,1
2756.388,1
10053.748,1
11187.762,1
11419.297,1
6329.412,1
6029.8066,1
5848.4473,1
4513.126,1
4453.245,1
4286.5347,1
4210.6597,1
2792.2837,1
3552.9563,1
3285.9849,1
3075.3794,1
3011.2358,1
2715.6147,1
5183.1904,1
5332.5444,1
5290.503,1
3681.433,1
4220.614,1
4043.2034,1
3970.6362,1
3423.9585,1
3828.05,1
3753.8977,1
3713.2964,1
3232.722,1
2789.8132,1
3641.1316,1
3568.4924,1
3525.9932,1
3108.42,1
3480.6733,1
3405.1619,1
3360.4304,1
3004.8342,1
3348.8362,1
3271.2273,1
3225.14,1
2923.2678,1
2791.624,1
3252.7317,1
3025.3047,1
2916.6108,1
10168.365,1
11299.143,1
11524.959,1
6390.085,1
6086.9067,1
5901.712,1
3893.6655,1
4522.242,1
4351.9404,1
4271.859,1
2968.524,1
3946.343,1
3867.015,1
3823.6777,1
2874.5596,1
2791.9697,1
3721.4692,1
3645.0889,1
3601.4746,1
2851.2212,1
3529.351,1
3453.1384,1
3408.784,1
2787.603,1
3381.24,1
3300.2996,1
3254.1655,1
2789.7148,1
2789.4714,1
3258.7156,1
3180.2063,1
3134.5044,1
2760.7244,1
3174.4014,1
3094.9512,1
3048.9028,1
2753.8606,1
3136.8345,1
2926.805,1
2831.6138,1
10116.07,1
11243.142,1
11467.163,1
6365.174,1
6059.1895,1
5872.797,1
3800.207,1
4481.515,1
4310.115,1
4228.79,1
2884.2744,1
2791.8096,1
3897.6145,1
3817.4128,1
3773.0923,1
2831.5972,1
3669.5864,1
3594.3428,1
3550.8298,1
2803.8538,1
3484.6243,1
3408.282,1
3363.9077,1
2782.298,1
2791.6914,1
3338.2605,1
3260.772,1
3215.7546,1
2764.5676,1
3228.9922,1
3150.7505,1
3105.3647,1
2734.423,1
3153.4282,1
3073.4104,1
3027.3867,1
2739.8293,1
2789.2222,1
3120.685,1
2912.7563,1
2819.7183,1
10113.719,1
11238.974,1
11460.247,1
6361.8115,1
6055.4863,1
5868.348,1
3784.3699,1
4476.1216,1
4304.4185,1
4223.0234,1
2875.3125,1
3891.531,1
3811.2522,1
3767.2192,1
2817.0486,1
3664.2559,1
3588.3164,1
3544.7146,1
2790.693,1
2798.886,1
3479.1477,1
3402.6733,1
3358.3296,1
2767.7124,1
3335.026,1
3256.783,1
3211.5908,1
2761.8625,1
3225.6404,1
3147.3428,1
3101.941,1
2740.001,1
2795.9153,1
3149.7605,1
3070.3945,1
3024.57,1
2738.5283,1
3118.6724,1
2910.9954,1
2818.154,1
10108.314,1
11234.887,1
11458.734,1
6361.0625,1
6054.8506,1
5868.1157,1
3785.712,1
4475.08,1
4303.0923,1
4221.8657,1
2874.4426,1
2790.0046,1
3890.7302,1
3810.2556,1
3766.2603,1
2823.9658,1
3662.663,1
3587.2097,1
3543.8005,1
2798.4255,1
3478.3254,1
3401.827,1
3357.5278,1
2777.9736,1
2791.4084,1
3333.0632,1
3255.5425,1
3210.5913,1
2761.1538,1
3224.9841,1
3146.6934,1
3101.3188,1
2748.5596,1
3148.2434,1
3069.5225,1
3023.9172,1
2738.2732,1
3120.7034,1
2913.165,1
2820.0679,1
10108.025,1
11233.155,1
11454.905,1
6360.0825,1
6054.0327,1
5867.177,1
3784.5217,1
2791.2578,1
4475.417,1
4303.8438,1
4222.0156,1
2874.4438,1
3890.681,1
3810.4487,1
3766.31,1
2813.5393,1
3663.7996,1
3587.6138,1
3543.8638,1
2798.1392,1
2785.974,1
3478.4602,1
3401.952,1
3357.5896,1
2767.4392,1
3334.4038,1
3256.1375,1
3210.9973,1
2761.3723,1
3225.1997,1
3146.9138,1
3101.5078,1
2739.764,1
2791.0964,1
3149.418,1
3070.1052,1
3024.3098,1
2738.5425,1
3150.5928,1
2942.989,1
2850.114,1
10148.853,1
11271.887,1
11489.352,1
6360.812,1
6054.5454,1
5867.598,1
3777.089,1
4475.84,1
4303.8213,1
4222.499,1
2874.085,1
2793.384,1
3890.9512,1
3810.2075,1
3766.1826,1
2816.4775,1
3663.5989,1
3587.3818,1
3543.8071,1
2798.2095,1
3478.6802,1
3402.0864,1
3357.7766,1
2768.4077,1
3334.4197,1
3256.1685,1
3211.011,1
2788.6619,1
2761.5186,1
3225.224,1
3146.9424,1
3101.553,1
2740.2695,1
3149.3533,1
3070.0288,1
3024.2358,1
3133.9937,1
2904.9907,1
2802.0366,1
10099.375,1
11194.244,1
11387.496,1
6268.066,1
5951.0674,1
5759.6543,1
3960.5823,1
2791.4014,1
4397.662,1
4235.659,1
4158.366,1
2879.8198,1
3844.1375,1
3763.1528,1
3719.1553,1
2827.145,1
3622.9585,1
3547.8123,1
3504.926,1
2779.2068,1
2796.0186,1
3447.323,1
3370.4304,1
3326.5447,1
2766.626,1
3307.2239,1
3230.145,1
3185.828,1
2740.8357,1
3205.4355,1
3127.0618,1
3082.128,1
2737.4985,1
2789.0684,1
3132.2893,1
3053.9045,1
3008.7852,1
2719.3599,1
3108.1128,1
2903.5996,1
2813.2012,1
10100.945,1
11229.21,1
11451.029,1
6346.243,1
6040.861,1
5854.5825,1
3837.581,1
4466.1567,1
4294.898,1
4213.791,1
2880.8264,1
3884.2153,1
3803.8936,1
3759.8809,1
2826.2932,1
2790.868,1
3657.4639,1
3582.1965,1
2928.7769,1
7406.455,1
3428.0088,1
3380.2861,1
2804.5347,1
5543.1016,1
3275.0447,1
3227.777,1
2781.5557,1
2793.4746,1
4444.058,1
3161.3625,1
3114.2998,1
2763.4165,1
3842.8071,1
3080.5461,1
3033.5715,1
2749.5552,1
3741.1377,1
2920.0952,1
2825.456,1
11190.791,1
11243.666,1
11467.02,1
7467.587,1
6061.687,1
5874.1196,1
3776.4578,1
2786.9731,1
5254.33,1
4309.071,1
4227.23,1
2880.6052,1
4427.597,1
3814.5264,1
3770.1172,1
2829.2485,1
4015.6904,1
3590.5352,1
3546.7805,1
2801.9788,1
2790.6062,1
3702.0693,1
3404.6387,1
3360.054,1
2780.9993,1
3470.7908,1
3257.7617,1
3212.5762,1
2763.7964,1
3307.9888,1
3148.37,1
3102.8035,1
2750.291,1
3197.635,1
3070.7532,1
3024.9805,1
2794.1475,1
2739.6199,1
3165.7332,1
2911.7832,1
2818.7815,1
10207.416,1
11235.742,1
11459.463,1
6466.256,1
6055.62,1
5867.5947,1
3789.8887,1
4551.2393,1
4303.3403,1
4221.8516,1
2874.663,1
3944.903,1
3810.3835,1
3766.2107,1
2824.9053,1
2790.882,1
3699.085,1
3587.2917,1
3543.7883,1
2798.6858,1
3501.9246,1
3402.0264,1
3357.6365,1
2778.2546,1
3347.802,1
3255.7073,1
3210.693,1
2761.662,1
2792.1375,1
3233.9377,1
3146.8315,1
3101.4236,1
2748.8025,1
3153.6255,1
3069.591,1
3023.9453,1
2738.3076,1
3123.5676,1
2910.7124,1
2817.826,1
10125.373,1
11238.845,1
11459.145,1
6373.038,1
6055.049,1
5868.431,1
3775.6404,1
4484.069,1
4303.574,1
4222.2437,1
2873.7202,1
2790.3293,1
3896.5908,1
3809.9277,1
3765.8904,1
2806.9934,1
3668.7444,1
3587.7502,1
3543.9517,1
2798.027,1
566152.9,1
3018.0654,1
3727.19,1
3544.0093,1
3458.6687,1
2793.1528,1
3225.8914,1
3188.678,1
3157.69,1
3828.7544,1
3176.9863,1
3107.4468,1
3065.814,1
3303.3984,1
3116.329,1
3040.1255,1
2997.509,1
3044.2869,1
2790.1855,1
3088.9937,1
2881.5068,1
2790.384,1
10084.229,1
11210.897,1
11436.237,1
6644.058,1
6167.407,1
5879.352,1
7481.0093,1
7283.785,1
7090.188,1
4210.657,1
5283.0845,1
5035.7456,1
4911.1475,1
3232.8677,1
4339.5527,1
4254.737,1
4211.1885,1
3047.1377,1
2791.011,1
4060.169,1
3986.883,1
3944.5923,1
2955.2275,1
3814.1147,1
3738.6082,1
3694.9468,1
2891.8691,1
3598.8503,1
3521.6873,1
3476.0808,1
2845.2185,1
3424.5425,1
3346.109,1
3299.752,1
2790.9639,1
2810.6748,1
3292.3242,1
3213.168,1
3166.4807,1
2784.7805,1
3225.6196,1
3009.402,1
2909.3823,1
10196.576,1
11328.607,1
11545.294,1
6424.5815,1
6117.8633,1
5931.109,1
3823.219,1
4537.634,1
4366.2637,1
4285.118,1
2902.433,1
2791.2004,1
3948.8818,1
3868.6458,1
3824.662,1
2845.6296,1
3713.0044,1
3637.6138,1
3594.0994,1
2814.0334,1
3519.3435,1
3442.8452,1
3398.3894,1
2790.5537,1
2787.568,1
3364.448,1
3286.8447,1
3241.6758,1
2770.5776,1
3248.032,1
3169.7808,1
3124.2305,1
2755.6172,1
3164.6416,1
3085.7886,1
3039.9775,1
2732.6724,1
3130.0505,1
2921.9282,1
2828.5522,1
10121.452,1
11247.51,1
11470.061,1
6368.9814,1
6063.2793,1
5876.247,1
2797.9185,1
4312.764,1
4191.298,1
4132.3955,1
2997.1077,1
3835.533,1
3758.8677,1
3716.662,1
2846.622,1
3622.8022,1
3547.0464,1
3504.2588,1
2806.13,1
2786.2747,1
3445.1282,1
3369.0923,1
3325.6067,1
2766.4915,1
3307.1943,1
3229.726,1
3185.456,1
2755.7688,1
3203.4077,1
3125.6826,1
3081.0454,1
2726.0364,1
2794.9563,1
2115.8762,1
6543.9375,1
5801.1904,1
5002.4316,1
3783.834,1
3109.286,1
2919.0427,1
2830.127,1
10115.665,1
11260.023,1
11500.686,1
6422.348,1
6126.0854,1
5943.8516,1
4367.689,1
4240.1826,1
4176.9526,1
3894.7236,1
2788.2002,1
3870.416,1
3793.0022,1
3749.9841,1
3370.8345,1
3649.5122,1
3574.2803,1
3531.0896,1
3105.5793,1
3467.8943,1
3391.5137,1
3347.4294,1
2952.0894,1
2793.559,1
3324.7112,1
3247.3699,1
3202.6536,1
2859.6433,1
3218.288,1
3140.2122,1
3095.0586,1
2803.3584,1
3142.9802,1
3064.3403,1
3018.9004,1
2759.3862,1
3113.962,1
2907.6782,1
2815.9277,1
10106.534,1
11233.174,1
11457.166,1
6359.479,1
6053.469,1
5866.2207,1
3880.5764,1
2785.8765,1
4472.281,1
4300.414,1
4219.753,1
2903.1091,1
3889.4136,1
3808.2324,1
3764.2603,1
2846.228,1
3660.8616,1
3585.391,1
3542.0615,1
2802.636,1
2793.014,1
3477.9731,1
3400.9185,1
3356.516,1
2785.2334,1
3332.1985,1
3254.7097,1
3209.8027,1
2755.2449,1
3225.475,1
3146.4807,1
3100.9287,1
2750.683,1
2790.9514,1
3147.8228,1
3069.0947,1
3023.5027,1
2728.7598,1
3117.847,1
2910.931,1
2818.4321,1
10111.353,1
11236.5,1
11457.761,1
6358.1104,1
6052.4985,1
5866.081,1
3827.358,1
4473.9644,1
4302.759,1
4221.53,1
2862.1816,1
3892.4414,1
3810.8862,1
3766.5317,1
2827.1138,1
2796.5923,1
3662.6865,1
3587.3313,1
3543.9043,1
2784.6511,1
3480.3582,1
3402.737,1
3358.091,1
2778.8828,1
4313.9546,1
7954.7554,1
9.85969e+16,1
3513.9343,1
3368.6292,1
3296.0437,1
2788.6309,1
3108.7273,1
3075.0244,1
3045.5583,1
9755.932,1
3094.7773,1
3025.671,1
2986.353,1
4928.3564,1
3071.2654,1
6314.039,1
10578.716,1
3452.3352,1
3977.0461,1
5272.928,1
5319.087,1
2789.044,1
3137.509,1
3380.9587,1
4047.1658,1
3878.9802,1
3062.6096,1
3693.407,1
3184.1663,1
3356.1848,1
3041.3599,1
3141.791,1
3453.282,1
3161.203,1
2791.9924,1
3026.4062,1
3073.4707,1
3285.1763,1
2982.4746,1
3016.5225,1
3021.8435,1
3153.5203,1
2871.8215,1
3009.77,1
2985.0522,1
3056.6821,1
2804.5955,1
2788.8794,1
3005.1174,1
2960.0496,1
2989.2373,1
2747.07,1
2993.1401,1
2818.7734,1
2803.3843,1
9985.161,1
11148.577,1
11443.439,1
6282.817,1
5992.362,1
5851.235,1
3872.7014,1
4392.211,1
4242.501,1
4206.4297,1
2876.2732,1
3814.5972,1
3756.5308,1
3754.228,1
2840.6748,1
2792.2397,1
3591.7903,1
3540.1804,1
3533.269,1
2794.543,1
3421.993,1
3364.9858,1
3349.4382,1
2780.9673,1
3289.6016,1
3227.7842,1
3204.303,1
2753.423,1
2789.8865,1
3194.6514,1
3127.1047,1
3096.5652,1
2735.9329,1
3128.195,1
3056.2087,1
3020.3318,1
2737.0671,1
3103.1047,1
2900.5945,1
2817.1445,1
10097.826,1
11226.595,1
11455.932,1
6352.0693,1
6047.3384,1
5866.1094,1
3821.509,1
4465.0327,1
4295.494,1
4219.7354,1
2861.0554,1
3883.1165,1
3804.173,1
3764.9355,1
2825.5364,1
3656.9192,1
3578.8442,1
3542.497,1
2799.0125,1
3471.4998,1
3397.416,1
3356.6404,1
2777.9392,1
6003.125,1
73526.47,1
5181.5864,1
3746.6377,1
3524.8796,1
3429.6558,1
3843.0408,1
3363.3145,1
3278.3945,1
3231.241,1
3432.9636,1
3251.7551,1
3172.7546,1
3126.3538,1
3226.2678,1
87167.99,1
3175.8015,1
2952.6138,1
2847.2305,1
10145.779,1
11277.365,1
11504.43,1
6407.9683,1
6105.366,1
5919.0786,1
4172.698,1
4516.511,1
4346.53,1
4265.9053,1
3148.1245,1
3926.7644,1
3847.404,1
3803.9133,1
3025.1746,1
22416.725,1
3693.3596,1
3618.5398,1
3575.434,1
2940.004,1
3504.2236,1
3428.117,1
3383.9019,1
2875.1948,1
3354.2603,1
3276.8098,1
3231.6826,1
2826.627,1
6573.978,1
3241.9753,1
3163.651,1
3118.0376,1
2791.7493,1
3161.733,1
3082.866,1
3036.9827,1
2767.8093,1
3127.5066,1
2917.702,1
2823.0825,1
10114.014,1
11241.238,1
11463.884,1
6365.9424,1
6060.438,1
5873.777,1
3808.6233,1
4480.7026,1
4309.2964,1
4227.9824,1
2896.0066,1
3486.735,1
3895.2146,1
3815.0762,1
3771.1414,1
2839.668,1
3666.2878,1
3590.9973,1
3547.6025,1
2808.797,1
3481.471,1
3405.098,1
3360.7908,1
2785.071,1
2916.8645,1
3335.6807,1
3258.2522,1
3213.2754,1
2766.3994,1
3227.0361,1
3148.818,1
3103.4094,1
2751.8105,1
3149.8909,1
3071.1165,1
3025.4456,1
2740.326,1
2813.1057,1
3119.2686,1
2911.3928,1
2818.4,1
10109.014,1
11235.656,1
11459.631,1
6365.884,1
6059.4634,1
5871.7954,1
3773.8945,1
4476.693,1
4304.2866,1
4222.8657,1
2876.251,1
566146.0,1
2734.8203,1
4199.327,1
3999.4756,1
3896.4812,1
2889.1604,1
3701.2742,1
3619.1497,1
3576.1753,1
2798.9956,1
2878.5278,1
3498.8765,1
3425.6074,1
3383.9636,1
2841.4663,1
3350.848,1
3276.1934,1
3233.2422,1
2809.908,1
2786.7354,1
2631.5916,1
2603.4058,1
2261.7612,1
5745.241,1
5630.903,1
5511.293,1
3653.6667,1
2791.5278,1
4044.8994,1
3840.2046,1
3752.612,1
3231.834,1
3499.7637,1
3246.82,1
3115.9246,1
10286.807,1
11431.172,1
11668.571,1
6486.612,1
6190.9106,1
6011.5615,1
4025.5056,1
4653.283,1
4486.879,1
4409.376,1
3092.3193,1
2790.9717,1
4088.1125,1
4012.0886,1
3970.604,1
3006.6182,1
3857.827,1
3784.912,1
3742.4424,1
2943.1223,1
3652.8616,1
3577.5476,1
3533.1443,1
2889.8887,1
2791.6135,1
3477.4097,1
3400.2087,1
3354.6572,1
2846.2764,1
3337.6934,1
3259.2378,1
3212.8423,1
2811.2148,1
3232.8962,1
3153.6316,1
3106.9587,1
2784.7627,1
3177.568,1
2962.0352,1
2863.0273,1
10145.988,1
11274.113,1
11498.19,1
6382.87,1
6077.621,1
5891.1646,1
3819.2622,1
2792.1753,1
4500.8857,1
4329.953,1
4248.3335,1
2900.5432,1
3917.5737,1
3837.5273,1
3793.3472,1
2844.7742,1
3687.7822,1
3612.5122,1
3568.9504,1
2813.995,1
2787.0344,1
3500.1294,1
3423.6636,1
3379.2778,1
2789.4067,1
3350.7202,1
3273.1543,1
3228.002,1
2770.4941,1
3238.4778,1
3160.1895,1
3114.6667,1
2755.3782,1
2790.1804,1
3158.2793,1
3079.4714,1
3033.6697,1
2743.664,1
3127.4456,1
2918.9785,1
2825.194,1
10110.095,1
11236.539,1
11460.339,1
6360.2393,1
6054.6436,1
5868.189,1
3782.0415,1
4478.235,1
4306.7896,1
4224.9263,1
2877.3037,1
2793.5942,1
3893.7817,1
3813.539,1
3769.3198,1
2826.5176,1
3665.4802,1
3590.1362,1
3546.64,1
2800.111,1
3480.8872,1
3404.4753,1
3360.1309,1
2779.2937,1
3335.194,1
3257.7617,1
3212.7842,1
2796.5862,1
2762.597,1
3226.5771,1
3148.349,1
3102.9553,1
2749.113,1
3149.466,1
3070.6904,1
3025.0315,1
2730.5278,1
3119.951,1
2912.7058,1
2819.9526,1
10105.861,1
11232.403,1
11456.223,1
6360.747,1
6054.482,1
5867.4443,1
3821.8174,1
2790.053,1
4474.7603,1
4303.447,1
4222.219,1
2866.528,1
3891.7622,1
3810.7786,1
3766.5793,1
2825.2449,1
3662.8694,1
3587.5283,1
3544.1072,1
2783.9138,1
2790.6294,1
3480.526,1
3402.8613,1
3358.2302,1
2778.2332,1
3333.5776,1
3256.0005,1
3211.0073,1
2753.995,1
3226.212,1
3147.4446,1
3101.9072,1
2749.0796,1
2792.4524,1
3148.6162,1
3069.8704,1
3024.233,1
2738.5762,1
3115.5703,1
2907.802,1
2815.321,1
10113.966,1
11240.76,1
11464.563,1
6374.083,1
6066.1255,1
5877.9194,1
3770.6301,1
4476.9126,1
4305.011,1
4222.8965,1
2873.998,1
3890.89,1
3810.543,1
3766.3013,1
2824.2302,1
2787.0476,1
3662.6765,1
3587.3184,1
3543.8313,1
2798.2834,1
3478.443,1
3402.0007,1
3357.6643,1
2777.654,1
3333.2168,1
3255.7139,1
3210.736,1
2761.3044,1
2793.2048,1
3225.0815,1
3146.837,1
3101.4438,1
2748.4595,1
3148.3384,1
3069.64,1
3024.0166,1
2738.38,1
3116.0017,1
2908.266,1
2815.7554,1
10113.169,1
11240.0205,1
11463.862,1
6362.5483,1
6056.1675,1
5869.0244,1
3786.408,1
2788.8774,1
4474.212,1
4303.266,1
4221.871,1
2874.0405,1
3889.9336,1
3809.8406,1
3765.8105,1
2824.0845,1
3662.171,1
3586.9258,1
3543.509,1
2798.2773,1
3478.088,1
3401.7107,1
3357.3967,1
2792.1453,1
2777.8938,1
3332.8977,1
3255.4426,1
3210.4731,1
2761.4797,1
3224.819,1
3146.608,1
3101.2166,1
2748.5432,1
3148.1482,1
3069.4119,1
3023.7717,1
2796.512,1
2726.9995,1
3116.6555,1
2909.584,1
2817.1533,1
10113.575,1
11238.794,1
11459.699,1
6360.1143,1
6054.561,1
5867.6265,1
3774.389,1
4475.4224,1
4303.7134,1
4222.3047,1
2873.5945,1
3890.4304,1
3810.0178,1
3765.899,1
2815.7502,1
2790.6077,1
3663.222,1
3587.21,1
3543.6558,1
2798.3765,1
3478.2744,1
3401.8472,1
3357.5068,1
2762.4368,1
3335.0796,1
3256.402,1
3211.0862,1
2761.4744,1
2785.2515,1
3225.2014,1
3146.8894,1
3101.468,1
2738.126,1
3149.6196,1
3070.225,1
3024.4106,1
2739.3477,1
3117.5015,1
2910.3894,1
2817.4634,1
10111.269,1
11238.181,1
11460.854,1
6362.001,1
6055.8784,1
5868.9033,1
3817.3638,1
4473.4927,1
4303.3022,1
4222.2446,1
2875.7935,1
2791.0798,1
3889.9312,1
3809.9365,1
3765.9944,1
2824.5847,1
3662.1797,1
3587.007,1
3543.6543,1
2798.5105,1
3478.1577,1
3401.8552,1
3357.5842,1
2777.9978,1
2791.106,1
3333.008,1
3255.6494,1
3210.6836,1
2761.5796,1
3224.892,1
3146.6956,1
3101.325,1
2748.549,1
3148.1914,1
3069.4702,1
3023.837,1
2738.3357,1
2792.0388,1
3118.7585,1
2911.172,1
2818.3262,1
10107.754,1
11234.138,1
11457.844,1
6360.822,1
6054.5713,1
5867.181,1
3819.4187,1
4473.388,1
4302.292,1
4221.116,1
2874.9775,1
3890.038,1
3809.7517,1
3765.7185,1
2824.672,1
2788.4138,1
3662.272,1
3586.9526,1
3543.5405,1
2798.5515,1
3478.1616,1
3401.735,1
3357.4329,1
2778.0413,1
3332.9563,1
3255.4714,1
3210.5151,1
2761.579,1
3224.8577,1
3146.617,1
3101.2454,1
2793.1423,1
2748.5383,1
3148.1685,1
3069.48,1
3023.8767,1
2726.1704,1
3115.682,1
2908.6606,1
2816.3938,1
10111.318,1
11239.001,1
11462.002,1
6360.732,1
6055.047,1
5868.136,1
3821.8628,1
4474.096,1
4302.8423,1
4221.5864,1
2866.7612,1
2796.08,1
3891.2363,1
3810.3296,1
3766.147,1
2824.5125,1
3662.2976,1
3586.8467,1
3543.3967,1
2790.3235,1
3479.0408,1
3401.9993,1
3357.5264,1
2778.1592,1
2788.3965,1
3333.0417,1
3255.5105,1
3210.552,1
2748.8342,1
3226.5237,1
3147.3203,1
3101.6921,1
2748.553,1
3148.4465,1
3069.6924,1
3024.0522,1
2738.572,1
3117.8867,1
2910.2065,1
2817.4607,1
10109.59,1
11236.26,1
11460.206,1
6362.372,1
6056.2256,1
5868.9053,1
3782.9102,1
2791.2222,1
4475.163,1
4302.962,1
4222.114,1
2874.214,1
3890.5618,1
3810.076,1
3766.277,1
2824.5046,1
3662.395,1
3586.9592,1
3543.6194,1
2798.3523,1
2790.238,1
3478.2168,1
3401.7231,1
3357.4385,1
2777.8687,1
3333.086,1
3255.6465,1
3210.7183,1
2762.5295,1
3224.8784,1
3146.6785,1
3101.3293,1
2748.4727,1
2792.1968,1
3148.2507,1
3069.4814,1
3023.8625,1
2738.257,1
566511.6,1
3625.7498,1
2981.4348,1
2866.5303,1
2796.7893,1
10023.645,1
11154.868,1
11407.944,1
6347.6133,1
6070.909,1
5904.3145,1
3311.3555,1
4533.568,1
4347.602,1
4258.918,1
3067.908,1
2790.087,1
3906.0786,1
3827.7468,1
3786.0364,1
2971.8784,1
3675.6995,1
3603.2642,1
3562.0405,1
2906.586,1
5223.1533,1
7884.6196,1
9.859762e+16,1
3651.3506,1
3511.8394,1
3443.8398,1
5297.7227,1
5351.0967,1
5333.811,1
7481.479,1
2789.9702,1
4324.658,1
4086.8398,1
3984.4128,1
4403.179,1
3746.8967,1
3668.9343,1
3627.373,1
3630.584,1
3551.25,1
3478.3413,1
3436.0442,1
3508.3555,1
3376.0525,1
3135.939,1
3018.0713,1
10261.754,1
11397.845,1
11627.256,1
6461.8086,1
6162.6304,1
5980.8843,1
3923.8396,1
2791.9229,1
4604.568,1
4435.003,1
4355.8276,1
3230.5566,1
4022.3235,1
3945.36,1
3903.645,1
3031.689,1
3788.892,1
3715.117,1
3672.855,1
2979.099,1
6103.3657,1
2795.6853,1
3776.4155,1
3629.7456,1
3563.894,1
3386.7427,1
3486.8994,1
3406.3416,1
3360.1619,1
3171.0159,1
3341.6533,1
3263.6924,1
3217.6208,1
3022.35,1
2791.4355,1
3239.5886,1
3159.666,1
3112.7878,1
2939.8518,1
3180.0803,1
2961.1099,1
2858.651,1
10166.667,1
11287.163,1
11496.504,1
6389.365,1
6085.8027,1
5899.0884,1
3917.245,1
4508.505,1
4337.9873,1
4256.8555,1
2973.8801,1
3922.789,1
3842.402,1
3798.2637,1
2902.763,1
2789.188,1
3690.441,1
3615.371,1
3571.979,1
2853.8613,1
3501.7996,1
3425.513,1
3380.9739,1
2815.983,1
3352.0017,1
3274.5786,1
3229.396,1
2787.2756,1
2789.0884,1
3239.6753,1
3161.3767,1
3115.7546,1
2756.1387,1
3160.5466,1
3081.0737,1
3035.049,1
2750.2837,1
3128.2197,1
2919.2666,1
2825.016,1
10109.357,1
11235.955,1
11459.984,1
6364.615,1
6058.5483,1
5872.106,1
3789.1003,1
2789.0847,1
4479.8438,1
4307.6396,1
4226.793,1
2883.6233,1
3894.5042,1
3813.9775,1
3770.152,1
2820.133,1
2169.0474,1
7048.1616,1
6312.344,1
5518.4873,1
3726.7986,1
2792.431,1
3635.1567,1
3510.6128,1
3451.3823,1
3112.4592,1
3402.4463,1
3322.065,1
3275.468,1
2963.1133,1
3279.1458,1
3199.5647,1
3152.8994,1
2897.4153,1
2792.479,1
3190.464,1
3110.9858,1
3064.2693,1
2841.4622,1
3145.8352,1
2931.3682,1
2832.6155,1
10120.637,1
11248.491,1
11473.527,1
6378.325,1
6073.156,1
5886.3345,1
3861.562,1
4491.8804,1
4320.1445,1
4239.5703,1
2934.8657,1
3905.1387,1
3824.7737,1
3780.9712,1
2868.6323,1
2791.419,1
3674.867,1
3599.4744,1
3556.0376,1
2829.669,1
3488.5413,1
3412.0078,1
3367.579,1
2799.4927,1
3341.3904,1
3263.7717,1
3218.653,1
2776.3909,1
2793.4814,1
3231.5862,1
3153.231,1
3107.7014,1
2749.682,1
3154.5261,1
3075.0479,1
3029.1113,1
2745.1174,1
3122.3818,1
2913.9783,1
2820.3914,1
10109.442,1
11236.699,1
11459.798,1
6362.8374,1
6056.9204,1
5869.424,1
3783.697,1
4477.4634,1
4305.174,1
2787.686,1
2992.8914,1
3926.69,1
7832.754,1
3792.4924,1
2850.825,1
2182.9607,1
7067.3657,1
8672.004,1
5527.665,1
3469.7935,1
4764.821,1
3366.7834,1
2797.5044,1
2790.6123,1
3345.115,1
4056.221,1
3220.7021,1
2776.5464,1
3689.7334,1
3155.493,1
3109.0388,1
2759.502,1
3155.7207,1
3076.1938,1
2886.401,1
2794.4434,1
2971.2996,1
3586.1062,1
2737.3943,1
10072.0,1
48712.785,1
11487.607,1
6401.537,1
15533.798,1
5907.569,1
3810.6711,1
4142.885,1
4033.3203,1
6898.9795,1
5.1737892e+07,1
2.1714948e+06,1
1.0320133e+06,1
3.5219082e+06,1
483401.78,1
371960.12,1
147141.73,1
1.00697625e+06,1
110428.125,1
103268.05,1
2789.3965,1
91112.54,1
82534.16,1
598957.1,1
70067.84,1
1.3586956e+30,1
9.955654e+29,1
9.955654e+29,1
9.955654e+29,1
1.1903478e+30,1
7.191646e+29,1
7.191583e+29,1
7.191519e+29,1
7.522227e+29,1
4.963858e+29,1
4.9638056e+29,1
4.9637667e+29,1
4.622697e+29,1
3.3138485e+29,1
3.3138274e+29,1
3.3137847e+29,1
2.7956156e+29,1
2.1480683e+29,1
2.1480602e+29,1
2.1480341e+29,1
1.6690772e+29,1
1.4605272e+29,1
1.4605057e+29,1
1.4605201e+29,1
1.0707821e+29,1
9.932203e+28,1
9.932087e+28,1
9.932144e+28,1
6.9535354e+28,1
4.3218564e+28,1
1.0234412e+17,1
6.331104e+28,1
6.331104e+28,1
6.331056e+28,1
2.9022293e+28,1
4.6950693e+33,1
4.0008163e+28,1
4.0007794e+28,1
4.0007794e+28,1
1.9148246e+28,1
1.0234412e+17,1
1.3233202e+28,1
2.475137e+28,1
2.475137e+28,1
2.475137e+28,1
9.090647e+27,1
1.5049777e+28,1
1.5049777e+28,1
1.5049777e+28,1
6.043165e+27,1
9.0239105e+27,1
9.0239105e+27,1
9.023733e+27,1
3.9014273e+27,1
5.350931e+27,1
5.350931e+27,1
5.350917e+27,1
2.4570274e+27,1
1.0234416e+17,1
3.145416e+27,1
3.1454054e+27,1
3.145416e+27,1
1.5165417e+27,1
1.8364416e+27,1
1.8364416e+27,1
1.8364336e+27,1
9.203388e+26,1
1.12567965e+27,1
1.12567965e+27,1
1.12567965e+27,1
7.593425e+26,1
7.593425e+26,1
7.593425e+26,1
5.4656957e+26,1
5.4656526e+26,1
5.4656957e+26,1
4.09847e+26,1
4.0984327e+26,1
4.0984327e+26,1
5.7975556e+26,1
3.056087e+26,1
3.056087e+26,1
3.0560544e+26,1
2.366129e+26,1
2.366129e+26,1
2.366129e+26,1
1.877382e+26,1
1.8774076e+26,1
1.8774076e+26,1
3.717581e+26,1
1.440679e+26,1
1.4406567e+26,1
1.440679e+26,1
2.3282984e+26,1
1.0631643e+26,1
1.0631451e+26,1
1.0631451e+26,1
1.4295079e+26,1
7.5517613e+25,1
7.5518097e+25,1
7.5517936e+25,1
8.637334e+25,1
5.175007e+25,1
5.1749933e+25,1
5.17498e+25,1
5.1523186e+25,1
3.4325397e+25,1
3.4325286e+25,1
3.4325176e+25,1
3.0445795e+25,1
2.2124213e+25,1
2.2124126e+25,1
2.2124126e+25,1
1.7848674e+25,1
1.3915827e+25,1
1.3915757e+25,1
1.3915617e+25,1
1.0399319e+25,1
9.002901e+24,1
9.002901e+24,1
9.002845e+24,1
6.297454e+24,1
6.2974083e+24,1
6.297361e+24,1
4.623109e+24,1
4.623109e+24,1
4.6230685e+24,1
6.3623005e+24,1
3.2891816e+24,1
3.289215e+24,1
3.2891816e+24,1
3.834892e+24,1
2.2573615e+24,1
2.2573615e+24,1
2.2573333e+24,1
2.2834677e+24,1
1.4992405e+24,1
1.4992405e+24,1
1.4992405e+24,1
1.06618556e+24,1
1.06618556e+24,1
1.0661662e+24,1
1.3416842e+24,1
7.324586e+23,1
7.3244426e+23,1
7.3244426e+23,1
7.857031e+23,1
4.8692725e+23,1
4.8691817e+23,1
4.8691817e+23,1
4.5756594e+23,1
3.144611e+23,1
3.144548e+23,1
3.144527e+23,1
2.6522887e+23,1
1.9811187e+23,1
1.981069e+23,1
1.9810857e+23,1
1.5318832e+23,1
1.2832949e+23,1
1.2832749e+23,1
1.2832749e+23,1
8.983997e+22,1
8.983885e+22,1
8.983885e+22,1
6.599399e+22,1
6.599351e+22,1
6.5993033e+22,1
9.315299e+22,1
4.6981178e+22,1
4.6980768e+22,1
4.6979966e+22,1
5.5877575e+22,1
3.2258325e+22,1
3.2258991e+22,1
3.2258658e+22,1
3.312425e+22,1
1.9791521e+22,1
2.1435551e+22,1
2.1435279e+22,1
2.1435006e+22,1
1.2971056e+22,1
1.3837668e+22,1
1.3837448e+22,1
1.3837448e+22,1
8.27755e+21,1
8.714967e+21,1
8.714967e+21,1
8.7147935e+21,1
5.1595095e+21,1
5.376925e+21,1
5.3768425e+21,1
5.3768155e+21,1
3.1585883e+21,1
3.2620048e+21,1
3.261962e+21,1
3.261952e+21,1
1.9036044e+21,1
2.054859e+21,1
2.0548333e+21,1
1.412084e+21,1
1.412063e+21,1
2.054825e+21,1
1.412063e+21,1
1.0233749e+21,1
1.02336294e+21,1
1.02336294e+21,1
1.193796e+21,1
7.1944526e+20,1
7.194402e+20,1
7.194402e+20,1
7.336969e+20,1
4.8834776e+20,1
4.8835187e+20,1
4.8834776e+20,1
4.4388368e+20,1
3.2119127e+20,1
3.2119127e+20,1
3.2119127e+20,1
2.6508226e+20,1
2.0551964e+20,1
2.0551964e+20,1
2.0551964e+20,1
1.5668959e+20,1
1.2847941e+20,1
1.2847941e+20,1
1.2847941e+20,1
9.1878165e+19,1
7.878613e+19,1
7.878587e+19,1
7.878557e+19,1
5.354084e+19,1
4.7562648e+19,1
4.756253e+19,1
4.7562384e+19,1
3.1051253e+19,1
2.98544e+19,1
2.9854237e+19,1
2.985413e+19,1
2.0467473e+19,1
2.046736e+19,1
2.0467253e+19,1
1.4807876e+19,1
1.4808015e+19,1
1.4807941e+19,1
1.8935077e+19,1
1.0393413e+19,1
1.0393492e+19,1
1.039345e+19,1
1.1383215e+19,1
7.044415e+18,1
7.044392e+18,1
7.0443703e+18,1
6.760962e+18,1
4.627149e+18,1
4.627125e+18,1
4.627136e+18,1
3.9811452e+18,1
2.9573834e+18,1
2.957366e+18,1
2.9573405e+18,1
2.3260196e+18,1
1.8469793e+18,1
1.8469708e+18,1
1.8469577e+18,1
1.3524289e+18,1
1.13164046e+18,1
1.1316362e+18,1
1.13162994e+18,1
7.825107e+17,1
6.826826e+17,1
6.826875e+17,1
6.826856e+17,1
4.5159873e+17,1
4.2835344e+17,1
4.283559e+17,1
4.2835485e+17,1
2.9360108e+17,1
2.9360056e+17,1
2.9359946e+17,1
2.1238454e+17,1
2.1238417e+17,1
2.1238234e+17,1
2.7445624e+17,1
1.4904787e+17,1
1.4904767e+17,1
1.4904658e+17,1
1.6457354e+17,1
1.010083e+17,1
1.010081e+17,1
1.0100735e+17,1
9.759047e+16,1
6.6340825e+16,1
6.6340554e+16,1
6.6340164e+16,1
5.7368845e+16,1
4.2399664e+16,1
4.239929e+16,1
4.2399097e+16,1
3.3496448e+16,1
2.647881e+16,1
2.6479094e+16,1
2.6478911e+16,1
1.9454815e+16,1
1.622353e+16,1
1.6223371e+16,1
1.6223226e+16,1
1.125352e+16,1
9.787336e+15,1
9.787235e+15,1
9.787164e+15,1
6.4897364e+15,1
6.140265e+15,1
6.140215e+15,1
4.2082323e+15,1
4.2082036e+15,1
6.140161e+15,1
4.2081743e+15,1
3.043939e+15,1
3.04391e+15,1
3.0438914e+15,1
3.9409637e+15,1
2.1359586e+15,1
2.1359366e+15,1
2.1359259e+15,1
2.3619045e+15,1
1.4474479e+15,1
1.4474663e+15,1
1.447454e+15,1
1.4000163e+15,1
9.506077e+14,1
9.505981e+14,1
9.505949e+14,1
8.227135e+14,1
6.0748387e+14,1
6.0747736e+14,1
6.07479e+14,1
4.802123e+14,1
3.793563e+14,1
3.7935956e+14,1
3.7935715e+14,1
2.788498e+14,1
2.3241204e+14,1
2.324109e+14,1
2.3241048e+14,1
1.6127369e+14,1
1.4019889e+14,1
1.4019961e+14,1
1.4019908e+14,1
9.298684e+13,1
8.794397e+13,1
8.7943155e+13,1
8.794325e+13,1
6.0266734e+13,1
6.0266327e+13,1
6.02662e+13,1
4.358801e+13,1
4.358834e+13,1
4.358809e+13,1
5.6469534e+13,1
3.0585406e+13,1
3.0585599e+13,1
3.0585452e+13,1
3.3835666e+13,1
2.072497e+13,1
2.0724876e+13,1
2.072482e+13,1
2.005253e+13,1
1.3610006e+13,1
1.3609953e+13,1
1.3609795e+13,1
1.1775899e+13,1
8.6970865e+12,1
8.697061e+12,1
8.6969675e+12,1
6.8735614e+12,1
5.430913e+12,1
5.430972e+12,1
5.430959e+12,1
3.9914066e+12,1
3.3271697e+12,1
3.3271267e+12,1
3.3271492e+12,1
2.3084317e+12,1
2.0070252e+12,1
2.0069992e+12,1
2.0070096e+12,1
1.3310287e+12,1
1.2589182e+12,1
1.2589105e+12,1
1.2589053e+12,1
8.627229e+11,1
8.6271545e+11,1
8.627184e+11,1
6.2398785e+11,1
6.239852e+11,1
6.239805e+11,1
8.081861e+11,1
4.378509e+11,1
4.378493e+11,1
4.3784585e+11,1
4.84272e+11,1
2.9670084e+11,1
2.9669995e+11,1
2.966974e+11,1
2.870197e+11,1
1.9485252e+11,1
1.9485201e+11,1
1.9485065e+11,1
1.6855132e+11,1
1.2451847e+11,1
1.24519416e+11,1
1.2451916e+11,1
9.839074e+10,1
7.775517e+10,1
7.77547e+10,1
7.775504e+10,1
5.7133597e+10,1
4.763506e+10,1
4.763528e+10,1
4.7635223e+10,1
3.3044302e+10,1
2.873501e+10,1
2.8734634e+10,1
2.8734468e+10,1
1.905394e+10,1
1.8026537e+10,1
1.8026213e+10,1
1.8026295e+10,1
1.2356952e+10,1
1.2357135e+10,1
1.2356997e+10,1
8.93927e+09,1
8.939128e+09,1
8.939098e+09,1
1.1569995e+10,1
6.2732626e+09,1
6.27318e+09,1
6.273163e+09,1
6.9338004e+09,1
4.251351e+09,1
4.2512684e+09,1
4.2512412e+09,1
4.1074166e+09,1
2.7921964e+09,1
2.7921518e+09,1
2.7921326e+09,1
2.4139174e+09,1
1.7844343e+09,1
1.7844116e+09,1
1.7844018e+09,1
1.4083181e+09,1
1.1143674e+09,1
1.1143835e+09,1
1.1143721e+09,1
8.179303e+08,1
6.8278285e+08,1
6.827773e+08,1
6.827749e+08,1
4.728303e+08,1
4.119069e+08,1
4.118983e+08,1
4.1189552e+08,1
2.7272086e+08,1
2.5848059e+08,1
2.5847315e+08,1
2.5847442e+08,1
1.7755466e+08,1
1.7755221e+08,1
1.7755165e+08,1
1.2859274e+08,1
1.28590264e+08,1
1.28589576e+08,1
1.6576238e+08,1
9.027212e+07,1
9.027349e+07,1
9.0272136e+07,1
9.9347224e+07,1
6.1212136e+07,1
6.121108e+07,1
6.121119e+07,1
5.8859024e+07,1
139856.88,1
144070.81,1
143455.81,1
143009.66,1
1.3883875e+10,1
1.3886604e+10,1
1.3885268e+10,1
1.0255586e+10,1
6.6492575e+09,1
3.7876805e+09,1
1.0234483e+17,1
2.1195191e+09,1
4.1270026e+09,1
4.1270164e+09,1
4.1269396e+09,1
2.1454723e+09,1
2.1454898e+09,1
2.1454747e+09,1
1.1752922e+09,1
1.1699212e+09,1
1.1699145e+09,1
1.1699267e+09,1
7.133635e+08,1
6.391966e+08,1
6.3919917e+08,1
6.3919674e+08,1
4.2608653e+08,1
3.5179168e+08,1
3.5178854e+08,1
3.517895e+08,1
2.5152403e+08,1
1.02344844e+17,1
1.5032347e+34,1
1.1694391e+34,1
8.1992606e+33,1
1.1993834e+06,1
5.619365e+33,1
4.034487e+33,1
3.029817e+33,1
2.3498087e+33,1
1.8442698e+33,1
1.486974e+33,1
1.22142615e+33,1
1.02288695e+33,1
7.7971615e+32,1
6.395212e+32,1
5.376456e+32,1
4.6246894e+32,1
4.0177924e+32,1
3.5205123e+32,1
3.1309949e+32,1
2.8019216e+32,1
2.5216572e+32,1
2.2837073e+32,1
2.072659e+32,1
1.8926397e+32,1
1.2165327e+12,1
1.7273442e+32,1
1.5822933e+32,1
1.4565376e+32,1
1.34548695e+32,1
1.2452058e+32,1
1.1561615e+32,1
1.0761557e+32,1
1.0049407e+32,1
9.386399e+31,1
8.816762e+31,1
8.273459e+31,1
7.787561e+31,1
7.3230967e+31,1
6.8976597e+31,1
6.512533e+31,1
6.150524e+31,1
5.8319017e+31,1
5.528043e+31,1
5.242465e+31,1
4.978322e+31,1
4.7469792e+31,1
4.517704e+31,1
4.318844e+31,1
4.1248317e+31,1
7.240591e+11,1
3.9315423e+31,1
3.762326e+31,1
3.6005991e+31,1
3.4503732e+31,1
3.303023e+31,1
3.1665452e+31,1
3.0500512e+31,1
2.9222356e+31,1
2.8107438e+31,1
2.7041794e+31,1
2.6127827e+31,1
2.5127098e+31,1
1.02344844e+17,1
1.5032347e+34,1
1.170327e+34,1
8.214217e+33,1
2.1785134e+08,1
2.1785155e+08,1
2.1785186e+08,1
4.6475915e+33,1
3.133035e+33,1
1.4872854e+08,1
1.4872917e+08,1
1.4872886e+08,1
1.0789199e+08,1
1.0789281e+08,1
1.0789304e+08,1
2.1351587e+33,1
1.597515e+33,1
8.124017e+07,1
8.1240664e+07,1
8.124052e+07,1
1.6367669e+08,1
5.8502788e+07,1
5.8503316e+07,1
5.8503172e+07,1
1.0139127e+08,1
4.0570972e+07,1
4.0571204e+07,1
4.057101e+07,1
6.175656e+07,1
2.7198478e+07,1
2.7198584e+07,1
2.7198686e+07,1
3.7072804e+07,1
1.769399e+07,1
1.7694044e+07,1
1.7694106e+07,1
2.200273e+07,1
1.1216531e+07,1
1.1216619e+07,1
1.1216589e+07,1
1.2941834e+07,1
6.957662e+06,1
6.957721e+06,1
6.9577045e+06,1
7.556198e+06,1
4.239838e+06,1
4.239785e+06,1
4.3914735e+06,1
3.9387038e+06,1
2.7080748e+06,1
2.707962e+06,1
2.704406e+06,1
1.9392884e+06,1
1.9395622e+06,1
1.9052972e+06,1
1.4342824e+06,1
1.4341211e+06,1
2.7190522e+06,1
1.277663e+06,1
1.01038506e+06,1
1.0103261e+06,1
1.6352164e+06,1
834996.44,1
688876.5,1
688843.06,1
972695.3,1
532084.6,1
455414.72,1
455379.7,1
573804.25,1
332055.66,1
293206.06,1
293169.44,1
336553.75,1
1.0234401e+17,1
1.0234401e+17,1
1.0234401e+17,1
1.0234401e+17,1
3.0352866e+33,1
3.0352866e+33,1
3.0352866e+33,1
3.0352866e+33,1
1.6535841e+33,1
1.6535849e+33,1
1.6535849e+33,1
1.6535849e+33,1
8.410543e+32,1
8.410543e+32,1
8.410543e+32,1
8.410543e+32,1
4.3242607e+32,1
4.3242607e+32,1
4.3242607e+32,1
4.3242607e+32,1
2.2539998e+32,1
2.396174e+32,1
2.396174e+32,1
2.396174e+32,1
1.538174e+32,1
1.538174e+32,1
1.538174e+32,1
1.0521739e+32,1
1.0521739e+32,1
1.0521739e+32,1
1.2942608e+32,1
7.0434784e+31,1
7.0434784e+31,1
7.0434784e+31,1
7.3280354e+31,1
4.570652e+31,1
4.570652e+31,1
4.570652e+31,1
4.1760785e+31,1
2.8950347e+31,1
2.8950347e+31,1
2.8950347e+31,1
2.3785132e+31,1
1.792313e+31,1
1.792313e+31,1
1.792313e+31,1
1.356739e+31,1
1.0897043e+31,1
1.0897043e+31,1
1.0897043e+31,1
7.722086e+30,1
6.96426e+30,1
6.96426e+30,1
6.96426e+30,1
4.7207828e+30,1
4.6000005e+30,1
4.6000005e+30,1
4.6000005e+30,1
3.008348e+30,1
2.9440003e+30,1
2.9440003e+30,1
2.9440003e+30,1
1.8790435e+30,1
1.9305216e+30,1
1.9305216e+30,1
1.9305216e+30,1
1.3586956e+30,1
1.3586956e+30,1
1.3586956e+30,1
9.955654e+29,1
9.955654e+29,1
9.955654e+29,1
1.1903478e+30,1
7.191646e+29,1
7.191583e+29,1
7.191519e+29,1
7.522227e+29,1
4.963858e+29,1
4.9638056e+29,1
4.9637667e+29,1
4.622697e+29,1
3.3138485e+29,1
3.3138274e+29,1
3.3137847e+29,1
2.7956156e+29,1
2.1480683e+29,1
2.1480602e+29,1
2.1480341e+29,1
1.6690772e+29,1
1.4605272e+29,1
1.4605057e+29,1
1.4605201e+29,1
1.0707821e+29,1
9.932203e+28,1
9.932087e+28,1
9.932144e+28,1
6.9535354e+28,1
4.3218564e+28,1
1.0234412e+17,1
6.331104e+28,1
6.331104e+28,1
6.331056e+28,1
2.9022293e+28,1
4.6950693e+33,1
4.0008163e+28,1
4.0007794e+28,1
4.0007794e+28,1
1.9148246e+28,1
1.0234412e+17,1
1.3233202e+28,1
2.475137e+28,1
2.475137e+28,1
2.475137e+28,1
9.090647e+27,1
1.5049777e+28,1
1.5049777e+28,1
1.5049777e+28,1
6.043165e+27,1
9.0239105e+27,1
9.0239105e+27,1
9.023733e+27,1
3.9014273e+27,1
5.350931e+27,1
5.350931e+27,1
5.350917e+27,1
2.4570274e+27,1
1.0234416e+17,1
3.145416e+27,1
3.1454054e+27,1
3.145416e+27,1
1.5165417e+27,1
1.8364416e+27,1
1.8364416e+27,1
1.8364336e+27,1
9.203388e+26,1
1.12567965e+27,1
1.12567965e+27,1
1.12567965e+27,1
7.593425e+26,1
7.593425e+26,1
7.593425e+26,1
5.4656957e+26,1
5.4656526e+26,1
5.4656957e+26,1
4.09847e+26,1
4.0984327e+26,1
4.0984327e+26,1
5.7975556e+26,1
3.056087e+26,1
3.056087e+26,1
3.0560544e+26,1
2.366129e+26,1
2.366129e+26,1
2.366129e+26,1
1.877382e+26,1
1.8774076e+26,1
1.8774076e+26,1
3.717581e+26,1
1.440679e+26,1
1.4406567e+26,1
1.440679e+26,1
2.3282984e+26,1
1.0631643e+26,1
1.0631451e+26,1
1.0631451e+26,1
1.4295079e+26,1
7.5517613e+25,1
7.5518097e+25,1
7.5517936e+25,1
8.637334e+25,1
5.175007e+25,1
5.1749933e+25,1
5.17498e+25,1
5.1523186e+25,1
3.4325397e+25,1
3.4325286e+25,1
3.4325176e+25,1
3.0445795e+25,1
2.2124213e+25,1
2.2124126e+25,1
2.2124126e+25,1
1.7848674e+25,1
1.3915827e+25,1
1.3915757e+25,1
1.3915617e+25,1
1.0399319e+25,1
9.002901e+24,1
9.002901e+24,1
9.002845e+24,1
6.297454e+24,1
6.2974083e+24,1
6.297361e+24,1
4.623109e+24,1
4.623109e+24,1
4.6230685e+24,1
6.3623005e+24,1
3.2891816e+24,1
3.289215e+24,1
3.2891816e+24,1
3.834892e+24,1
2.2573615e+24,1
2.2573615e+24,1
2.2573333e+24,1
2.2834677e+24,1
1.4992405e+24,1
1.4992405e+24,1
1.4992405e+24,1
1.06618556e+24,1
1.06618556e+24,1
1.0661662e+24,1
1.3416842e+24,1
7.324586e+23,1
7.3244426e+23,1
7.3244426e+23,1
7.857031e+23,1
4.8692725e+23,1
4.8691817e+23,1
4.8691817e+23,1
4.5756594e+23,1
3.144611e+23,1
3.144548e+23,1
3.144527e+23,1
2.6522887e+23,1
1.9811187e+23,1
1.981069e+23,1
1.9810857e+23,1
1.5318832e+23,1
1.2832949e+23,1
1.2832749e+23,1
1.2832749e+23,1
8.983997e+22,1
8.983885e+22,1
8.983885e+22,1
6.599399e+22,1
6.599351e+22,1
6.5993033e+22,1
9.315299e+22,1
4.6981178e+22,1
4.6980768e+22,1
4.6979966e+22,1
5.5877575e+22,1
3.2258325e+22,1
3.2258991e+22,1
3.2258658e+22,1
3.312425e+22,1
1.9791521e+22,1
2.1435551e+22,1
2.1435279e+22,1
2.1435006e+22,1
1.2971056e+22,1
1.3837668e+22,1
1.3837448e+22,1
1.3837448e+22,1
8.27755e+21,1
8.714967e+21,1
8.714967e+21,1
8.7147935e+21,1
5.1595095e+21,1
5.376925e+21,1
5.3768425e+21,1
5.3768155e+21,1
3.1585883e+21,1
3.2620048e+21,1
3.261962e+21,1
3.261952e+21,1
1.9036044e+21,1
2.054859e+21,1
2.0548333e+21,1
1.412084e+21,1
1.412063e+21,1
2.054825e+21,1
1.412063e+21,1
1.0233749e+21,1
1.02336294e+21,1
1.02336294e+21,1
1.193796e+21,1
7.1944526e+20,1
7.194402e+20,1
7.194402e+20,1
7.336969e+20,1
4.8834776e+20,1
4.8835187e+20,1
4.8834776e+20,1
4.4388368e+20,1
3.2119127e+20,1
3.2119127e+20,1
3.2119127e+20,1
2.6508226e+20,1
2.0551964e+20,1
2.0551964e+20,1
2.0551964e+20,1
1.5668959e+20,1
1.2847941e+20,1
1.2847941e+20,1
1.2847941e+20,1
9.1878165e+19,1
7.878613e+19,1
7.878587e+19,1
7.878557e+19,1
5.354084e+19,1
4.7562648e+19,1
4.756253e+19,1
4.7562384e+19,1
3.1051253e+19,1
2.98544e+19,1
2.9854237e+19,1
2.985413e+19,1
2.0467473e+19,1
2.046736e+19,1
2.0467253e+19,1
1.4807876e+19,1
1.4808015e+19,1
1.4807941e+19,1
1.8935077e+19,1
1.0393413e+19,1
1.0393492e+19,1
1.039345e+19,1
1.1383215e+19,1
7.044415e+18,1
7.044392e+18,1
7.0443703e+18,1
6.760962e+18,1
4.627149e+18,1
4.627125e+18,1
4.627136e+18,1
3.9811452e+18,1
2.9573834e+18,1
2.957366e+18,1
2.9573405e+18,1
2.3260196e+18,1
1.8469793e+18,1
1.8469708e+18,1
1.8469577e+18,1
1.3524289e+18,1
1.13164046e+18,1
1.1316362e+18,1
1.13162994e+18,1
7.825107e+17,1
6.826826e+17,1
6.826875e+17,1
6.826856e+17,1
4.5159873e+17,1
4.2835344e+17,1
4.283559e+17,1
4.2835485e+17,1
2.9360108e+17,1
2.9360056e+17,1
2.9359946e+17,1
2.1238454e+17,1
2.1238417e+17,1
2.1238234e+17,1
2.7445624e+17,1
1.4904787e+17,1
1.4904767e+17,1
1.4904658e+17,1
1.6457354e+17,1
1.010083e+17,1
1.010081e+17,1
1.0100735e+17,1
9.759047e+16,1
6.6340825e+16,1
6.6340554e+16,1
6.6340164e+16,1
5.7368845e+16,1
4.2399664e+16,1
4.239929e+16,1
4.2399097e+16,1
3.3496448e+16,1
2.647881e+16,1
2.6479094e+16,1
2.6478911e+16,1
1.9454815e+16,1
1.622353e+16,1
1.6223371e+16,1
1.6223226e+16,1
1.125352e+16,1
9.787336e+15,1
9.787235e+15,1
9.787164e+15,1
6.4897364e+15,1
6.140265e+15,1
6.140215e+15,1
4.2082323e+15,1
4.2082036e+15,1
6.140161e+15,1
4.2081743e+15,1
3.043939e+15,1
3.04391e+15,1
3.0438914e+15,1
3.9409637e+15,1
2.1359586e+15,1
2.1359366e+15,1
2.1359259e+15,1
2.3619045e+15,1
1.4474479e+15,1
1.4474663e+15,1
1.447454e+15,1
1.4000163e+15,1
9.506077e+14,1
9.505981e+14,1
9.505949e+14,1
8.227135e+14,1
6.0748387e+14,1
6.0747736e+14,1
6.07479e+14,1
4.802123e+14,1
3.793563e+14,1
3.7935956e+14,1
3.7935715e+14,1
2.788498e+14,1
2.3241204e+14,1
2.324109e+14,1
2.3241048e+14,1
1.6127369e+14,1
1.4019889e+14,1
1.4019961e+14,1
1.4019908e+14,1
9.298684e+13,1
8.794397e+13,1
8.7943155e+13,1
8.794325e+13,1
6.0266734e+13,1
6.0266327e+13,1
6.02662e+13,1
4.358801e+13,1
4.358834e+13,1
4.358809e+13,1
5.6469534e+13,1
3.0585406e+13,1
3.0585599e+13,1
3.0585452e+13,1
3.3835666e+13,1
2.072497e+13,1
2.0724876e+13,1
2.072482e+13,1
2.005253e+13,1
1.3610006e+13,1
1.3609953e+13,1
1.3609795e+13,1
1.1775899e+13,1
8.6970865e+12,1
8.697061e+12,1
8.6969675e+12,1
6.8735614e+12,1
5.430913e+12,1
5.430972e+12,1
5.430959e+12,1
3.9914066e+12,1
3.3271697e+12,1
3.3271267e+12,1
3.3271492e+12,1
2.3084317e+12,1
2.0070252e+12,1
2.0069992e+12,1
2.0070096e+12,1
1.3310287e+12,1
1.2589182e+12,1
1.2589105e+12,1
1.2589053e+12,1
8.627229e+11,1
8.6271545e+11,1
8.627184e+11,1
6.2398785e+11,1
6.239852e+11,1
6.239805e+11,1
8.081861e+11,1
4.378509e+11,1
4.378493e+11,1
4.3784585e+11,1
4.84272e+11,1
2.9670084e+11,1
2.9669995e+11,1
2.966974e+11,1
2.870197e+11,1
1.9485252e+11,1
1.9485201e+11,1
1.9485065e+11,1
1.6855132e+11,1
1.2451847e+11,1
1.24519416e+11,1
1.2451916e+11,1
9.839074e+10,1
7.775517e+10,1
7.77547e+10,1
7.775504e+10,1
5.7133597e+10,1
4.763506e+10,1
4.763528e+10,1
4.7635223e+10,1
3.3044302e+10,1
2.873501e+10,1
2.8734634e+10,1
2.8734468e+10,1
1.905394e+10,1
1.8026537e+10,1
1.8026213e+10,1
1.8026295e+10,1
1.2356952e+10,1
1.2357135e+10,1
1.2356997e+10,1
8.93927e+09,1
8.939128e+09,1
8.939098e+09,1
1.1569995e+10,1
6.2732626e+09,1
6.27318e+09,1
6.273163e+09,1
6.9338004e+09,1
4.251351e+09,1
4.2512684e+09,1
4.2512412e+09,1
4.1074166e+09,1
2.7921964e+09,1
2.7921518e+09,1
2.7921326e+09,1
2.4139174e+09,1
1.7844343e+09,1
1.7844116e+09,1
1.7844018e+09,1
1.4083181e+09,1
1.1143674e+09,1
1.1143835e+09,1
1.1143721e+09,1
8.179303e+08,1
6.8278285e+08,1
6.827773e+08,1
6.827749e+08,1
4.728303e+08,1
4.119069e+08,1
4.118983e+08,1
4.1189552e+08,1
2.7272086e+08,1
2.5848059e+08,1
2.5847315e+08,1
2.5847442e+08,1
1.7755466e+08,1
1.7755221e+08,1
1.7755165e+08,1
1.2859274e+08,1
1.28590264e+08,1
1.28589576e+08,1
1.6576238e+08,1
9.027212e+07,1
9.027349e+07,1
9.0272136e+07,1
9.9347224e+07,1
6.1212136e+07,1
6.121108e+07,1
6.121119e+07,1
5.8859024e+07,1
139856.88,1
144070.81,1
143455.81,1
143009.66,1
1.3883875e+10,1
1.3886604e+10,1
1.3885268e+10,1
1.0255586e+10,1
6.6492575e+09,1
3.7876805e+09,1
1.0234483e+17,1
2.1195191e+09,1
4.1270026e+09,1
4.1270164e+09,1
4.1269396e+09,1
2.1454723e+09,1
2.1454898e+09,1
2.1454747e+09,1
1.1752922e+09,1
1.1699212e+09,1
1.1699145e+09,1
1.1699267e+09,1
7.133635e+08,1
6.391966e+08,1
6.3919917e+08,1
6.3919674e+08,1
4.2608653e+08,1
3.5179168e+08,1
3.5178854e+08,1
3.517895e+08,1
2.5152403e+08,1
1.02344844e+17,1
1.5032347e+34,1
1.1694391e+34,1
8.1992606e+33,1
1.1993834e+06,1
5.619365e+33,1
4.034487e+33,1
3.029817e+33,1
2.3498087e+33,1
1.8442698e+33,1
1.486974e+33,1
1.22142615e+33,1
1.02288695e+33,1
7.7971615e+32,1
6.395212e+32,1
5.376456e+32,1
4.6246894e+32,1
4.0177924e+32,1
3.5205123e+32,1
3.1309949e+32,1
2.8019216e+32,1
2.5216572e+32,1
2.2837073e+32,1
2.072659e+32,1
1.8926397e+32,1
1.2165327e+12,1
1.7273442e+32,1
1.5822933e+32,1
1.4565376e+32,1
1.34548695e+32,1
1.2452058e+32,1
1.1561615e+32,1
1.0761557e+32,1
1.0049407e+32,1
9.386399e+31,1
8.816762e+31,1
8.273459e+31,1
7.787561e+31,1
7.3230967e+31,1
6.8976597e+31,1
6.512533e+31,1
6.150524e+31,1
5.8319017e+31,1
5.528043e+31,1
5.242465e+31,1
4.978322e+31,1
4.7469792e+31,1
4.517704e+31,1
4.318844e+31,1
4.1248317e+31,1
7.240591e+11,1
3.9315423e+31,1
3.762326e+31,1
3.6005991e+31,1
3.4503732e+31,1
3.303023e+31,1
3.1665452e+31,1
3.0500512e+31,1
2.9222356e+31,1
2.8107438e+31,1
2.7041794e+31,1
2.6127827e+31,1
2.5127098e+31,1
1.02344844e+17,1
1.5032347e+34,1
1.170327e+34,1
8.214217e+33,1
2.1785134e+08,1
2.1785155e+08,1
2.1785186e+08,1
4.6475915e+33,1
3.133035e+33,1
1.4872854e+08,1
1.4872917e+08,1
1.4872886e+08,1
1.0789199e+08,1
1.0789281e+08,1
1.0789304e+08,1
2.1351587e+33,1
1.597515e+33,1
8.124017e+07,1
8.1240664e+07,1
8.124052e+07,1
1.6367669e+08,1
5.8502788e+07,1
5.8503316e+07,1
5.8503172e+07,1
1.0139127e+08,1
4.0570972e+07,1
4.0571204e+07,1
4.057101e+07,1
6.175656e+07,1
2.7198478e+07,1
2.7198584e+07,1
2.7198686e+07,1
3.7072804e+07,1
1.769399e+07,1
1.7694044e+07,1
1.7694106e+07,1
2.200273e+07,1
1.1216531e+07,1
1.1216619e+07,1
1.1216589e+07,1
1.2941834e+07,1
6.957662e+06,1
6.957721e+06,1
6.9577045e+06,1
7.556198e+06,1
4.239838e+06,1
4.239785e+06,1
4.3914735e+06,1
3.9387038e+06,1
2.7080748e+06,1
2.707962e+06,1
2.704406e+06,1
1.9392884e+06,1
1.9395622e+06,1
1.9052972e+06,1
1.4342824e+06,1
1.4341211e+06,1
2.7190522e+06,1
1.277663e+06,1
1.01038506e+06,1
1.0103261e+06,1
1.6352164e+06,1
834996.44,1
688876.5,1
688843.06,1
972695.3,1
532084.6,1
455414.72,1
455379.7,1
573804.25,1
332055.66,1
293206.06,1
293169.44,1
336553.75,1
1.0234401e+17,1
1.0234401e+17,1
1.0234401e+17,1
1.0234401e+17,1
3.0352866e+33,1
3.0352866e+33,1
3.0352866e+33,1
3.0352866e+33,1
1.6535841e+33,1
1.6535849e+33,1
1.6535849e+33,1
1.6535849e+33,1
8.410543e+32,1
8.410543e+32,1
8.410543e+32,1
8.410543e+32,1
4.3242607e+32,1
4.3242607e+32,1
4.3242607e+32,1
4.3242607e+32,1
2.2539998e+32,1
2.396174e+32,1
2.396174e+32,1
2.396174e+32,1
1.538174e+32,1
1.538174e+32,1
1.538174e+32,1
1.0521739e+32,1
1.0521739e+32,1
1.0521739e+32,1
1.2942608e+32,1
7.0434784e+31,1
7.0434784e+31,1
7.0434784e+31,1
7.3280354e+31,1
4.570652e+31,1
4.570652e+31,1
4.570652e+31,1
4.1760785e+31,1
2.8950347e+31,1
2.8950347e+31,1
2.8950347e+31,1
2.3785132e+31,1
1.792313e+31,1
1.792313e+31,1
1.792313e+31,1
1.356739e+31,1
1.0897043e+31,1
1.0897043e+31,1
1.0897043e+31,1
7.722086e+30,1
6.96426e+30,1
6.96426e+30,1
6.96426e+30,1
4.7207828e+30,1
4.6000005e+30,1
4.6000005e+30,1
4.6000005e+30,1
3.008348e+30,1
2.9440003e+30,1
2.9440003e+30,1
2.9440003e+30,1
1.8790435e+30,1
1.9305216e+30,1
1.9305216e+30,1
1.9305216e+30,1
1.3586956e+30,1
1.3586956e+30,1
1.3586956e+30,1
9.955654e+29,1
9.955654e+29,1
9.955654e+29,1
1.1903478e+30,1
7.191646e+29,1
7.191583e+29,1
7.191519e+29,1
7.522227e+29,1
4.963858e+29,1
4.9638056e+29,1
4.9637667e+29,1
4.622697e+29,1
3.3138485e+29,1
3.3138274e+29,1
3.3137847e+29,1
2.7956156e+29,1
2.1480683e+29,1
2.1480602e+29,1
2.1480341e+29,1
1.6690772e+29,1
1.4605272e+29,1
1.4605057e+29,1
1.4605201e+29,1
1.0707821e+29,1
9.932203e+28,1
9.932087e+28,1
9.932144e+28,1
6.9535354e+28,1
4.3218564e+28,1
1.0234412e+17,1
6.331104e+28,1
